loan_id,gender,married,dependents,education,self_employed,applicant_income,coapplicant_income,loan_amount,loan_amount_term,credit_history,property_area,loan_status
LP000001,Female,Yes,1,Graduate,No,9082,2251.6,19,300,1.0,Rural,Y
LP000002,Male,No,1,Graduate,No,3217,0.0,9,360,1.0,Rural,Y
LP000003,,No,0,Graduate,Yes,9810,1523.15,14,480,1.0,Rural,Y
LP000004,Male,Yes,0,Not Graduate,No,5636,2499.38,30,84,1.0,Semiurban,Y
LP000005,Male,Yes,0,Graduate,No,5277,0.0,9,120,1.0,Semiurban,Y
LP000006,Female,Yes,0,Graduate,No,5941,2453.85,17,360,0.0,Semiurban,Y
LP000007,Female,No,0,Graduate,No,4650,0.0,10,180,0.0,Urban,N
LP000008,Female,No,3+,Not Graduate,No,2356,0.0,9,360,1.0,Rural,Y
LP000009,Male,No,0,Graduate,No,3835,2606.99,28,360,1.0,Semiurban,Y
LP000010,Male,Yes,0,Graduate,Yes,10418,0.0,17,360,1.0,Semiurban,N
LP000011,Male,Yes,1,Graduate,No,6313,0.0,9,360,,Urban,Y
LP000012,Female,Yes,0,Graduate,No,5885,0.0,18,360,,Urban,Y
LP000013,Male,Yes,0,Not Graduate,No,9458,0.0,16,360,1.0,Rural,Y
LP000014,Female,No,0,Not Graduate,No,5082,0.0,9,120,1.0,Urban,Y
LP000015,Male,Yes,3+,Graduate,Yes,4728,4356.82,16,360,1.0,Urban,Y
LP000016,Male,Yes,0,Not Graduate,No,8658,0.0,15,360,,Semiurban,Y
LP000017,,Yes,1,Graduate,No,14771,0.0,43,240,1.0,Semiurban,Y
LP000018,Male,Yes,2,Not Graduate,No,7946,0.0,20,60,1.0,Urban,Y
LP000019,Female,Yes,0,Graduate,No,4924,0.0,10,360,1.0,Urban,Y
LP000020,Male,Yes,1,Graduate,No,4831,4992.89,19,360,0.0,Rural,N
LP000021,Female,No,0,Not Graduate,No,2861,0.0,9,360,1.0,Rural,N
LP000022,Male,No,0,Not Graduate,No,6028,0.0,24,180,1.0,Semiurban,Y
LP000023,Female,No,0,Graduate,No,13065,1589.44,38,180,1.0,Rural,Y
LP000024,Female,Yes,3+,Graduate,Yes,5116,0.0,20,360,1.0,Urban,Y
LP000025,Female,Yes,0,Not Graduate,No,3829,11391.04,68,120,1.0,Semiurban,Y
LP000026,Male,Yes,0,Graduate,No,11871,0.0,32,480,1.0,Semiurban,Y
LP000027,Male,Yes,3+,Graduate,No,6587,3222.34,41,360,0.0,Rural,N
LP000028,Male,Yes,0,Graduate,No,16544,0.0,26,360,0.0,Rural,N
LP000029,Male,Yes,2,Graduate,No,7296,3121.23,21,300,1.0,Urban,Y
LP000030,Male,Yes,1,Graduate,No,12703,0.0,41,360,1.0,Urban,Y
LP000031,Female,Yes,1,Not Graduate,No,6683,0.0,12,360,1.0,Rural,Y
LP000032,Female,No,2,Graduate,No,9011,0.0,27,360,,Urban,Y
LP000033,Male,Yes,1,Graduate,No,7219,0.0,29,360,1.0,Semiurban,Y
LP000034,Male,Yes,0,Graduate,No,7396,0.0,32,360,1.0,Semiurban,Y
LP000035,Male,Yes,3+,Not Graduate,No,7619,3050.46,30,84,0.0,Urban,N
LP000036,Male,Yes,3+,Graduate,No,10733,0.0,38,480,1.0,Semiurban,Y
LP000037,Male,No,2,Not Graduate,No,7538,0.0,23,36,1.0,Semiurban,Y
LP000038,Male,Yes,1,Graduate,No,4501,0.0,11,360,1.0,Rural,Y
LP000039,Male,No,0,Graduate,No,8036,0.0,18,360,1.0,Urban,N
LP000040,Male,No,0,Not Graduate,No,4114,0.0,12,360,1.0,Urban,Y
LP000041,Male,Yes,0,Graduate,No,6342,4525.02,24,360,1.0,Urban,Y
LP000042,Female,Yes,0,Not Graduate,Yes,6967,0.0,25,360,1.0,Urban,N
LP000043,Male,,1,Graduate,No,16412,0.0,23,84,0.0,Semiurban,Y
LP000044,Male,Yes,1,Graduate,Yes,7075,4742.95,41,240,1.0,Semiurban,Y
LP000045,Female,Yes,0,Graduate,No,18054,0.0,50,84,1.0,Urban,Y
LP000046,Female,No,,Not Graduate,No,2544,0.0,9,360,0.0,Rural,N
LP000047,Male,Yes,1,Graduate,No,13091,0.0,51,120,1.0,Urban,Y
LP000048,Male,No,0,Graduate,No,8664,1544.91,29,360,,Semiurban,Y
LP000049,Male,Yes,3+,Graduate,No,8369,0.0,29,120,0.0,Rural,N
LP000050,Male,,1,Not Graduate,No,12069,1640.53,19,360,,Semiurban,Y
LP000051,Male,Yes,0,Not Graduate,No,4654,2879.24,11,360,1.0,Urban,Y
LP000052,Male,Yes,0,Not Graduate,No,11878,0.0,48,360,1.0,Rural,Y
LP000053,Female,Yes,1,Graduate,No,6337,0.0,16,360,1.0,Semiurban,Y
LP000054,Male,Yes,0,Graduate,Yes,6143,0.0,12,360,1.0,Urban,Y
LP000055,Male,No,2,Not Graduate,No,3017,0.0,9,360,1.0,Urban,Y
LP000056,Female,Yes,0,Not Graduate,Yes,13223,2309.96,35,240,1.0,Rural,Y
LP000057,Male,Yes,0,Not Graduate,No,11047,0.0,48,360,1.0,Urban,Y
LP000058,Male,Yes,0,Not Graduate,No,4989,3837.07,14,360,1.0,Rural,Y
LP000059,Male,Yes,1,Not Graduate,,8117,2836.43,31,180,,Urban,Y
LP000060,Male,Yes,3+,Graduate,No,8102,3127.82,24,300,1.0,Urban,Y
LP000061,Male,Yes,2,Graduate,No,6776,0.0,10,360,1.0,Rural,Y
LP000062,Male,Yes,0,Not Graduate,Yes,10067,0.0,34,360,1.0,Rural,Y
LP000063,Male,Yes,2,Graduate,Yes,6177,0.0,9,360,1.0,Urban,Y
LP000064,Female,Yes,0,Graduate,Yes,3319,0.0,9,300,0.0,Urban,N
LP000065,Male,No,1,Graduate,No,8043,2324.72,28,360,1.0,Rural,Y
LP000066,Male,Yes,3+,Graduate,,7915,3181.04,27,12,1.0,Semiurban,Y
LP000067,Male,Yes,,Not Graduate,No,4742,0.0,19,300,1.0,Semiurban,Y
LP000068,Male,Yes,3+,Not Graduate,No,4177,0.0,13,360,1.0,Urban,Y
LP000069,,Yes,0,Graduate,No,4728,0.0,9,180,1.0,Rural,Y
LP000070,Male,Yes,0,Graduate,Yes,6753,1329.35,12,300,1.0,Urban,Y
LP000071,Male,Yes,0,Graduate,No,5706,0.0,17,12,1.0,Urban,Y
LP000072,Male,Yes,3+,Not Graduate,No,10066,0.0,18,36,0.0,Urban,Y
LP000073,Female,Yes,0,Graduate,No,8700,0.0,14,120,1.0,Urban,Y
LP000074,Male,Yes,2,Graduate,No,6474,2637.81,40,120,1.0,Semiurban,Y
LP000075,Male,No,0,Graduate,No,9025,2510.81,40,360,1.0,Semiurban,Y
LP000076,Male,Yes,2,Graduate,No,7407,0.0,15,360,1.0,Semiurban,Y
LP000077,Male,Yes,0,Graduate,No,6981,3545.15,11,84,1.0,Semiurban,Y
LP000078,Male,Yes,0,Graduate,No,7555,0.0,28,360,1.0,Urban,Y
LP000079,Male,,1,Graduate,Yes,17025,0.0,51,360,1.0,Rural,Y
LP000080,Female,No,1,Graduate,Yes,8733,0.0,18,180,1.0,Semiurban,Y
LP000081,Male,Yes,0,Graduate,No,6908,1846.58,24,300,1.0,Urban,Y
LP000082,Male,Yes,0,Graduate,No,11202,0.0,46,180,1.0,Urban,Y
LP000083,Female,Yes,0,Graduate,No,10222,3671.08,16,360,1.0,Semiurban,Y
LP000084,Male,Yes,3+,Graduate,No,8543,0.0,30,360,1.0,Rural,Y
LP000085,Male,No,,Graduate,No,6335,2008.06,33,300,1.0,Semiurban,Y
LP000086,Male,Yes,2,Not Graduate,No,5178,2868.16,22,60,1.0,Rural,Y
LP000087,Female,No,1,Graduate,No,4078,0.0,17,180,1.0,Urban,Y
LP000088,Male,Yes,2,Graduate,No,8276,1731.33,18,360,1.0,Rural,Y
LP000089,Male,No,0,Graduate,No,5708,0.0,20,84,1.0,Urban,Y
LP000090,Male,Yes,0,Graduate,No,6581,0.0,16,360,1.0,Urban,Y
LP000091,Male,Yes,1,Graduate,No,9946,0.0,23,360,1.0,Semiurban,Y
LP000092,Male,No,0,Graduate,No,15825,0.0,51,360,1.0,Urban,Y
LP000093,,Yes,0,Graduate,No,8951,1808.13,33,120,1.0,Semiurban,Y
LP000094,Male,Yes,1,Not Graduate,Yes,5914,0.0,13,360,1.0,Urban,Y
LP000095,Male,No,2,Graduate,No,7159,2081.68,21,360,1.0,Rural,Y
LP000096,Male,Yes,1,Not Graduate,Yes,11028,0.0,29,360,1.0,Rural,Y
LP000097,Male,No,0,Graduate,No,8501,0.0,38,360,,Semiurban,Y
LP000098,Male,Yes,3+,Graduate,No,8320,0.0,31,360,1.0,Semiurban,Y
LP000099,Male,No,0,Not Graduate,Yes,6560,5105.54,26,120,1.0,Urban,Y
LP000100,Female,No,0,Graduate,No,3585,3485.2,16,360,1.0,Rural,Y
LP000101,Female,Yes,3+,Graduate,Yes,8212,0.0,33,360,0.0,Semiurban,N
LP000102,Male,Yes,2,Graduate,No,5706,0.0,21,360,1.0,Semiurban,Y
LP000103,Male,Yes,3+,Graduate,No,9027,0.0,29,360,,Urban,Y
LP000104,,Yes,2,Graduate,No,5161,1851.23,24,360,0.0,Urban,N
LP000105,Female,No,1,Graduate,No,8507,0.0,10,360,1.0,Semiurban,Y
LP000106,Male,Yes,0,Graduate,No,7283,0.0,9,300,1.0,Semiurban,Y
LP000107,Male,Yes,0,Graduate,No,5272,2484.29,16,180,1.0,Rural,Y
LP000108,Male,Yes,3+,Graduate,No,6928,0.0,18,360,1.0,Rural,Y
LP000109,Male,Yes,2,Graduate,No,21263,0.0,74,360,1.0,Semiurban,Y
LP000110,Female,No,0,Not Graduate,Yes,1500,0.0,9,360,1.0,Semiurban,Y
LP000111,Male,Yes,0,Graduate,No,8230,1605.07,40,360,1.0,Rural,Y
LP000112,Male,Yes,0,Graduate,No,5480,6244.17,22,360,1.0,Urban,N
LP000113,Male,No,0,Not Graduate,No,12027,2396.66,52,120,1.0,Semiurban,Y
LP000114,Male,No,2,Not Graduate,No,8820,0.0,39,360,1.0,Semiurban,Y
LP000115,Male,Yes,0,Graduate,No,8294,0.0,14,360,1.0,Urban,Y
LP000116,Female,No,0,Graduate,No,10022,0.0,12,12,0.0,Urban,N
LP000117,Female,Yes,3+,Graduate,No,7691,0.0,31,180,1.0,Semiurban,Y
LP000118,Male,No,0,Not Graduate,Yes,5732,4338.47,14,180,1.0,Semiurban,N
LP000119,Male,Yes,0,Graduate,No,6231,0.0,21,84,1.0,Urban,Y
LP000120,Male,Yes,0,Graduate,No,6757,4268.15,25,360,1.0,Urban,Y
LP000121,Male,Yes,0,Graduate,No,6520,1238.19,17,360,1.0,Urban,Y
LP000122,Male,Yes,0,Graduate,No,7745,0.0,33,360,0.0,Rural,N
LP000123,Male,Yes,0,Graduate,No,4379,0.0,9,480,1.0,Rural,Y
LP000124,Male,Yes,0,Not Graduate,No,10416,0.0,25,360,1.0,Rural,Y
LP000125,Male,Yes,0,Graduate,No,18605,1534.59,21,360,1.0,Rural,Y
LP000126,Male,,0,Graduate,No,6592,0.0,10,180,1.0,Urban,Y
LP000127,Male,Yes,0,Not Graduate,No,11246,0.0,25,240,1.0,Urban,Y
LP000128,Male,Yes,3+,Graduate,No,7334,0.0,24,360,1.0,Semiurban,Y
LP000129,Male,No,0,Graduate,Yes,5724,0.0,9,360,1.0,Semiurban,Y
LP000130,Male,No,0,Graduate,Yes,6208,6062.77,27,360,1.0,Rural,N
LP000131,Male,Yes,2,Not Graduate,No,6474,2077.34,19,360,1.0,Urban,Y
LP000132,Female,Yes,,Graduate,No,5188,0.0,19,300,1.0,Rural,Y
LP000133,Male,Yes,0,Not Graduate,No,8370,906.81,18,300,1.0,Urban,Y
LP000134,Male,Yes,2,Graduate,No,6399,0.0,26,360,1.0,Semiurban,Y
LP000135,Male,No,0,Graduate,No,4881,0.0,21,360,1.0,Rural,Y
LP000136,Male,Yes,0,Graduate,No,7656,0.0,13,300,1.0,Semiurban,Y
LP000137,Female,Yes,1,Graduate,Yes,5241,0.0,12,360,1.0,Rural,Y
LP000138,Male,Yes,1,Graduate,Yes,6838,0.0,24,360,1.0,Rural,Y
LP000139,Female,Yes,0,Graduate,No,6757,0.0,13,360,0.0,Rural,N
LP000140,Male,No,,Graduate,No,4499,1492.05,23,360,1.0,Rural,Y
LP000141,Male,Yes,0,Graduate,No,14593,3172.32,78,360,1.0,Semiurban,Y
LP000142,Male,Yes,2,Not Graduate,Yes,9303,2172.1,36,360,1.0,Semiurban,Y
LP000143,Female,Yes,0,Graduate,No,5367,1324.98,10,360,0.0,Rural,N
LP000144,Male,No,0,Graduate,No,7158,0.0,9,360,1.0,Semiurban,Y
LP000145,Male,Yes,0,Graduate,,9997,0.0,24,360,1.0,Semiurban,Y
LP000146,Male,No,3+,Graduate,No,7870,0.0,14,360,1.0,Semiurban,Y
LP000147,Male,No,0,Not Graduate,No,15982,2870.91,69,360,,Urban,Y
LP000148,Male,Yes,0,Not Graduate,No,5559,1525.87,18,360,1.0,Semiurban,N
LP000149,Male,No,0,Graduate,Yes,12330,0.0,39,360,1.0,Rural,N
LP000150,Male,Yes,1,Not Graduate,No,3506,2308.67,18,360,1.0,Urban,Y
LP000151,Female,No,0,Graduate,No,3919,0.0,9,180,1.0,Urban,Y
LP000152,Female,Yes,,Not Graduate,No,14003,0.0,48,180,1.0,Urban,Y
LP000153,Male,Yes,0,Not Graduate,No,5092,0.0,19,60,0.0,Semiurban,N
LP000154,Male,Yes,0,Graduate,No,5239,6925.84,32,360,1.0,Urban,Y
LP000155,,Yes,0,Graduate,No,7576,2404.54,30,120,1.0,Semiurban,Y
LP000156,Male,Yes,,Not Graduate,No,11792,0.0,17,360,1.0,Urban,Y
LP000157,Male,Yes,0,Graduate,Yes,5908,0.0,19,120,1.0,Urban,Y
LP000158,Male,Yes,2,Graduate,No,7593,0.0,32,84,,Urban,N
LP000159,Female,Yes,0,Graduate,No,3615,4701.77,29,360,1.0,Urban,Y
LP000160,Female,Yes,2,Graduate,No,5709,0.0,9,360,0.0,Rural,N
LP000161,Male,No,,Graduate,No,11240,0.0,23,300,1.0,Rural,Y
LP000162,Female,No,0,Graduate,Yes,4569,2229.53,29,360,0.0,Rural,N
LP000163,Male,Yes,0,Graduate,No,5091,0.0,16,36,1.0,Rural,Y
LP000164,Male,Yes,0,Graduate,No,5885,0.0,12,360,1.0,Urban,Y
LP000165,Male,Yes,0,Graduate,No,6209,1421.07,23,120,1.0,Rural,Y
LP000166,Male,No,3+,Graduate,No,10076,1038.12,17,300,1.0,Semiurban,Y
LP000167,Female,Yes,3+,Graduate,Yes,8172,5481.47,57,36,1.0,Rural,Y
LP000168,Female,No,2,Graduate,No,8431,0.0,19,60,1.0,Semiurban,Y
LP000169,Male,Yes,2,Graduate,No,7799,0.0,13,360,1.0,Semiurban,Y
LP000170,Female,Yes,0,Graduate,,5388,0.0,9,360,1.0,Urban,Y
LP000171,Male,No,0,Graduate,No,5384,0.0,9,180,1.0,Urban,Y
LP000172,Male,Yes,0,Graduate,No,9170,2730.59,38,360,1.0,Semiurban,Y
LP000173,Male,No,2,Graduate,No,15051,1957.39,57,360,0.0,Semiurban,N
LP000174,Female,Yes,0,Not Graduate,No,3294,0.0,,300,1.0,Rural,Y
LP000175,Male,Yes,0,Graduate,No,5468,0.0,11,360,1.0,Urban,Y
LP000176,Male,Yes,1,Not Graduate,No,3786,0.0,14,300,1.0,Semiurban,Y
LP000177,Male,,0,Graduate,No,10894,1497.46,48,360,1.0,Semiurban,Y
LP000178,Female,Yes,1,Graduate,No,6792,0.0,21,360,1.0,Urban,Y
LP000179,Female,Yes,0,Graduate,No,8858,4664.16,42,120,1.0,Urban,Y
LP000180,Female,Yes,1,Graduate,No,5623,0.0,9,180,1.0,Semiurban,Y
LP000181,Female,No,2,Graduate,Yes,8621,8221.56,67,300,1.0,Semiurban,Y
LP000182,Female,Yes,1,Not Graduate,No,4635,2210.08,9,360,0.0,Urban,N
LP000183,Male,Yes,0,Not Graduate,No,3245,0.0,12,360,1.0,Urban,Y
LP000184,Male,No,0,Graduate,No,10850,0.0,26,360,1.0,Urban,Y
LP000185,Female,Yes,0,Not Graduate,Yes,5309,1688.99,9,240,0.0,Rural,N
LP000186,Male,No,0,Graduate,No,6379,3318.34,11,300,1.0,Rural,Y
LP000187,Male,Yes,1,Graduate,Yes,8618,0.0,38,36,1.0,Urban,Y
LP000188,Male,Yes,0,Not Graduate,No,3366,0.0,10,360,1.0,Semiurban,Y
LP000189,Female,No,0,Graduate,No,7864,2866.73,27,360,1.0,Rural,Y
LP000190,Male,Yes,0,Graduate,No,6237,6997.38,56,360,1.0,Urban,Y
LP000191,Female,Yes,3+,Graduate,No,6475,0.0,16,360,,Urban,Y
LP000192,Male,No,0,Graduate,No,12035,2344.72,57,120,,Urban,Y
LP000193,Male,Yes,0,Graduate,No,10025,1902.96,47,360,1.0,Urban,N
LP000194,Female,No,0,Graduate,No,5921,1279.69,26,360,1.0,Rural,Y
LP000195,Male,No,0,Graduate,No,6925,0.0,9,180,1.0,Rural,Y
LP000196,Male,No,3+,Graduate,No,3357,0.0,14,360,0.0,Semiurban,N
LP000197,Male,Yes,0,Not Graduate,No,4301,0.0,13,360,1.0,Semiurban,Y
LP000198,Female,Yes,1,Graduate,Yes,7433,0.0,18,360,,Rural,Y
LP000199,Male,No,1,Graduate,No,5407,0.0,19,360,0.0,Urban,N
LP000200,Male,Yes,2,Graduate,No,5017,1268.39,9,180,1.0,Urban,Y
LP000201,Female,Yes,1,Graduate,No,8555,0.0,13,360,1.0,Urban,Y
LP000202,Female,Yes,2,Graduate,No,12762,2411.59,51,360,1.0,Rural,Y
LP000203,Male,Yes,0,Graduate,No,5988,0.0,19,360,0.0,Rural,N
LP000204,Male,Yes,0,Not Graduate,No,9608,1209.86,30,180,1.0,Semiurban,Y
LP000205,Male,Yes,1,Graduate,No,10392,0.0,34,300,1.0,Rural,Y
LP000206,Male,Yes,0,Graduate,No,5535,0.0,23,360,1.0,Urban,Y
LP000207,Male,Yes,0,Graduate,No,5976,0.0,,360,1.0,Semiurban,Y
LP000208,Male,No,0,Not Graduate,No,15299,0.0,33,360,1.0,Rural,Y
LP000209,Male,Yes,0,Graduate,No,5314,0.0,10,360,1.0,Rural,N
LP000210,Male,Yes,0,Graduate,No,6210,0.0,26,360,1.0,Semiurban,Y
LP000211,Male,Yes,0,Graduate,No,18785,1518.64,33,360,1.0,Urban,Y
LP000212,Male,Yes,0,Graduate,No,6293,0.0,14,300,1.0,Rural,Y
LP000213,Male,No,0,Graduate,Yes,13367,1881.26,63,360,1.0,Semiurban,Y
LP000214,Female,No,0,Graduate,No,4161,0.0,13,360,1.0,Urban,Y
LP000215,Male,Yes,1,Graduate,No,8139,1437.83,,360,1.0,Urban,N
LP000216,Female,Yes,0,Graduate,No,11429,0.0,49,360,1.0,Urban,Y
LP000217,Male,Yes,1,Graduate,No,6512,0.0,9,360,0.0,Semiurban,N
LP000218,Male,Yes,0,Graduate,No,8017,3035.59,31,36,1.0,Semiurban,Y
LP000219,Female,Yes,0,Graduate,No,9682,0.0,17,180,1.0,Urban,Y
LP000220,Male,Yes,1,Graduate,No,5660,0.0,18,300,1.0,Urban,Y
LP000221,Male,Yes,2,Graduate,Yes,21648,0.0,43,360,1.0,Semiurban,Y
LP000222,Male,Yes,1,Graduate,No,11960,1586.43,52,360,1.0,Semiurban,Y
LP000223,Male,Yes,1,Graduate,No,6766,0.0,20,360,0.0,Urban,N
LP000224,Female,Yes,1,Graduate,No,6268,4043.8,21,360,1.0,Urban,Y
LP000225,Male,Yes,1,Graduate,No,18275,0.0,,360,1.0,Rural,Y
LP000226,Female,Yes,1,Graduate,No,5972,0.0,22,360,1.0,Rural,Y
LP000227,Male,Yes,1,Graduate,No,6502,1116.58,20,360,1.0,Semiurban,Y
LP000228,Male,Yes,0,Graduate,No,12576,1262.49,37,360,1.0,Semiurban,Y
LP000229,Male,Yes,0,Graduate,No,4921,2800.33,20,360,0.0,Rural,N
LP000230,Male,Yes,,Graduate,No,7489,1682.65,26,360,1.0,Urban,Y
LP000231,Male,No,,Graduate,Yes,7469,1791.62,37,360,1.0,Rural,Y
LP000232,Male,No,2,Not Graduate,No,4022,0.0,9,360,0.0,Semiurban,N
LP000233,Female,Yes,0,Graduate,No,3921,0.0,9,120,1.0,Semiurban,Y
LP000234,Male,Yes,0,Graduate,No,7922,0.0,28,360,1.0,Semiurban,Y
LP000235,Female,No,2,Graduate,,8927,0.0,39,360,,Urban,Y
LP000236,Female,Yes,0,Not Graduate,No,3770,0.0,9,120,,Rural,N
LP000237,Male,Yes,2,Graduate,No,5221,1635.74,9,360,1.0,Rural,Y
LP000238,Female,Yes,0,Graduate,No,12442,0.0,47,480,,Urban,Y
LP000239,Male,Yes,0,Graduate,No,9547,0.0,41,360,0.0,Semiurban,Y
LP000240,Male,Yes,0,Graduate,No,6755,4687.37,40,300,1.0,Rural,Y
LP000241,Female,Yes,0,Graduate,No,10539,1125.67,34,12,0.0,Rural,N
LP000242,Female,Yes,0,Not Graduate,No,6181,0.0,11,36,1.0,Semiurban,N
LP000243,Male,Yes,0,Graduate,Yes,17179,1583.46,81,360,,Urban,Y
LP000244,Male,Yes,0,Not Graduate,No,8620,7233.91,55,360,1.0,Semiurban,Y
LP000245,Male,Yes,0,Not Graduate,No,3434,0.0,11,360,1.0,Urban,Y
LP000246,Female,No,2,Not Graduate,Yes,3310,0.0,13,180,1.0,Rural,Y
LP000247,Male,Yes,0,Not Graduate,No,4706,0.0,19,360,1.0,Rural,Y
LP000248,Male,Yes,0,Graduate,No,8717,0.0,11,360,0.0,Rural,N
LP000249,Male,Yes,0,Graduate,Yes,6896,1980.35,9,360,,Urban,Y
LP000250,Male,No,3+,Graduate,No,4798,0.0,9,360,1.0,Rural,Y
LP000251,Male,Yes,2,Graduate,No,9798,0.0,41,360,,Rural,Y
LP000252,Female,Yes,,Graduate,No,10955,0.0,31,360,1.0,Semiurban,Y
LP000253,Male,Yes,3+,Not Graduate,No,5920,0.0,19,120,1.0,Rural,Y
LP000254,Male,No,0,Graduate,No,7872,0.0,17,360,1.0,Semiurban,Y
LP000255,Male,No,1,Graduate,Yes,5050,0.0,12,60,1.0,Urban,Y
LP000256,Female,No,0,Graduate,Yes,5092,0.0,10,360,1.0,Urban,Y
LP000257,Female,Yes,2,Graduate,No,5681,2515.43,35,360,1.0,Urban,Y
LP000258,Male,Yes,0,Graduate,No,9671,2166.32,28,84,1.0,Urban,Y
LP000259,Male,Yes,,Graduate,No,8530,0.0,33,360,1.0,Semiurban,Y
LP000260,Male,Yes,3+,Graduate,No,6832,2901.27,15,360,1.0,Semiurban,Y
LP000261,Male,No,2,Graduate,No,6237,868.31,14,360,1.0,Urban,N
LP000262,,Yes,3+,Not Graduate,Yes,2009,5894.16,12,360,,Urban,N
LP000263,Male,Yes,0,Graduate,No,15681,0.0,31,360,1.0,Semiurban,Y
LP000264,Male,No,0,Graduate,No,3706,0.0,12,240,1.0,Rural,Y
LP000265,Female,Yes,0,Graduate,No,8330,3394.96,17,360,1.0,Semiurban,Y
LP000266,Male,Yes,0,Graduate,No,7827,0.0,22,120,1.0,Rural,Y
LP000267,Male,Yes,0,Graduate,Yes,6990,5463.88,12,300,1.0,Rural,Y
LP000268,Male,No,0,Graduate,No,7190,0.0,31,360,1.0,Semiurban,Y
LP000269,Male,No,2,Graduate,Yes,5601,6911.17,14,360,1.0,Rural,Y
LP000270,Male,Yes,0,Graduate,No,10071,0.0,36,360,1.0,Semiurban,Y
LP000271,Male,No,1,Graduate,,4534,0.0,18,120,1.0,Rural,Y
LP000272,Male,No,2,Graduate,No,8283,0.0,37,360,0.0,Urban,N
LP000273,Male,No,1,Graduate,Yes,5572,0.0,18,300,1.0,Rural,Y
LP000274,Male,No,0,Graduate,No,6104,743.38,21,360,1.0,Semiurban,Y
LP000275,Male,Yes,0,Graduate,No,6666,1210.19,23,240,1.0,Urban,Y
LP000276,Male,No,0,Not Graduate,Yes,5250,1922.48,26,360,1.0,Rural,Y
LP000277,Male,Yes,2,Graduate,No,9442,0.0,38,360,1.0,Rural,Y
LP000278,Male,No,0,Not Graduate,No,5610,0.0,15,300,1.0,Rural,N
LP000279,Female,Yes,0,Not Graduate,Yes,9102,4919.17,49,360,1.0,Rural,Y
LP000280,Female,No,3+,Not Graduate,No,9199,0.0,40,360,1.0,Rural,Y
LP000281,Male,No,1,Not Graduate,Yes,6715,0.0,9,360,1.0,Semiurban,Y
LP000282,Male,Yes,2,Graduate,No,10202,0.0,31,360,1.0,Rural,Y
LP000283,Male,No,0,Not Graduate,No,17363,0.0,21,360,1.0,Urban,Y
LP000284,Male,Yes,3+,Not Graduate,Yes,3404,0.0,9,60,1.0,Urban,Y
LP000285,Male,Yes,0,Graduate,No,12173,0.0,43,36,1.0,Semiurban,Y
LP000286,Male,Yes,0,Graduate,No,15218,5373.6,48,180,1.0,Semiurban,Y
LP000287,Male,No,2,Not Graduate,No,7175,0.0,9,120,,Semiurban,Y
LP000288,Male,Yes,2,Graduate,No,18204,0.0,71,360,0.0,Rural,N
LP000289,Male,Yes,0,Graduate,No,17046,2232.87,35,180,1.0,Urban,Y
LP000290,Male,Yes,0,Graduate,No,6814,0.0,18,36,1.0,Rural,Y
LP000291,Female,Yes,0,Graduate,No,6203,0.0,9,300,1.0,Semiurban,Y
LP000292,Male,Yes,2,Graduate,No,9557,0.0,42,360,1.0,Rural,Y
LP000293,Female,No,2,Graduate,No,4879,0.0,11,360,0.0,Semiurban,N
LP000294,Male,No,0,Graduate,Yes,27302,0.0,105,360,1.0,Semiurban,Y
LP000295,Female,No,0,Not Graduate,Yes,7889,0.0,,360,0.0,Rural,N
LP000296,Female,Yes,1,Graduate,No,7053,1956.99,20,180,1.0,Semiurban,Y
LP000297,Female,No,1,Graduate,No,3608,0.0,9,360,1.0,Urban,Y
LP000298,Female,Yes,0,Graduate,No,7716,0.0,18,240,1.0,Urban,Y
LP000299,Female,Yes,1,Graduate,No,4412,0.0,17,360,0.0,Urban,N
LP000300,Male,Yes,3+,Not Graduate,No,9053,0.0,30,180,0.0,Semiurban,N
LP000301,Female,Yes,0,Graduate,No,3095,0.0,9,360,1.0,Semiurban,Y
LP000302,Male,Yes,1,Graduate,No,14073,4822.07,54,360,1.0,Semiurban,Y
LP000303,Male,No,1,Not Graduate,No,4610,0.0,12,360,1.0,Rural,Y
LP000304,Male,Yes,0,Graduate,No,4581,3251.01,26,360,1.0,Urban,Y
LP000305,Female,Yes,2,Graduate,No,6866,0.0,25,360,1.0,Urban,Y
LP000306,Male,Yes,1,Graduate,No,7764,0.0,23,36,1.0,Rural,Y
LP000307,Male,No,0,Graduate,No,7028,0.0,28,360,1.0,Rural,Y
LP000308,Male,Yes,0,Not Graduate,No,12546,3981.88,53,360,,Semiurban,N
LP000309,Male,Yes,1,Graduate,No,8976,913.07,21,120,1.0,Rural,N
LP000310,Male,Yes,0,Graduate,No,10724,3162.34,32,120,1.0,Rural,Y
LP000311,Male,Yes,0,Graduate,Yes,7033,0.0,28,300,1.0,Rural,Y
LP000312,Male,Yes,0,Not Graduate,No,7649,0.0,14,360,1.0,Semiurban,Y
LP000313,Male,Yes,1,Graduate,,5041,0.0,9,360,,Urban,Y
LP000314,Male,Yes,3+,Graduate,No,8537,0.0,31,360,1.0,Urban,Y
LP000315,Male,Yes,1,Graduate,No,5918,1132.43,17,12,,Semiurban,Y
LP000316,Male,Yes,2,Graduate,No,13648,1125.76,26,360,1.0,Semiurban,Y
LP000317,Male,Yes,0,Graduate,No,7942,0.0,31,180,1.0,Urban,Y
LP000318,Male,No,0,Graduate,No,9615,1765.37,18,300,1.0,Urban,Y
LP000319,Male,Yes,,Graduate,No,8552,1695.44,36,360,0.0,Rural,N
LP000320,Female,Yes,0,Graduate,No,16527,4446.36,45,360,1.0,Urban,Y
LP000321,Female,Yes,2,Graduate,No,3927,0.0,13,360,,Rural,Y
LP000322,Male,Yes,0,Graduate,No,7390,4146.62,42,360,0.0,Rural,Y
LP000323,Male,No,,Graduate,No,5062,0.0,9,84,0.0,Semiurban,N
LP000324,Male,Yes,1,Graduate,No,4236,0.0,16,84,1.0,Urban,Y
LP000325,Female,Yes,0,Not Graduate,No,3157,0.0,9,180,1.0,Rural,Y
LP000326,Male,Yes,0,Graduate,No,12729,3298.89,64,240,1.0,Semiurban,Y
LP000327,Female,Yes,0,Graduate,Yes,6826,2178.07,9,360,1.0,Urban,Y
LP000328,Male,No,0,Graduate,No,6607,0.0,24,360,1.0,Semiurban,Y
LP000329,Male,Yes,0,Graduate,No,10617,2654.66,59,360,,Urban,Y
LP000330,Male,Yes,2,Graduate,No,8067,0.0,27,360,1.0,Semiurban,Y
LP000331,Female,No,0,Not Graduate,Yes,7101,2110.67,38,300,1.0,Rural,Y
LP000332,Male,No,2,Graduate,No,8265,0.0,20,84,0.0,Semiurban,N
LP000333,Male,Yes,0,Graduate,No,9606,0.0,33,360,1.0,Rural,Y
LP000334,Female,Yes,0,Graduate,No,5752,0.0,17,360,0.0,Semiurban,N
LP000335,Male,Yes,0,Graduate,Yes,12011,0.0,26,360,1.0,Rural,Y
LP000336,Male,No,3+,Graduate,No,4674,2281.13,22,360,0.0,Rural,N
LP000337,Male,No,1,Graduate,No,6967,994.6,18,360,,Urban,Y
LP000338,Female,No,3+,Graduate,No,10991,0.0,47,360,1.0,Rural,Y
LP000339,Male,No,0,Not Graduate,No,5280,0.0,20,360,1.0,Rural,Y
LP000340,Female,Yes,1,Graduate,Yes,5795,2207.47,32,360,1.0,Semiurban,Y
LP000341,Male,Yes,2,Graduate,No,22200,0.0,71,360,1.0,Rural,Y
LP000342,Female,Yes,,Not Graduate,No,12012,864.06,50,360,1.0,Urban,Y
LP000343,Female,No,0,Graduate,No,6850,2531.15,21,360,,Urban,Y
LP000344,Male,Yes,3+,Graduate,No,5545,0.0,18,180,0.0,Urban,N
LP000345,Female,Yes,0,Graduate,No,3449,1252.63,10,360,1.0,Semiurban,Y
LP000346,Female,Yes,2,Not Graduate,No,8019,0.0,24,360,1.0,Urban,Y
LP000347,Female,No,0,Graduate,No,12004,1859.67,17,360,0.0,Urban,N
LP000348,Male,No,0,Graduate,No,8532,0.0,32,480,1.0,Rural,N
LP000349,Male,No,0,Graduate,No,4060,3192.06,17,360,1.0,Semiurban,Y
LP000350,Male,Yes,2,Graduate,Yes,8211,2924.39,49,300,1.0,Rural,Y
LP000351,Male,No,0,Graduate,No,5969,1167.44,28,180,1.0,Urban,Y
LP000352,Male,No,0,Graduate,No,7715,0.0,24,360,1.0,Urban,Y
LP000353,Male,No,0,Not Graduate,No,16573,0.0,31,360,1.0,Rural,Y
LP000354,Male,No,2,Graduate,Yes,10192,5258.2,49,300,0.0,Semiurban,N
LP000355,Male,No,0,Graduate,Yes,9244,0.0,33,360,1.0,Semiurban,Y
LP000356,Male,No,1,Graduate,Yes,7082,2838.07,26,360,,Rural,Y
LP000357,Female,Yes,0,Graduate,No,8302,0.0,25,240,1.0,Urban,Y
LP000358,Female,Yes,1,Graduate,No,5184,0.0,21,36,0.0,Semiurban,N
LP000359,Male,Yes,,Graduate,No,9656,0.0,14,180,1.0,Semiurban,Y
LP000360,Male,No,1,Graduate,No,6676,2329.52,24,360,1.0,Urban,Y
LP000361,Female,Yes,2,Not Graduate,Yes,3500,0.0,14,240,1.0,Rural,Y
LP000362,Male,Yes,0,Graduate,No,10814,0.0,25,36,1.0,Semiurban,Y
LP000363,Male,Yes,0,Graduate,No,4088,556.93,19,360,1.0,Urban,Y
LP000364,Male,No,1,Not Graduate,No,4344,0.0,,360,1.0,Semiurban,Y
LP000365,Male,No,0,Graduate,No,9401,0.0,22,360,1.0,Semiurban,Y
LP000366,Male,No,0,Not Graduate,No,11047,0.0,49,360,1.0,Semiurban,Y
LP000367,Female,Yes,2,Not Graduate,Yes,7022,0.0,11,360,1.0,Rural,Y
LP000368,Male,No,0,Graduate,Yes,5583,0.0,12,360,1.0,Rural,Y
LP000369,Male,No,0,Graduate,,7066,0.0,12,360,1.0,Semiurban,Y
LP000370,Female,Yes,,Graduate,No,7853,0.0,34,360,0.0,Rural,N
LP000371,Female,Yes,0,Not Graduate,No,13035,2322.44,23,360,1.0,Rural,Y
LP000372,Male,No,0,Graduate,Yes,10838,0.0,15,84,1.0,Urban,Y
LP000373,Male,Yes,0,Not Graduate,No,9876,0.0,18,360,1.0,Urban,Y
LP000374,Male,Yes,0,Graduate,No,7911,2439.72,32,360,1.0,Urban,Y
LP000375,,No,1,Graduate,No,4884,1401.78,12,180,1.0,Urban,Y
LP000376,Male,No,2,Graduate,No,4414,998.58,,300,1.0,Semiurban,Y
LP000377,Female,Yes,0,Not Graduate,No,4602,9489.15,40,360,0.0,Semiurban,Y
LP000378,Male,No,0,Graduate,No,9777,0.0,31,360,1.0,Rural,Y
LP000379,Male,Yes,,Graduate,No,6436,3319.8,29,60,1.0,Semiurban,Y
LP000380,Female,No,0,Not Graduate,No,6927,0.0,21,360,1.0,Urban,Y
LP000381,Male,Yes,1,Graduate,No,5850,0.0,19,240,1.0,Rural,N
LP000382,Female,No,1,Graduate,No,4846,0.0,19,360,1.0,Semiurban,Y
LP000383,Female,No,0,Not Graduate,Yes,11439,0.0,38,360,1.0,Urban,Y
LP000384,Male,Yes,2,Not Graduate,No,9086,0.0,,360,0.0,Urban,N
LP000385,Male,Yes,2,Graduate,No,6889,0.0,,360,0.0,Semiurban,N
LP000386,Female,No,0,Graduate,No,4485,0.0,19,360,1.0,Semiurban,Y
LP000387,Male,Yes,1,Graduate,No,11484,1944.93,51,360,,Semiurban,Y
LP000388,Female,Yes,1,Graduate,Yes,10315,0.0,31,360,1.0,Rural,N
LP000389,Male,Yes,0,Graduate,No,10012,0.0,25,360,1.0,Semiurban,Y
LP000390,Female,No,0,Graduate,No,5917,0.0,9,120,1.0,Rural,Y
LP000391,Male,Yes,1,Graduate,,5348,4378.86,43,180,1.0,Rural,Y
LP000392,Male,,3+,Graduate,No,7671,0.0,11,360,1.0,Semiurban,Y
LP000393,Male,No,1,Not Graduate,No,12236,0.0,34,120,0.0,Urban,N
LP000394,Male,Yes,0,Graduate,No,5648,0.0,12,360,1.0,Semiurban,Y
LP000395,Male,Yes,1,Graduate,No,7856,2398.01,21,240,0.0,Semiurban,Y
LP000396,Male,Yes,0,Not Graduate,No,14414,0.0,35,84,1.0,Semiurban,Y
LP000397,,Yes,0,Not Graduate,Yes,4594,1197.02,17,240,0.0,Semiurban,N
LP000398,Male,Yes,,Graduate,No,7352,0.0,9,60,1.0,Semiurban,Y
LP000399,Male,No,3+,Not Graduate,Yes,2985,3271.64,9,180,1.0,Semiurban,Y
LP000400,Male,Yes,2,Graduate,No,9943,0.0,31,360,1.0,Semiurban,Y
LP000401,Male,No,3+,Graduate,No,5451,0.0,19,300,1.0,Semiurban,Y
LP000402,Female,Yes,0,Graduate,No,3933,1845.56,19,360,1.0,Rural,Y
LP000403,Female,Yes,0,Graduate,Yes,4773,374.65,23,360,1.0,Semiurban,Y
LP000404,Male,Yes,1,Graduate,No,8369,0.0,,360,1.0,Rural,Y
LP000405,Female,Yes,0,Graduate,No,3904,0.0,10,360,0.0,Semiurban,N
LP000406,Female,No,0,Not Graduate,No,2139,0.0,9,120,1.0,Semiurban,Y
LP000407,Male,Yes,2,Graduate,No,9674,0.0,16,60,1.0,Rural,Y
LP000408,Female,Yes,1,Graduate,No,6705,0.0,27,360,0.0,Rural,N
LP000409,Male,Yes,1,Graduate,No,5640,6608.77,18,360,1.0,Rural,Y
LP000410,Female,No,0,Graduate,No,5553,1533.59,19,180,0.0,Rural,N
LP000411,Male,Yes,0,Not Graduate,Yes,15245,2157.14,29,360,1.0,Semiurban,Y
LP000412,Male,No,0,Graduate,Yes,12904,2043.11,37,300,1.0,Rural,Y
LP000413,Male,Yes,0,Not Graduate,No,5907,0.0,22,60,1.0,Rural,N
LP000414,Female,Yes,0,Graduate,No,10020,2139.3,41,240,1.0,Rural,Y
LP000415,Male,No,0,Graduate,No,7584,0.0,26,360,1.0,Rural,Y
LP000416,Male,Yes,3+,Graduate,No,4495,1680.49,10,360,,Rural,Y
LP000417,Male,Yes,0,Graduate,No,4322,1917.6,9,360,1.0,Semiurban,Y
LP000418,Female,No,0,Not Graduate,No,2848,714.19,,120,1.0,Semiurban,Y
LP000419,Male,Yes,0,Graduate,No,4709,3794.62,11,84,0.0,Semiurban,N
LP000420,Female,Yes,1,Graduate,No,7784,1391.18,21,240,0.0,Semiurban,N
LP000421,Male,Yes,0,Graduate,No,6333,0.0,25,360,1.0,Urban,Y
LP000422,Male,Yes,0,Graduate,No,9143,1362.58,25,360,1.0,Rural,Y
LP000423,Male,No,0,Graduate,No,8702,0.0,22,360,1.0,Semiurban,Y
LP000424,Male,Yes,0,Graduate,No,10235,0.0,44,180,1.0,Semiurban,Y
LP000425,Male,No,1,Graduate,No,5111,636.65,24,84,1.0,Urban,N
LP000426,Female,Yes,0,Graduate,No,8696,0.0,11,240,1.0,Urban,Y
LP000427,Male,No,0,Not Graduate,No,3570,0.0,14,360,1.0,Semiurban,Y
LP000428,Female,No,2,Graduate,No,9031,2409.43,31,360,1.0,Semiurban,Y
LP000429,Male,No,0,Graduate,No,12535,3857.22,,360,1.0,Urban,Y
LP000430,Female,Yes,1,Not Graduate,Yes,8084,0.0,18,360,0.0,Urban,N
LP000431,Female,Yes,0,Not Graduate,No,4919,2373.25,31,360,1.0,Semiurban,Y
LP000432,Female,Yes,1,Graduate,No,8905,1596.53,39,360,1.0,Urban,Y
LP000433,Male,No,0,Not Graduate,No,2758,0.0,9,360,1.0,Urban,N
LP000434,Female,Yes,0,Not Graduate,No,2210,2548.92,10,360,1.0,Semiurban,Y
LP000435,Male,No,0,Graduate,No,8803,0.0,15,240,1.0,Rural,Y
LP000436,Male,,3+,Graduate,No,13571,0.0,,360,1.0,Rural,Y
LP000437,Male,No,0,Graduate,No,4647,0.0,11,360,1.0,Urban,N
LP000438,Male,Yes,3+,Graduate,No,7759,3953.67,26,240,1.0,Urban,Y
LP000439,Female,No,3+,Not Graduate,,6395,0.0,20,360,0.0,Urban,N
LP000440,Male,Yes,0,Graduate,Yes,6199,0.0,19,360,1.0,Semiurban,Y
LP000441,Female,Yes,0,Graduate,No,6009,0.0,10,360,0.0,Urban,N
LP000442,Male,No,0,Not Graduate,No,7900,0.0,15,360,1.0,Urban,Y
LP000443,Female,No,3+,Graduate,No,6744,0.0,9,120,0.0,Semiurban,N
LP000444,Male,No,1,Graduate,No,7558,0.0,17,360,1.0,Semiurban,Y
LP000445,Male,No,0,Not Graduate,No,3526,0.0,9,360,1.0,Semiurban,Y
LP000446,Male,Yes,0,Graduate,No,7623,0.0,10,480,1.0,Semiurban,Y
LP000447,Female,No,2,Graduate,No,5370,3721.99,11,180,1.0,Rural,Y
LP000448,Male,Yes,0,Graduate,No,6797,1502.49,16,360,1.0,Semiurban,Y
LP000449,Male,Yes,0,Not Graduate,No,4851,0.0,13,360,,Urban,Y
LP000450,Male,Yes,,Graduate,,7634,0.0,33,360,1.0,Semiurban,Y
LP000451,Male,Yes,0,Graduate,No,5719,0.0,,240,1.0,Urban,Y
LP000452,Female,Yes,2,Graduate,No,6950,0.0,16,240,1.0,Urban,Y
LP000453,Male,No,2,Not Graduate,Yes,4748,0.0,13,360,1.0,Semiurban,Y
LP000454,Male,Yes,0,Graduate,No,5609,2831.93,,360,0.0,Urban,N
LP000455,Male,No,0,Graduate,No,3826,0.0,9,360,1.0,Urban,Y
LP000456,Male,Yes,2,Not Graduate,No,9977,1958.41,47,240,1.0,Semiurban,Y
LP000457,Female,Yes,0,Graduate,No,9690,0.0,19,360,1.0,Rural,Y
LP000458,Male,Yes,,Graduate,No,5832,0.0,14,360,1.0,Urban,Y
LP000459,Female,Yes,0,Graduate,No,9398,0.0,39,120,1.0,Semiurban,Y
LP000460,Male,Yes,1,Graduate,No,5457,4056.3,21,240,1.0,Rural,Y
LP000461,Male,No,3+,Graduate,No,6387,0.0,17,360,1.0,Urban,Y
LP000462,Male,Yes,1,Graduate,No,6375,0.0,25,360,1.0,Rural,Y
LP000463,Female,Yes,0,Graduate,No,6160,2858.59,19,60,1.0,Urban,N
LP000464,Male,No,1,Graduate,No,9542,0.0,41,360,1.0,Rural,Y
LP000465,Male,Yes,,Not Graduate,Yes,5161,4112.26,15,360,1.0,Urban,Y
LP000466,Male,No,2,Graduate,No,6308,1444.39,26,360,1.0,Urban,Y
LP000467,Male,No,0,Not Graduate,No,8476,0.0,10,360,1.0,Rural,Y
LP000468,Female,Yes,0,Graduate,No,7100,2209.87,26,360,1.0,Semiurban,Y
LP000469,Male,Yes,0,Graduate,No,6245,3475.31,15,240,1.0,Urban,Y
LP000470,Male,,0,Graduate,Yes,8478,5503.61,44,120,1.0,Rural,Y
LP000471,Male,Yes,,Graduate,No,11715,765.39,,180,1.0,Rural,Y
LP000472,Male,Yes,1,Graduate,No,12060,4759.74,41,360,1.0,Semiurban,Y
LP000473,Male,No,2,Graduate,No,4519,2286.76,28,360,1.0,Urban,Y
LP000474,Male,Yes,2,Not Graduate,No,3587,0.0,14,180,1.0,Urban,Y
LP000475,Male,No,0,Graduate,No,11250,0.0,40,360,1.0,Rural,Y
LP000476,Male,Yes,0,Graduate,No,6936,1383.98,29,360,1.0,Urban,Y
LP000477,Male,Yes,0,Graduate,No,4112,0.0,9,360,1.0,Urban,N
LP000478,Male,Yes,0,Not Graduate,No,4471,1381.4,12,36,1.0,Urban,Y
LP000479,Male,Yes,0,Graduate,No,6576,4733.31,19,360,1.0,Urban,Y
LP000480,Male,No,2,Graduate,No,6374,0.0,15,360,1.0,Semiurban,Y
LP000481,Male,Yes,,Graduate,No,10577,0.0,14,240,0.0,Semiurban,N
LP000482,Male,Yes,0,Graduate,No,5614,796.41,13,240,0.0,Urban,N
LP000483,Male,Yes,2,Graduate,Yes,11415,1179.2,37,240,1.0,Urban,Y
LP000484,Male,Yes,1,Graduate,No,8631,0.0,13,360,1.0,Urban,Y
LP000485,Male,No,0,Graduate,No,4571,0.0,9,300,1.0,Urban,Y
LP000486,Male,No,1,Not Graduate,No,4857,0.0,16,300,,Urban,Y
LP000487,Male,No,0,Graduate,No,8913,0.0,16,360,,Rural,Y
LP000488,Male,Yes,0,Graduate,No,7832,1607.53,25,480,0.0,Urban,N
LP000489,Male,Yes,3+,Graduate,No,8969,0.0,35,360,1.0,Urban,Y
LP000490,Male,No,1,Not Graduate,No,4254,0.0,9,360,,Semiurban,Y
LP000491,Male,Yes,0,Graduate,No,9655,0.0,12,360,1.0,Rural,Y
LP000492,Male,No,0,Graduate,No,6169,1005.53,26,360,1.0,Semiurban,Y
LP000493,Male,Yes,3+,Not Graduate,No,23945,0.0,85,360,1.0,Rural,Y
LP000494,Male,Yes,0,Graduate,No,5026,1869.2,21,480,0.0,Urban,N
LP000495,Female,No,3+,Graduate,No,26304,4453.89,88,360,1.0,Urban,Y
LP000496,Male,Yes,2,Graduate,No,5577,5465.25,40,360,1.0,Urban,Y
LP000497,Male,No,0,Graduate,No,12837,5036.28,39,300,1.0,Urban,Y
LP000498,Male,Yes,1,Graduate,No,10874,2397.47,28,360,1.0,Rural,Y
LP000499,Male,Yes,1,Graduate,,5647,1870.02,24,360,,Semiurban,Y
LP000500,Male,Yes,2,Graduate,No,9842,0.0,15,360,1.0,Rural,Y
LP000501,Female,Yes,0,Graduate,No,5650,0.0,18,360,1.0,Rural,Y
LP000502,Female,Yes,0,Not Graduate,Yes,6295,0.0,25,180,0.0,Rural,N
LP000503,Female,Yes,0,Graduate,Yes,7370,0.0,20,360,1.0,Semiurban,Y
LP000504,Male,Yes,1,Not Graduate,No,5285,3182.17,10,240,1.0,Rural,Y
LP000505,Male,No,2,Graduate,No,6091,0.0,20,300,1.0,Semiurban,Y
LP000506,Female,Yes,2,Not Graduate,No,6530,0.0,,84,1.0,Urban,Y
LP000507,Male,Yes,1,Not Graduate,No,4157,4679.14,14,180,1.0,Semiurban,Y
LP000508,Female,Yes,0,Graduate,No,4922,0.0,15,180,1.0,Rural,Y
LP000509,Male,No,0,Graduate,No,11016,0.0,18,360,0.0,Rural,N
LP000510,Male,Yes,,Graduate,,9155,0.0,35,360,,Semiurban,Y
LP000511,Male,Yes,0,Graduate,No,5043,0.0,9,360,1.0,Rural,Y
LP000512,Female,Yes,2,Graduate,Yes,4691,0.0,15,360,1.0,Semiurban,N
LP000513,Male,Yes,0,Not Graduate,No,2663,0.0,9,360,1.0,Semiurban,Y
LP000514,Male,Yes,0,Graduate,No,11282,0.0,26,360,0.0,Semiurban,N
LP000515,Male,Yes,3+,Graduate,No,10228,3245.26,55,360,1.0,Urban,Y
LP000516,Male,No,0,Graduate,No,4857,6583.07,47,360,1.0,Urban,Y
LP000517,Male,Yes,0,Graduate,No,10057,1647.22,25,360,1.0,Rural,Y
LP000518,Female,Yes,1,Graduate,No,18176,0.0,40,360,1.0,Rural,Y
LP000519,Male,Yes,1,Graduate,No,4751,4868.78,31,240,0.0,Urban,N
LP000520,Female,Yes,3+,Graduate,No,5397,5212.96,21,360,1.0,Urban,Y
LP000521,Female,Yes,3+,Graduate,No,3926,4932.5,18,180,1.0,Urban,Y
LP000522,Male,Yes,2,Graduate,No,11483,0.0,12,360,1.0,Rural,Y
LP000523,Male,Yes,0,Graduate,No,7439,0.0,9,360,0.0,Semiurban,Y
LP000524,Male,No,0,Graduate,No,6170,0.0,20,360,1.0,Semiurban,Y
LP000525,Male,Yes,2,Graduate,No,8433,5907.14,30,120,1.0,Urban,Y
LP000526,Male,No,0,Graduate,No,5818,0.0,9,360,1.0,Urban,Y
LP000527,Female,Yes,3+,Graduate,No,5862,0.0,24,360,1.0,Rural,Y
LP000528,Female,Yes,1,Not Graduate,Yes,6295,0.0,12,360,1.0,Semiurban,N
LP000529,Female,No,0,Graduate,No,4908,0.0,9,360,0.0,Urban,N
LP000530,Male,No,0,Graduate,No,6009,0.0,16,180,1.0,Urban,Y
LP000531,Male,Yes,1,Not Graduate,No,5774,0.0,22,480,0.0,Urban,N
LP000532,Male,No,0,Not Graduate,No,5991,0.0,24,480,1.0,Urban,Y
LP000533,Male,Yes,0,Graduate,No,9851,0.0,20,360,0.0,Urban,N
LP000534,Male,Yes,1,Not Graduate,No,8273,0.0,29,360,1.0,Rural,Y
LP000535,Male,No,0,Graduate,No,4298,2321.29,18,360,1.0,Urban,Y
LP000536,Male,No,0,Graduate,No,13738,1934.64,,84,1.0,Semiurban,Y
LP000537,Male,Yes,1,Graduate,No,7892,3466.2,28,240,1.0,Semiurban,Y
LP000538,Male,Yes,2,Graduate,No,6827,0.0,11,84,1.0,Urban,Y
LP000539,Male,Yes,0,Graduate,No,5657,0.0,21,360,1.0,Semiurban,Y
LP000540,Female,Yes,3+,Not Graduate,Yes,16711,3215.24,57,360,1.0,Rural,Y
LP000541,Female,No,3+,Graduate,Yes,21750,0.0,52,360,,Urban,Y
LP000542,Male,Yes,0,Graduate,No,17858,0.0,60,360,1.0,Rural,Y
LP000543,Female,Yes,0,Graduate,No,7286,8757.6,39,360,1.0,Urban,N
LP000544,Female,Yes,2,Graduate,No,8041,0.0,31,360,1.0,Urban,Y
LP000545,Male,Yes,0,Not Graduate,Yes,13323,0.0,19,360,1.0,Urban,Y
LP000546,Male,Yes,2,Graduate,No,7053,2944.48,11,360,1.0,Semiurban,Y
LP000547,,No,1,Graduate,No,9100,0.0,27,360,1.0,Semiurban,Y
LP000548,Male,,0,Graduate,No,8432,0.0,16,360,1.0,Rural,Y
LP000549,Female,No,0,Graduate,No,17041,0.0,24,360,1.0,Urban,Y
LP000550,Male,Yes,0,Graduate,No,14435,779.22,16,360,1.0,Semiurban,Y
LP000551,Male,Yes,3+,Graduate,Yes,7324,2277.04,35,360,1.0,Urban,Y
LP000552,Male,Yes,0,Graduate,No,15071,2119.04,74,360,1.0,Urban,Y
LP000553,Male,Yes,3+,Graduate,No,7703,0.0,24,360,0.0,Semiurban,N
LP000554,Female,Yes,0,Graduate,No,5542,1227.38,25,360,1.0,Urban,Y
LP000555,Male,No,2,Graduate,No,6441,0.0,25,360,0.0,Semiurban,N
LP000556,Male,,3+,Graduate,No,7669,0.0,29,360,1.0,Semiurban,Y
LP000557,Male,Yes,0,Not Graduate,Yes,4368,0.0,9,36,0.0,Rural,N
LP000558,Male,Yes,0,Graduate,No,6402,0.0,9,360,0.0,Semiurban,N
LP000559,Male,No,2,Graduate,No,4367,2409.32,21,180,1.0,Urban,Y
LP000560,Male,Yes,2,Not Graduate,,4300,2511.66,29,180,0.0,Urban,N
LP000561,Male,No,0,Graduate,No,7957,3126.45,45,240,1.0,Semiurban,Y
LP000562,Male,Yes,0,Not Graduate,No,10484,0.0,10,360,1.0,Urban,Y
LP000563,Female,Yes,2,Graduate,No,10505,0.0,43,360,1.0,Urban,Y
LP000564,Male,Yes,0,Not Graduate,No,7660,1947.37,9,360,1.0,Semiurban,Y
LP000565,Male,No,1,Graduate,No,4263,0.0,12,360,1.0,Semiurban,Y
LP000566,Male,Yes,0,Not Graduate,Yes,4231,1791.27,23,360,1.0,Semiurban,Y
LP000567,Female,No,0,Graduate,No,5865,0.0,14,360,1.0,Urban,Y
LP000568,Male,Yes,2,Graduate,No,11557,0.0,39,360,,Urban,Y
LP000569,Male,Yes,0,Graduate,No,6318,2099.25,15,360,1.0,Urban,Y
LP000570,Male,No,3+,Graduate,No,4664,0.0,20,300,0.0,Urban,N
LP000571,Male,Yes,0,Graduate,No,14519,0.0,16,360,0.0,Rural,N
LP000572,Female,Yes,0,Not Graduate,Yes,3662,0.0,11,360,1.0,Urban,Y
LP000573,Male,Yes,0,Graduate,No,5298,0.0,9,120,0.0,Urban,N
LP000574,Female,No,0,Graduate,No,7133,650.27,9,300,1.0,Rural,Y
LP000575,Female,Yes,2,Graduate,No,6769,0.0,13,300,1.0,Semiurban,Y
LP000576,Male,Yes,,Graduate,Yes,6440,0.0,9,360,1.0,Urban,Y
LP000577,Female,No,2,Not Graduate,No,4915,2651.91,13,360,1.0,Rural,Y
LP000578,Male,No,0,Graduate,No,5119,0.0,9,240,1.0,Semiurban,Y
LP000579,Female,No,0,Graduate,Yes,5115,0.0,21,240,1.0,Rural,Y
LP000580,Male,No,0,Graduate,No,7109,1751.82,10,360,0.0,Rural,N
LP000581,Male,No,2,Graduate,Yes,3748,0.0,11,360,1.0,Semiurban,Y
LP000582,Male,Yes,0,Graduate,No,11517,0.0,38,360,0.0,Urban,N
LP000583,Male,Yes,0,Graduate,No,4956,1082.97,23,240,1.0,Semiurban,Y
LP000584,Male,No,0,Graduate,Yes,5098,0.0,11,360,1.0,Urban,Y
LP000585,Female,No,,Not Graduate,No,8956,3082.55,19,480,1.0,Semiurban,Y
LP000586,Male,No,1,Graduate,No,9215,5414.9,20,180,0.0,Rural,N
LP000587,Male,Yes,1,Graduate,No,7979,0.0,11,360,1.0,Urban,Y
LP000588,Male,Yes,3+,Graduate,No,4563,1004.13,15,360,,Rural,Y
LP000589,Male,Yes,0,Graduate,Yes,6217,0.0,19,180,0.0,Semiurban,N
LP000590,Male,Yes,1,Not Graduate,Yes,5616,3039.27,32,360,1.0,Urban,Y
LP000591,Female,Yes,0,Graduate,No,6509,3914.43,39,360,,Rural,Y
LP000592,Male,No,2,Graduate,No,12048,0.0,47,300,1.0,Semiurban,Y
LP000593,Male,Yes,1,Graduate,No,19061,0.0,29,300,1.0,Semiurban,Y
LP000594,Male,Yes,0,Graduate,No,9907,3904.93,49,84,1.0,Semiurban,Y
LP000595,Male,Yes,2,Graduate,No,6366,0.0,9,360,1.0,Urban,N
LP000596,Male,Yes,0,Graduate,No,12984,4363.57,70,36,1.0,Urban,Y
LP000597,Male,No,0,Graduate,No,5750,0.0,16,360,1.0,Semiurban,Y
LP000598,Male,Yes,0,Graduate,No,3818,0.0,12,180,0.0,Rural,N
LP000599,Female,Yes,0,Graduate,No,4322,0.0,13,360,1.0,Semiurban,Y
LP000600,Male,Yes,2,Graduate,No,3984,0.0,11,360,1.0,Rural,Y
LP000601,Male,Yes,1,Graduate,No,6703,0.0,18,84,1.0,Rural,Y
LP000602,Female,Yes,2,Graduate,No,6416,0.0,27,360,1.0,Urban,Y
LP000603,Female,No,2,Graduate,Yes,3390,0.0,9,360,1.0,Rural,Y
LP000604,Female,No,2,Graduate,No,4444,0.0,,180,,Rural,Y
LP000605,Female,Yes,0,Graduate,No,4088,4356.81,19,360,,Semiurban,Y
LP000606,Female,Yes,0,Graduate,No,6554,0.0,9,360,0.0,Semiurban,Y
LP000607,Female,Yes,0,Graduate,No,4945,0.0,11,360,1.0,Rural,Y
LP000608,Male,Yes,3+,Graduate,No,11808,0.0,18,360,1.0,Rural,Y
LP000609,Female,Yes,3+,Graduate,Yes,7441,0.0,,300,1.0,Rural,Y
LP000610,Male,No,2,Graduate,No,15172,6889.1,28,36,1.0,Semiurban,Y
LP000611,Male,Yes,0,Graduate,No,6541,1695.88,30,360,1.0,Rural,Y
LP000612,Male,No,0,Graduate,No,20094,1866.07,67,360,1.0,Semiurban,N
LP000613,Female,Yes,2,Graduate,No,6922,0.0,9,360,1.0,Rural,Y
LP000614,Female,No,0,Graduate,No,5079,0.0,16,360,1.0,Semiurban,Y
LP000615,Male,Yes,1,Graduate,No,23652,3620.95,118,240,0.0,Rural,Y
LP000616,Female,Yes,0,Graduate,No,3640,908.54,,120,1.0,Rural,Y
LP000617,Female,Yes,0,Not Graduate,No,4027,642.84,10,360,1.0,Semiurban,N
LP000618,Male,No,1,Graduate,No,4109,0.0,16,240,1.0,Rural,Y
LP000619,Male,Yes,3+,Graduate,No,4431,1423.82,9,360,1.0,Semiurban,Y
LP000620,Male,Yes,2,Graduate,No,4221,1787.97,25,180,1.0,Urban,Y
LP000621,Female,Yes,0,Not Graduate,No,7615,0.0,33,36,1.0,Urban,Y
LP000622,Male,Yes,0,Graduate,No,5014,3440.33,19,240,0.0,Semiurban,N
LP000623,Female,Yes,3+,Graduate,No,6218,0.0,16,360,1.0,Urban,Y
LP000624,Male,Yes,1,Graduate,No,11192,0.0,49,300,0.0,Urban,N
LP000625,Female,Yes,0,Graduate,No,8489,2069.13,12,360,1.0,Semiurban,Y
LP000626,Male,Yes,1,Graduate,Yes,9100,0.0,19,360,1.0,Urban,Y
LP000627,Female,No,0,Graduate,Yes,11681,0.0,14,120,1.0,Semiurban,Y
LP000628,Male,No,0,Graduate,No,15208,1067.52,58,360,1.0,Rural,Y
LP000629,Male,Yes,2,Graduate,No,5119,1648.76,22,360,1.0,Urban,Y
LP000630,Female,Yes,1,Graduate,No,8567,647.64,37,360,0.0,Semiurban,Y
LP000631,Female,Yes,0,Graduate,No,6174,2702.27,14,360,0.0,Urban,N
LP000632,Female,Yes,0,Graduate,No,6500,3035.99,27,480,,Rural,N
LP000633,Male,Yes,3+,Graduate,No,4784,0.0,16,360,1.0,Semiurban,Y
LP000634,Male,Yes,1,Not Graduate,No,4871,2290.12,14,360,0.0,Rural,N
LP000635,Male,Yes,1,Graduate,No,6613,0.0,27,360,0.0,Rural,N
LP000636,Male,No,0,Not Graduate,No,12392,0.0,,360,1.0,Rural,Y
LP000637,Male,Yes,3+,Graduate,No,5257,0.0,9,360,1.0,Semiurban,Y
LP000638,Male,No,2,Graduate,Yes,3474,0.0,9,60,1.0,Semiurban,Y
LP000639,Female,Yes,0,Graduate,No,6896,0.0,26,240,1.0,Urban,Y
LP000640,Female,Yes,0,Graduate,No,4312,0.0,15,480,1.0,Semiurban,Y
LP000641,Female,Yes,1,Graduate,No,6519,4320.0,,360,0.0,Semiurban,Y
LP000642,Female,No,2,Graduate,No,8806,779.15,30,60,0.0,Semiurban,N
LP000643,Male,No,2,Graduate,No,6929,3497.17,43,360,,Urban,N
LP000644,Male,Yes,3+,Graduate,No,6594,5987.04,,360,1.0,Semiurban,Y
LP000645,Male,Yes,1,Not Graduate,No,5774,2620.0,35,12,1.0,Semiurban,Y
LP000646,Female,Yes,0,Graduate,Yes,10171,0.0,41,360,1.0,Semiurban,Y
LP000647,Male,Yes,0,Graduate,No,5258,2390.02,20,360,1.0,Semiurban,Y
LP000648,Male,Yes,2,Not Graduate,No,8909,0.0,9,360,1.0,Semiurban,Y
LP000649,Male,Yes,0,Graduate,No,5490,0.0,24,360,0.0,Semiurban,N
LP000650,Male,Yes,0,Graduate,Yes,9853,0.0,26,300,1.0,Semiurban,Y
LP000651,Male,No,1,Graduate,No,4247,0.0,15,360,0.0,Rural,N
LP000652,Female,Yes,0,Graduate,No,8805,0.0,22,360,1.0,Rural,Y
LP000653,Male,Yes,2,Not Graduate,No,5923,5112.78,25,360,1.0,Urban,Y
LP000654,Male,Yes,0,Graduate,No,8007,2282.97,23,300,1.0,Urban,Y
LP000655,Female,Yes,0,Graduate,No,10737,2474.88,29,360,,Semiurban,Y
LP000656,Male,Yes,0,Graduate,No,5802,8936.33,44,360,0.0,Rural,N
LP000657,Female,No,1,Graduate,No,6341,0.0,24,360,1.0,Urban,Y
LP000658,Male,No,2,Not Graduate,No,6695,2220.76,26,120,1.0,Semiurban,Y
LP000659,Male,Yes,0,Graduate,Yes,6907,1398.14,23,360,0.0,Urban,N
LP000660,Male,No,0,Graduate,No,9855,0.0,20,60,1.0,Rural,Y
LP000661,Male,Yes,0,Not Graduate,No,7290,0.0,19,360,1.0,Urban,Y
LP000662,Female,Yes,1,Graduate,No,5470,1520.7,11,240,,Rural,N
LP000663,Male,Yes,3+,Not Graduate,No,11771,1730.55,48,360,1.0,Semiurban,Y
LP000664,Male,Yes,2,Graduate,No,9685,3417.78,49,360,1.0,Rural,Y
LP000665,Male,Yes,0,Graduate,No,5764,0.0,10,360,1.0,Rural,Y
LP000666,Male,No,1,Not Graduate,No,3746,0.0,11,360,1.0,Semiurban,Y
LP000667,Female,Yes,0,Graduate,No,6308,0.0,12,180,1.0,Semiurban,Y
LP000668,Female,No,0,Not Graduate,No,6428,2693.19,40,84,1.0,Semiurban,Y
LP000669,Male,No,0,Graduate,No,3602,0.0,9,84,1.0,Rural,Y
LP000670,Male,No,0,Graduate,No,5340,7121.19,50,360,1.0,Semiurban,Y
LP000671,Male,Yes,0,Not Graduate,No,4775,1933.6,23,360,1.0,Urban,Y
LP000672,Male,No,2,Graduate,Yes,4374,0.0,19,240,1.0,Rural,Y
LP000673,Female,Yes,0,Graduate,No,4662,0.0,16,360,1.0,Urban,Y
LP000674,Male,Yes,2,Graduate,Yes,8136,0.0,25,60,1.0,Rural,Y
LP000675,Male,Yes,3+,Graduate,No,6465,7362.56,36,300,0.0,Urban,N
LP000676,Male,No,1,Graduate,No,6142,0.0,16,360,1.0,Semiurban,Y
LP000677,Female,Yes,0,Not Graduate,No,2649,0.0,9,360,1.0,Rural,Y
LP000678,Male,Yes,2,Graduate,No,7123,1383.65,38,360,1.0,Semiurban,Y
LP000679,Male,No,0,Graduate,No,4293,5890.96,30,360,1.0,Semiurban,Y
LP000680,Male,Yes,0,Graduate,No,14594,0.0,44,360,1.0,Urban,Y
LP000681,Male,No,0,Graduate,No,16288,0.0,26,84,1.0,Urban,Y
LP000682,Male,Yes,2,Graduate,No,6500,0.0,16,240,1.0,Urban,Y
LP000683,Male,Yes,,Graduate,No,5306,2049.66,,360,1.0,Semiurban,Y
LP000684,Male,Yes,2,Not Graduate,No,9507,0.0,16,360,1.0,Semiurban,Y
LP000685,Male,Yes,1,Graduate,Yes,9812,0.0,28,300,1.0,Urban,Y
LP000686,Male,Yes,0,Graduate,No,17936,0.0,33,240,1.0,Semiurban,Y
LP000687,Male,Yes,2,Not Graduate,No,19058,3393.93,74,120,1.0,Rural,Y
LP000688,Female,Yes,2,Graduate,No,3456,1377.69,11,360,1.0,Rural,Y
LP000689,Female,No,0,Graduate,No,11349,0.0,26,360,1.0,Semiurban,Y
LP000690,Male,No,3+,Not Graduate,No,5100,0.0,17,360,0.0,Rural,N
LP000691,Male,Yes,2,Graduate,No,9632,0.0,32,360,1.0,Semiurban,Y
LP000692,Female,Yes,,Graduate,No,9837,1563.88,27,360,1.0,Semiurban,Y
LP000693,Male,Yes,0,Graduate,No,10443,0.0,44,120,1.0,Semiurban,Y
LP000694,Male,No,0,Not Graduate,No,9757,2752.73,26,180,1.0,Rural,Y
LP000695,Female,No,2,Not Graduate,No,3511,0.0,12,240,,Urban,Y
LP000696,Male,Yes,0,Graduate,No,5574,0.0,21,180,0.0,Urban,N
LP000697,Female,Yes,0,Not Graduate,No,10518,0.0,18,360,1.0,Rural,Y
LP000698,Male,No,1,Graduate,No,5213,3802.19,23,360,1.0,Rural,Y
LP000699,Male,No,2,Graduate,No,17315,7660.48,26,300,1.0,Rural,Y
LP000700,Male,Yes,2,Graduate,No,5906,0.0,12,360,1.0,Rural,Y
LP000701,Male,No,2,Not Graduate,No,4710,0.0,9,360,1.0,Semiurban,N
LP000702,Male,Yes,0,Not Graduate,No,5684,0.0,21,360,0.0,Urban,N
LP000703,Male,Yes,0,Graduate,No,4749,0.0,,120,1.0,Rural,Y
LP000704,Female,No,1,Not Graduate,No,1952,6910.81,9,300,1.0,Urban,Y
LP000705,Male,Yes,0,Graduate,No,11294,0.0,12,84,0.0,Urban,N
LP000706,Male,Yes,0,Graduate,No,4551,1728.81,23,360,1.0,Rural,Y
LP000707,,No,3+,Graduate,No,23787,8966.4,49,360,1.0,Urban,Y
LP000708,Female,No,0,Not Graduate,Yes,4644,0.0,15,360,1.0,Urban,Y
LP000709,Male,Yes,1,Graduate,No,5450,0.0,9,360,1.0,Urban,Y
LP000710,Male,Yes,1,Graduate,No,9124,0.0,16,300,,Rural,Y
LP000711,Female,No,2,Not Graduate,No,1500,0.0,9,84,0.0,Rural,N
LP000712,Male,Yes,0,Graduate,No,6823,0.0,23,300,1.0,Urban,Y
LP000713,Female,No,0,Graduate,No,5845,0.0,19,360,1.0,Semiurban,Y
LP000714,Female,No,0,Graduate,No,3799,0.0,16,360,1.0,Rural,Y
LP000715,Female,Yes,1,Graduate,No,5364,2295.05,30,84,1.0,Semiurban,Y
LP000716,Male,Yes,0,Graduate,Yes,15078,0.0,59,84,1.0,Urban,Y
LP000717,Male,No,0,Graduate,No,7785,2492.54,15,360,0.0,Urban,N
LP000718,Male,No,2,Not Graduate,No,7045,0.0,11,360,,Semiurban,Y
LP000719,Male,Yes,0,Graduate,No,5865,2979.32,39,120,1.0,Urban,Y
LP000720,Female,Yes,,Graduate,Yes,4221,0.0,12,360,1.0,Rural,Y
LP000721,Male,No,0,Not Graduate,No,5052,0.0,14,300,1.0,Urban,Y
LP000722,Male,Yes,0,Graduate,No,3924,0.0,10,84,1.0,Rural,Y
LP000723,Male,Yes,0,Not Graduate,No,3845,0.0,13,300,1.0,Semiurban,Y
LP000724,Female,No,0,Graduate,Yes,3818,1809.29,17,360,0.0,Semiurban,N
LP000725,Male,No,3+,Not Graduate,No,2246,1500.88,9,360,1.0,Rural,Y
LP000726,Male,No,3+,Graduate,No,9555,1830.96,15,360,1.0,Urban,Y
LP000727,Male,No,1,Graduate,No,6844,0.0,14,240,1.0,Urban,Y
LP000728,Male,Yes,1,Graduate,No,6188,0.0,25,360,,Semiurban,N
LP000729,Male,No,2,Not Graduate,No,8151,1278.59,22,360,1.0,Rural,Y
LP000730,Male,,2,Not Graduate,No,3132,3767.5,27,360,1.0,Rural,Y
LP000731,Male,Yes,0,Graduate,No,4994,0.0,15,360,1.0,Semiurban,Y
LP000732,Male,No,0,Graduate,,11908,0.0,50,360,0.0,Rural,N
LP000733,Male,No,1,Graduate,No,21618,0.0,88,120,1.0,Urban,Y
LP000734,Male,No,3+,Graduate,No,9709,1782.08,26,300,1.0,Urban,Y
LP000735,Male,Yes,0,Not Graduate,No,7822,0.0,22,120,1.0,Urban,Y
LP000736,Male,No,0,Not Graduate,No,4266,0.0,14,360,1.0,Rural,Y
LP000737,Male,Yes,0,Graduate,No,6314,0.0,9,360,1.0,Semiurban,Y
LP000738,Male,No,0,Not Graduate,No,6432,0.0,10,360,1.0,Semiurban,Y
LP000739,Male,No,1,Graduate,No,13500,2298.6,56,84,0.0,Rural,N
LP000740,Male,Yes,0,Graduate,No,9148,0.0,38,300,1.0,Urban,Y
LP000741,Male,No,3+,Graduate,No,11032,528.79,23,180,1.0,Urban,Y
LP000742,Male,Yes,2,Graduate,No,5636,0.0,13,84,1.0,Urban,Y
LP000743,Female,No,0,Graduate,No,8616,3954.31,51,360,1.0,Urban,Y
LP000744,Male,No,2,Graduate,No,5585,4148.81,18,120,1.0,Semiurban,Y
LP000745,,No,2,Graduate,No,7645,1435.63,38,180,1.0,Urban,Y
LP000746,Male,Yes,0,Graduate,No,9911,4293.05,,360,1.0,Rural,Y
LP000747,Male,Yes,0,Graduate,No,6373,0.0,11,300,1.0,Rural,N
LP000748,Male,No,2,Graduate,No,4969,0.0,9,360,1.0,Rural,Y
LP000749,Female,No,0,Graduate,,7609,0.0,10,480,,Urban,Y
LP000750,Female,No,0,Graduate,No,6032,2268.77,15,360,1.0,Semiurban,Y
LP000751,Male,Yes,0,Graduate,No,8133,0.0,26,180,,Urban,Y
LP000752,Male,Yes,0,Not Graduate,No,8590,0.0,14,360,1.0,Urban,Y
LP000753,Male,No,1,Graduate,Yes,13068,0.0,56,360,1.0,Semiurban,Y
LP000754,Male,No,0,Graduate,No,9617,0.0,21,360,0.0,Semiurban,Y
LP000755,Male,Yes,1,Graduate,No,9562,0.0,26,36,0.0,Semiurban,N
LP000756,Male,Yes,0,Graduate,No,6440,0.0,21,120,0.0,Rural,N
LP000757,Male,Yes,2,Graduate,No,6791,3677.9,15,120,0.0,Urban,N
LP000758,Female,Yes,0,Graduate,No,8455,2950.67,38,300,1.0,Rural,Y
LP000759,Male,Yes,3+,Graduate,No,6752,1752.3,12,360,1.0,Urban,Y
LP000760,Male,Yes,3+,Graduate,Yes,9239,0.0,35,360,1.0,Rural,Y
LP000761,Male,Yes,0,Graduate,Yes,5812,0.0,15,240,1.0,Semiurban,N
LP000762,Male,No,1,Not Graduate,No,16440,2978.2,25,360,,Urban,N
LP000763,,No,0,Graduate,No,7820,0.0,27,240,,Semiurban,Y
LP000764,Male,No,2,Graduate,No,7607,0.0,9,60,1.0,Urban,Y
LP000765,Female,Yes,1,Graduate,Yes,5679,0.0,25,360,1.0,Rural,Y
LP000766,Male,Yes,0,Graduate,No,18287,1947.03,52,180,1.0,Urban,Y
LP000767,Male,Yes,0,Graduate,No,5116,1651.77,15,360,1.0,Rural,Y
LP000768,Male,Yes,0,Not Graduate,Yes,4523,0.0,,360,1.0,Urban,Y
LP000769,Male,Yes,2,Graduate,Yes,11002,4602.95,40,120,1.0,Rural,Y
LP000770,Male,No,2,Graduate,No,7974,0.0,29,180,1.0,Urban,Y
LP000771,Male,No,0,Not Graduate,Yes,4277,0.0,12,180,1.0,Semiurban,Y
LP000772,Male,No,0,Graduate,No,5837,0.0,18,360,1.0,Rural,Y
LP000773,Male,Yes,0,Graduate,No,6927,0.0,9,84,1.0,Urban,Y
LP000774,Female,Yes,1,Graduate,No,7225,5723.92,51,360,0.0,Urban,N
LP000775,,Yes,0,Graduate,No,15283,1240.43,47,300,1.0,Semiurban,Y
LP000776,Female,Yes,0,Not Graduate,No,7566,0.0,21,360,,Semiurban,N
LP000777,Male,No,2,Graduate,No,11381,0.0,21,180,0.0,Rural,N
LP000778,,Yes,0,Not Graduate,No,5087,1752.9,9,360,0.0,Urban,N
LP000779,Female,No,2,Graduate,No,8197,0.0,17,360,1.0,Rural,Y
LP000780,Female,Yes,0,Graduate,No,3933,0.0,15,36,1.0,Rural,Y
LP000781,Male,No,0,Graduate,No,7782,0.0,22,240,1.0,Rural,Y
LP000782,Female,No,1,Graduate,No,6775,0.0,13,360,1.0,Urban,Y
LP000783,Male,Yes,0,Graduate,No,17459,1483.98,58,360,1.0,Urban,Y
LP000784,Male,No,0,Graduate,No,14813,0.0,33,360,1.0,Rural,Y
LP000785,Female,Yes,3+,Graduate,No,6208,2486.52,15,360,0.0,Rural,N
LP000786,Male,No,2,Graduate,No,5310,0.0,19,360,0.0,Semiurban,N
LP000787,Female,No,1,Not Graduate,No,3060,11023.3,22,180,1.0,Rural,Y
LP000788,Male,No,0,Graduate,No,6418,0.0,19,360,0.0,Urban,N
LP000789,Female,No,0,Graduate,No,12232,0.0,43,360,1.0,Rural,Y
LP000790,Male,Yes,0,Not Graduate,No,7604,0.0,9,360,,Semiurban,Y
LP000791,Male,No,3+,Graduate,No,9006,2434.47,39,360,1.0,Rural,Y
LP000792,Male,,2,Not Graduate,No,8796,1560.95,10,360,1.0,Rural,N
LP000793,Male,Yes,0,Not Graduate,No,4006,0.0,15,360,1.0,Semiurban,Y
LP000794,Male,Yes,3+,Graduate,No,6011,1686.1,15,36,1.0,Urban,Y
LP000795,Male,No,0,Graduate,Yes,9015,0.0,13,240,1.0,Rural,Y
LP000796,Male,Yes,0,Graduate,No,5879,0.0,9,360,1.0,Rural,Y
LP000797,Male,Yes,0,Graduate,No,4766,0.0,12,360,1.0,Semiurban,Y
LP000798,Male,No,,Graduate,No,4866,3421.27,16,360,0.0,Rural,N
LP000799,Female,No,3+,Graduate,No,10752,0.0,28,360,1.0,Urban,Y
LP000800,Male,Yes,2,Not Graduate,No,5226,2655.16,31,360,1.0,Semiurban,Y
LP000801,Female,Yes,0,Graduate,Yes,7628,0.0,10,360,1.0,Rural,Y
LP000802,Male,Yes,0,Graduate,No,5445,1558.85,13,360,1.0,Semiurban,Y
LP000803,Female,No,1,Graduate,No,7671,0.0,10,120,,Rural,N
LP000804,Male,Yes,0,Not Graduate,No,5480,0.0,17,360,1.0,Rural,Y
LP000805,Male,Yes,0,Graduate,No,9223,0.0,29,360,1.0,Semiurban,Y
LP000806,Male,No,1,Not Graduate,No,4489,0.0,17,360,0.0,Urban,N
LP000807,Male,No,0,Not Graduate,No,7451,0.0,26,360,1.0,Rural,Y
LP000808,Male,No,0,Graduate,No,5882,6299.97,42,360,1.0,Semiurban,Y
LP000809,Male,Yes,0,Graduate,Yes,7483,0.0,11,360,1.0,Semiurban,Y
LP000810,Female,No,3+,Graduate,No,5675,0.0,21,360,1.0,Semiurban,Y
LP000811,Male,Yes,0,Graduate,No,7792,0.0,9,360,1.0,Urban,Y
LP000812,Male,Yes,1,Graduate,No,8610,1073.06,33,360,1.0,Urban,Y
LP000813,Female,No,0,Graduate,No,5152,0.0,19,360,1.0,Semiurban,Y
LP000814,Male,No,1,Not Graduate,No,5374,0.0,9,360,1.0,Rural,Y
LP000815,Male,Yes,0,Graduate,No,8296,0.0,17,360,1.0,Semiurban,Y
LP000816,Female,No,0,Graduate,No,8164,0.0,15,360,1.0,Urban,Y
LP000817,Female,Yes,2,Graduate,No,6695,0.0,25,360,1.0,Semiurban,Y
LP000818,Male,Yes,1,Graduate,No,5686,1139.53,16,300,0.0,Rural,N
LP000819,Male,Yes,0,Graduate,No,7976,3272.23,25,360,,Urban,Y
LP000820,Male,Yes,0,Graduate,,10148,0.0,27,360,1.0,Semiurban,Y
LP000821,Male,No,3+,Graduate,No,4508,0.0,16,360,1.0,Semiurban,Y
LP000822,Male,No,0,Graduate,Yes,4524,1741.0,20,480,0.0,Semiurban,Y
LP000823,,No,0,Graduate,No,5603,0.0,19,360,1.0,Semiurban,Y
LP000824,Male,Yes,0,Graduate,,7179,0.0,30,360,1.0,Rural,Y
LP000825,Female,Yes,0,Graduate,No,3315,0.0,9,84,1.0,Urban,Y
LP000826,Male,Yes,1,Graduate,No,9735,0.0,16,360,1.0,Urban,Y
LP000827,Male,No,1,Graduate,No,6704,0.0,21,300,0.0,Urban,N
LP000828,Male,Yes,0,Not Graduate,No,2499,2303.32,9,360,1.0,Rural,Y
LP000829,Female,Yes,1,Graduate,No,4520,0.0,14,36,1.0,Rural,Y
LP000830,Male,No,0,Graduate,No,6403,0.0,27,360,,Semiurban,Y
LP000831,Male,No,2,Not Graduate,No,2496,0.0,9,360,0.0,Rural,N
LP000832,Male,Yes,0,Graduate,Yes,11597,994.5,22,120,1.0,Semiurban,Y
LP000833,Male,Yes,0,Not Graduate,No,6797,4018.19,48,360,1.0,Urban,Y
LP000834,Male,No,1,Graduate,No,9682,0.0,22,360,1.0,Urban,N
LP000835,Female,Yes,0,Graduate,Yes,4650,0.0,9,360,0.0,Semiurban,N
LP000836,Male,,0,Graduate,No,9090,0.0,22,360,,Semiurban,Y
LP000837,Female,No,0,Graduate,No,4806,0.0,9,360,1.0,Semiurban,N
LP000838,Female,Yes,1,Not Graduate,No,4878,1854.47,9,84,,Semiurban,N
LP000839,Male,Yes,0,Not Graduate,No,7373,0.0,9,360,0.0,Semiurban,Y
LP000840,Male,,1,Graduate,No,7512,4121.69,30,480,,Semiurban,Y
LP000841,Male,Yes,2,Graduate,No,10782,2031.92,33,360,1.0,Semiurban,Y
LP000842,Female,Yes,1,Graduate,Yes,7342,1573.13,31,60,1.0,Rural,Y
LP000843,Male,Yes,0,Graduate,No,6522,3032.2,27,360,0.0,Rural,N
LP000844,Male,Yes,2,Graduate,No,10949,2520.52,54,240,1.0,Urban,Y
LP000845,Male,Yes,0,Not Graduate,No,10548,2479.46,52,360,1.0,Rural,Y
LP000846,Female,No,3+,Graduate,No,6679,0.0,10,84,0.0,Urban,N
LP000847,Male,No,1,Graduate,No,13256,0.0,15,84,1.0,Urban,Y
LP000848,Male,Yes,0,Graduate,No,7067,3883.89,38,180,1.0,Rural,Y
LP000849,Male,Yes,2,Not Graduate,No,5851,1112.52,9,360,1.0,Rural,Y
LP000850,Female,No,0,Not Graduate,No,4927,4830.5,23,360,0.0,Rural,N
LP000851,Male,No,0,Graduate,No,6846,0.0,9,360,1.0,Urban,Y
LP000852,Male,No,0,Graduate,No,6379,992.12,19,300,1.0,Urban,Y
LP000853,Female,Yes,1,Not Graduate,No,3700,0.0,9,360,0.0,Rural,N
LP000854,Female,Yes,1,Graduate,No,4706,2013.76,26,360,0.0,Rural,N
LP000855,Male,Yes,2,Not Graduate,No,6552,0.0,21,120,1.0,Semiurban,Y
LP000856,Male,No,0,Not Graduate,No,10887,0.0,26,360,1.0,Urban,Y
LP000857,Female,Yes,1,Graduate,Yes,10010,4254.85,39,360,1.0,Semiurban,Y
LP000858,Female,Yes,1,Graduate,No,8203,0.0,23,360,1.0,Urban,Y
LP000859,Male,Yes,1,Graduate,No,13199,0.0,23,360,1.0,Urban,Y
LP000860,Male,Yes,0,Not Graduate,Yes,6271,2012.75,30,360,0.0,Semiurban,N
LP000861,Female,Yes,0,Graduate,No,4715,0.0,12,60,1.0,Urban,Y
LP000862,Female,Yes,2,Not Graduate,No,4485,0.0,14,360,1.0,Rural,Y
LP000863,Female,Yes,0,Graduate,Yes,6739,0.0,9,360,1.0,Semiurban,Y
LP000864,Male,No,0,Not Graduate,Yes,4413,1954.67,9,360,0.0,Semiurban,N
LP000865,Male,No,0,Graduate,Yes,9387,0.0,28,240,1.0,Semiurban,Y
LP000866,Female,Yes,0,Graduate,No,10615,0.0,38,240,1.0,Rural,Y
LP000867,Female,No,0,Graduate,No,3238,0.0,9,300,1.0,Semiurban,Y
LP000868,Female,No,0,Graduate,Yes,6004,2980.04,,360,0.0,Rural,N
LP000869,Male,Yes,1,Graduate,No,3661,2860.52,25,180,1.0,Semiurban,Y
LP000870,Male,Yes,3+,Not Graduate,No,5952,0.0,16,360,,Semiurban,Y
LP000871,Female,Yes,0,Graduate,No,6620,0.0,21,300,0.0,Rural,N
LP000872,Male,Yes,0,Not Graduate,No,15567,0.0,47,360,1.0,Urban,Y
LP000873,Female,Yes,2,Graduate,No,13917,0.0,28,360,1.0,Urban,Y
LP000874,Male,Yes,0,Graduate,No,11399,0.0,13,360,1.0,Rural,Y
LP000875,Male,Yes,3+,Not Graduate,No,4063,0.0,15,360,1.0,Semiurban,Y
LP000876,Female,Yes,0,Graduate,No,4669,0.0,12,360,1.0,Urban,Y
LP000877,Male,Yes,0,Not Graduate,No,3846,4363.4,32,360,1.0,Rural,Y
LP000878,Male,Yes,0,Not Graduate,No,13582,0.0,31,360,1.0,Urban,Y
LP000879,Male,No,0,Graduate,No,5146,1829.97,9,360,0.0,Semiurban,N
LP000880,Male,Yes,2,Not Graduate,No,5199,0.0,9,180,1.0,Rural,Y
LP000881,Male,Yes,0,Graduate,No,5664,1508.27,11,360,1.0,Rural,Y
LP000882,Male,Yes,2,Graduate,No,5110,0.0,18,360,1.0,Semiurban,Y
LP000883,Female,No,2,Graduate,No,7500,0.0,9,120,1.0,Urban,Y
LP000884,Male,No,2,Not Graduate,Yes,6188,0.0,23,180,0.0,Rural,N
LP000885,Male,Yes,2,Graduate,No,4093,0.0,13,360,1.0,Rural,Y
LP000886,Male,Yes,0,Graduate,No,5050,0.0,10,360,1.0,Urban,Y
LP000887,Male,Yes,0,Not Graduate,No,7027,2219.25,26,360,1.0,Semiurban,Y
LP000888,Male,Yes,2,Graduate,No,7506,5041.45,53,36,1.0,Semiurban,Y
LP000889,Male,No,0,Not Graduate,No,4663,0.0,9,360,1.0,Urban,Y
LP000890,Male,Yes,0,Graduate,No,9868,1068.06,,360,1.0,Rural,Y
LP000891,Male,No,,Graduate,No,4367,2116.97,15,360,0.0,Rural,N
LP000892,Female,Yes,0,Graduate,No,5439,0.0,,360,1.0,Urban,Y
LP000893,Male,Yes,2,Graduate,Yes,9506,0.0,41,300,1.0,Rural,Y
LP000894,Male,No,0,Graduate,No,5628,2598.26,32,36,1.0,Rural,Y
LP000895,Female,Yes,1,Graduate,No,7928,0.0,18,360,0.0,Rural,N
LP000896,Female,No,3+,Not Graduate,No,2470,0.0,10,180,1.0,Rural,Y
LP000897,Male,Yes,0,Graduate,No,5797,1702.17,,240,1.0,Urban,Y
LP000898,Male,No,2,Graduate,No,3986,0.0,12,240,0.0,Rural,N
LP000899,Male,Yes,0,Graduate,No,4230,0.0,17,360,0.0,Urban,N
LP000900,Male,Yes,0,Graduate,Yes,6493,0.0,12,300,1.0,Semiurban,Y
LP000901,Male,No,0,Graduate,No,8738,2103.03,43,360,1.0,Semiurban,Y
LP000902,Male,Yes,0,Graduate,No,7387,2059.66,22,360,1.0,Urban,Y
LP000903,Male,Yes,0,Not Graduate,Yes,11159,0.0,45,360,1.0,Rural,Y
LP000904,Male,No,0,Not Graduate,No,4682,0.0,13,360,1.0,Semiurban,Y
LP000905,Female,Yes,0,Not Graduate,No,1877,1515.62,9,360,1.0,Semiurban,Y
LP000906,Male,No,0,Graduate,Yes,8342,2927.83,41,12,1.0,Semiurban,Y
LP000907,Male,Yes,1,Graduate,No,5373,0.0,9,180,,Urban,Y
LP000908,Male,Yes,,Graduate,No,8100,0.0,12,240,1.0,Urban,Y
LP000909,Male,Yes,2,Graduate,No,4047,5722.03,14,360,0.0,Urban,N
LP000910,Male,Yes,3+,Graduate,No,6967,0.0,27,360,,Rural,Y
LP000911,Female,No,1,Not Graduate,Yes,7492,1631.29,36,360,1.0,Rural,N
LP000912,Female,Yes,1,Graduate,No,8962,0.0,26,360,,Semiurban,Y
LP000913,Female,Yes,1,Graduate,No,6228,2375.83,17,360,1.0,Semiurban,Y
LP000914,Female,Yes,1,Graduate,No,6765,1146.64,18,60,1.0,Semiurban,Y
LP000915,Female,Yes,3+,Not Graduate,No,4147,6510.75,17,480,1.0,Urban,Y
LP000916,Female,Yes,3+,Graduate,No,6109,0.0,9,360,1.0,Urban,Y
LP000917,Male,No,0,Not Graduate,,7958,0.0,31,300,1.0,Semiurban,Y
LP000918,Male,No,1,Graduate,Yes,5434,3103.4,14,360,,Urban,Y
LP000919,Male,No,2,Graduate,No,5623,0.0,9,360,1.0,Rural,N
LP000920,Male,Yes,0,Not Graduate,No,3205,0.0,9,360,1.0,Urban,Y
LP000921,Male,Yes,0,Graduate,No,10044,0.0,42,360,0.0,Semiurban,N
LP000922,Female,Yes,1,Graduate,Yes,6056,0.0,13,60,1.0,Semiurban,Y
LP000923,Male,No,1,Graduate,No,4603,0.0,15,480,1.0,Rural,Y
LP000924,Male,Yes,0,Graduate,No,10849,2630.1,14,360,0.0,Rural,N
LP000925,Male,Yes,0,Graduate,No,7425,0.0,21,360,1.0,Semiurban,Y
LP000926,Male,Yes,0,Not Graduate,No,4347,0.0,15,240,1.0,Urban,Y
LP000927,Male,No,0,Not Graduate,No,8926,0.0,10,360,1.0,Semiurban,Y
LP000928,Female,No,3+,Graduate,No,5375,0.0,10,360,1.0,Urban,Y
LP000929,Male,No,2,Graduate,No,4155,0.0,,360,1.0,Urban,Y
LP000930,Female,Yes,0,Graduate,Yes,10454,0.0,42,360,0.0,Semiurban,N
LP000931,Male,No,0,Graduate,No,5173,0.0,17,360,1.0,Urban,Y
LP000932,Male,Yes,2,Graduate,No,31926,0.0,128,360,1.0,Urban,Y
LP000933,Male,Yes,1,Graduate,No,6440,0.0,14,360,0.0,Semiurban,Y
LP000934,Female,Yes,0,Not Graduate,No,1919,0.0,9,360,1.0,Semiurban,Y
LP000935,Female,Yes,0,Graduate,No,15628,2194.31,50,360,1.0,Rural,Y
LP000936,Male,Yes,0,Graduate,No,7398,0.0,14,360,1.0,Urban,Y
LP000937,Female,Yes,2,Not Graduate,No,6046,0.0,14,300,1.0,Semiurban,Y
LP000938,Male,Yes,1,Graduate,No,8781,6928.76,29,300,1.0,Semiurban,Y
LP000939,Female,No,0,Graduate,No,3602,0.0,9,360,1.0,Rural,Y
LP000940,Male,No,3+,Graduate,No,3596,2008.65,24,120,1.0,Semiurban,Y
LP000941,Male,No,1,Graduate,No,17661,2023.13,85,360,1.0,Semiurban,Y
LP000942,Female,Yes,3+,Graduate,No,3861,0.0,14,360,1.0,Semiurban,Y
LP000943,Male,Yes,0,Graduate,No,15510,2564.45,29,300,0.0,Urban,N
LP000944,Male,No,0,Graduate,No,8824,0.0,9,180,1.0,Urban,Y
LP000945,Male,Yes,3+,Graduate,No,8084,0.0,13,360,0.0,Semiurban,N
LP000946,Male,Yes,3+,Graduate,No,6392,1626.2,32,60,,Urban,Y
LP000947,Male,Yes,3+,Graduate,No,21810,1552.19,35,360,1.0,Urban,Y
LP000948,Female,No,2,Graduate,No,4639,2091.81,12,300,1.0,Semiurban,Y
LP000949,Female,Yes,0,Graduate,Yes,5192,0.0,17,360,1.0,Urban,Y
LP000950,Male,No,0,Graduate,Yes,9424,0.0,,360,1.0,Urban,Y
LP000951,Male,Yes,0,Graduate,No,5977,0.0,19,360,1.0,Semiurban,Y
LP000952,Male,Yes,3+,Graduate,No,5393,2392.77,23,360,1.0,Rural,Y
LP000953,Male,Yes,0,Graduate,No,7397,0.0,22,360,0.0,Rural,N
LP000954,Male,Yes,2,Graduate,Yes,9991,0.0,40,360,1.0,Urban,Y
LP000955,Female,Yes,3+,Graduate,No,16704,0.0,29,240,1.0,Urban,Y
LP000956,Female,Yes,3+,Not Graduate,No,17118,0.0,25,300,0.0,Rural,N
LP000957,Female,Yes,3+,Graduate,Yes,3625,6462.18,24,360,1.0,Semiurban,Y
LP000958,Male,Yes,,Graduate,No,11700,3956.41,44,360,1.0,Semiurban,Y
LP000959,Male,No,0,Graduate,No,4938,0.0,13,360,1.0,Urban,Y
LP000960,Male,Yes,3+,Graduate,No,5518,1877.48,21,360,1.0,Urban,Y
LP000961,Male,Yes,0,Graduate,No,6245,0.0,,120,1.0,Urban,Y
LP000962,Male,Yes,0,Graduate,No,6116,3008.76,25,180,1.0,Rural,N
LP000963,Male,Yes,3+,Graduate,No,5306,0.0,22,360,1.0,Rural,N
LP000964,Male,Yes,1,Not Graduate,Yes,2480,0.0,9,360,1.0,Urban,Y
LP000965,Female,,0,Graduate,No,12848,0.0,55,360,1.0,Rural,Y
LP000966,Male,Yes,0,Not Graduate,No,9469,0.0,28,360,1.0,Rural,Y
LP000967,Female,No,0,Graduate,No,6218,0.0,9,180,1.0,Rural,Y
LP000968,Male,Yes,3+,Graduate,No,5466,0.0,9,84,1.0,Semiurban,Y
LP000969,Male,Yes,1,Graduate,No,12800,0.0,38,360,,Urban,Y
LP000970,Male,No,0,Graduate,Yes,6888,2145.38,30,360,0.0,Rural,N
LP000971,Male,Yes,0,Graduate,No,6175,2858.95,25,360,,Urban,N
LP000972,Male,Yes,,Graduate,No,4577,4140.65,22,360,0.0,Urban,N
LP000973,Male,Yes,3+,Graduate,No,9383,0.0,18,360,1.0,Urban,Y
LP000974,Female,No,0,Graduate,No,5400,0.0,16,360,1.0,Semiurban,Y
LP000975,Male,No,1,Graduate,No,7875,3896.96,48,300,1.0,Urban,N
LP000976,Male,Yes,0,Graduate,No,8074,0.0,20,360,1.0,Semiurban,Y
LP000977,,No,0,Graduate,Yes,9280,0.0,31,180,0.0,Rural,N
LP000978,Male,Yes,0,Not Graduate,No,6731,0.0,9,84,,Semiurban,Y
LP000979,Male,Yes,0,Graduate,No,6770,794.15,19,360,1.0,Rural,Y
LP000980,Male,No,1,Not Graduate,No,7450,0.0,27,360,1.0,Rural,Y
LP000981,Female,Yes,0,Graduate,No,10435,0.0,41,60,1.0,Rural,Y
LP000982,Female,Yes,0,Graduate,No,14059,0.0,40,360,1.0,Semiurban,Y
LP000983,Female,No,0,Graduate,No,3934,0.0,11,360,0.0,Rural,N
LP000984,Male,Yes,0,Graduate,No,12093,1213.51,19,84,1.0,Semiurban,Y
LP000985,Male,No,1,Graduate,No,4139,0.0,,360,0.0,Urban,N
LP000986,Female,Yes,0,Graduate,No,10765,0.0,35,84,1.0,Rural,Y
LP000987,Male,Yes,0,Graduate,No,6146,2210.06,30,360,1.0,Semiurban,N
LP000988,Male,Yes,3+,Graduate,No,10702,0.0,13,360,1.0,Rural,Y
LP000989,Male,No,0,Graduate,No,13979,6653.45,90,360,1.0,Semiurban,Y
LP000990,Female,Yes,2,Graduate,Yes,7473,0.0,32,360,1.0,Semiurban,Y
LP000991,Male,Yes,1,Graduate,No,7577,0.0,12,360,1.0,Rural,Y
LP000992,Female,No,1,Not Graduate,No,4633,5258.03,11,180,,Semiurban,N
LP000993,Female,No,0,Graduate,No,5205,0.0,11,360,1.0,Semiurban,Y
LP000994,Male,No,0,Graduate,No,11949,0.0,52,300,1.0,Rural,Y
LP000995,Female,Yes,2,Graduate,No,6607,2139.2,22,180,1.0,Semiurban,Y
LP000996,Male,Yes,2,Graduate,No,4132,0.0,9,360,1.0,Urban,N
LP000997,Male,Yes,0,Not Graduate,No,9654,11790.03,88,180,,Semiurban,Y
LP000998,,No,2,Graduate,No,10394,0.0,15,360,1.0,Urban,Y
LP000999,Female,No,0,Graduate,No,6543,1071.18,32,360,0.0,Semiurban,N
LP001000,Male,No,3+,Graduate,No,5362,0.0,20,360,1.0,Urban,Y
LP001001,Male,Yes,2,Graduate,No,5250,0.0,12,360,1.0,Urban,Y
LP001002,Male,Yes,0,Graduate,No,5868,0.0,22,360,1.0,Rural,Y
LP001003,Male,Yes,2,Graduate,No,8337,0.0,30,360,1.0,Urban,Y
LP001004,Male,Yes,3+,Graduate,No,4425,0.0,13,360,1.0,Rural,Y
LP001005,Male,Yes,2,Graduate,No,9140,0.0,34,360,1.0,Semiurban,Y
LP001006,Male,Yes,0,Not Graduate,No,6433,2356.59,24,360,1.0,Urban,Y
LP001007,Female,No,2,Not Graduate,No,10639,0.0,42,360,,Rural,N
LP001008,Male,No,1,Graduate,No,9785,2683.99,47,360,1.0,Urban,Y
LP001009,Female,No,0,Graduate,No,4684,0.0,19,360,,Semiurban,Y
LP001010,Male,No,2,Graduate,No,4081,0.0,15,360,1.0,Rural,Y
LP001011,Male,No,0,Graduate,No,5302,0.0,22,360,1.0,Rural,Y
LP001012,Male,No,2,Graduate,No,13556,3081.83,27,360,1.0,Urban,Y
LP001013,Male,Yes,1,Graduate,No,8664,0.0,,84,1.0,Rural,Y
LP001014,Female,Yes,0,Graduate,No,9033,0.0,23,180,1.0,Rural,Y
LP001015,Male,Yes,3+,Graduate,No,6169,0.0,11,360,1.0,Semiurban,N
LP001016,Male,Yes,1,Graduate,No,9373,692.96,41,36,1.0,Semiurban,Y
LP001017,Male,Yes,0,Graduate,No,4774,0.0,9,180,1.0,Semiurban,Y
LP001018,Female,No,0,Graduate,No,10113,0.0,26,360,1.0,Semiurban,Y
LP001019,Male,No,0,Graduate,No,4757,0.0,13,360,1.0,Semiurban,Y
LP001020,Male,No,1,Not Graduate,No,2303,0.0,9,180,1.0,Urban,Y
LP001021,Female,No,0,Graduate,No,20599,4225.83,47,360,1.0,Semiurban,Y
LP001022,Female,No,3+,Graduate,No,6829,0.0,30,360,1.0,Urban,Y
LP001023,Female,Yes,3+,Not Graduate,Yes,5741,5155.78,22,360,1.0,Urban,Y
LP001024,Male,No,2,Graduate,No,3900,0.0,9,360,1.0,Semiurban,Y
LP001025,Male,No,0,Not Graduate,No,7940,2725.99,20,240,,Urban,Y
LP001026,Male,No,1,Not Graduate,No,9163,0.0,37,480,1.0,Semiurban,N
LP001027,Female,Yes,0,Not Graduate,,4860,0.0,9,360,1.0,Semiurban,Y
LP001028,Male,Yes,2,Not Graduate,No,9682,2661.1,13,360,,Urban,Y
LP001029,Female,No,0,Graduate,No,11419,0.0,23,36,1.0,Urban,Y
LP001030,Male,Yes,3+,Graduate,No,9537,3677.25,38,360,1.0,Urban,Y
LP001031,Male,Yes,0,Not Graduate,No,2639,1782.26,9,360,1.0,Semiurban,Y
LP001032,Male,Yes,0,Not Graduate,No,3762,0.0,9,360,1.0,Urban,Y
LP001033,Male,Yes,3+,Graduate,Yes,16322,2550.86,42,360,1.0,Rural,Y
LP001034,Female,Yes,0,Graduate,No,7163,6250.05,45,360,0.0,Semiurban,Y
LP001035,Male,No,2,Graduate,No,7477,0.0,18,360,1.0,Semiurban,Y
LP001036,Male,No,3+,Not Graduate,Yes,3783,2843.34,,180,1.0,Urban,Y
LP001037,Male,No,0,Graduate,No,5652,0.0,24,60,1.0,Urban,Y
LP001038,Male,Yes,0,Graduate,No,12852,0.0,46,180,0.0,Urban,N
LP001039,Male,Yes,0,Graduate,No,14877,0.0,56,180,1.0,Semiurban,Y
LP001040,Male,Yes,2,Graduate,No,10729,0.0,21,84,1.0,Rural,Y
LP001041,Male,Yes,3+,Not Graduate,No,8142,0.0,22,360,1.0,Urban,Y
LP001042,Male,Yes,0,Graduate,No,9957,1940.61,26,360,1.0,Urban,Y
LP001043,Male,No,1,Graduate,No,7011,0.0,18,12,0.0,Rural,N
LP001044,Male,No,0,Graduate,No,4687,0.0,9,360,1.0,Rural,Y
LP001045,Male,Yes,1,Not Graduate,No,3396,0.0,9,360,1.0,Semiurban,N
LP001046,Male,Yes,2,Graduate,No,13616,0.0,38,180,0.0,Semiurban,N
LP001047,Male,Yes,2,Graduate,No,7618,0.0,22,36,1.0,Urban,Y
LP001048,Female,Yes,0,Graduate,No,8543,1993.31,19,360,0.0,Rural,N
LP001049,Female,Yes,0,Not Graduate,No,6077,0.0,10,360,1.0,Semiurban,Y
LP001050,Male,Yes,0,Graduate,No,8549,4336.15,29,360,1.0,Semiurban,Y
LP001051,Male,Yes,0,Graduate,No,8844,0.0,25,60,1.0,Urban,Y
LP001052,Male,Yes,0,Graduate,No,10268,0.0,22,360,1.0,Semiurban,Y
LP001053,Male,No,,Not Graduate,No,3900,0.0,,360,1.0,Rural,Y
LP001054,Male,Yes,0,Graduate,No,12791,1905.43,44,240,1.0,Urban,Y
LP001055,Male,Yes,0,Graduate,Yes,5956,1716.39,10,360,1.0,Semiurban,Y
LP001056,Male,Yes,1,Not Graduate,No,6974,2758.91,17,360,1.0,Urban,Y
LP001057,Female,Yes,,Not Graduate,No,2916,0.0,,180,1.0,Rural,Y
LP001058,Male,Yes,0,Graduate,No,7247,0.0,20,360,1.0,Urban,Y
LP001059,Male,No,3+,Graduate,No,5608,2515.81,17,240,1.0,Rural,Y
LP001060,Male,No,0,Graduate,Yes,7286,0.0,11,360,1.0,Semiurban,Y
LP001061,Female,Yes,0,Graduate,No,9640,0.0,40,360,1.0,Semiurban,Y
LP001062,Male,Yes,,Graduate,No,7944,0.0,20,240,0.0,Semiurban,Y
LP001063,Male,Yes,0,Graduate,No,18738,2891.72,37,360,0.0,Semiurban,N
LP001064,Male,Yes,0,Graduate,No,10723,2282.01,45,36,,Semiurban,Y
LP001065,Male,,0,Graduate,No,7085,8385.26,29,240,1.0,Semiurban,Y
LP001066,Female,No,0,Not Graduate,No,4667,7569.2,23,300,1.0,Urban,Y
LP001067,Male,Yes,2,Graduate,Yes,8965,1895.6,42,360,1.0,Semiurban,Y
LP001068,Male,Yes,0,Not Graduate,No,8799,0.0,36,360,1.0,Rural,Y
LP001069,Male,Yes,0,Graduate,No,5143,0.0,13,240,0.0,Urban,N
LP001070,Male,Yes,0,Graduate,No,10001,2833.76,41,360,1.0,Rural,Y
LP001071,Female,No,3+,Graduate,No,3880,0.0,9,480,1.0,Rural,Y
LP001072,Male,Yes,0,Graduate,Yes,9594,0.0,30,360,1.0,Semiurban,Y
LP001073,Male,Yes,2,Graduate,No,12309,1829.83,50,84,,Urban,Y
LP001074,Female,Yes,0,Graduate,No,7883,3128.02,38,360,1.0,Semiurban,Y
LP001075,Female,No,3+,Graduate,Yes,2717,2337.77,9,360,1.0,Rural,Y
LP001076,Male,Yes,0,Graduate,No,4486,0.0,9,300,1.0,Semiurban,Y
LP001077,Male,Yes,0,Graduate,No,9688,0.0,33,360,0.0,Urban,Y
LP001078,Male,Yes,0,Graduate,Yes,3927,2232.64,17,360,,Urban,Y
LP001079,Male,Yes,0,Graduate,,9886,2758.51,54,360,1.0,Semiurban,Y
LP001080,Male,No,2,Graduate,No,11174,2848.95,19,300,1.0,Urban,Y
LP001081,Male,Yes,1,Graduate,No,12511,985.73,60,360,1.0,Urban,N
LP001082,Female,Yes,1,Graduate,No,6251,0.0,9,360,1.0,Semiurban,Y
LP001083,Female,Yes,0,Graduate,No,8393,0.0,9,360,1.0,Semiurban,N
LP001084,Female,Yes,1,Not Graduate,No,6071,0.0,25,120,1.0,Urban,Y
LP001085,Female,,0,Graduate,No,4031,0.0,11,360,1.0,Rural,Y
LP001086,Female,No,,Graduate,No,9184,4609.5,27,360,1.0,Urban,Y
LP001087,Female,Yes,1,Graduate,No,13319,3807.56,51,300,1.0,Urban,Y
LP001088,Female,Yes,1,Graduate,No,9432,0.0,21,360,1.0,Urban,Y
LP001089,Male,Yes,2,Graduate,No,6434,0.0,28,360,1.0,Urban,Y
LP001090,Male,No,,Graduate,No,9961,0.0,36,360,1.0,Semiurban,Y
LP001091,Male,Yes,0,Graduate,No,13506,0.0,44,360,1.0,Urban,Y
LP001092,Male,Yes,0,Not Graduate,No,11194,0.0,23,360,1.0,Rural,Y
LP001093,Male,Yes,1,Graduate,No,11900,0.0,12,360,1.0,Rural,Y
LP001094,Male,Yes,0,Graduate,No,4691,0.0,17,360,0.0,Urban,N
LP001095,Male,No,0,Not Graduate,No,7041,0.0,9,360,1.0,Rural,Y
LP001096,Male,Yes,2,Graduate,Yes,10040,3015.35,18,360,1.0,Semiurban,Y
LP001097,Male,Yes,0,Graduate,No,11965,567.82,38,180,1.0,Rural,Y
LP001098,,Yes,1,Graduate,No,8696,0.0,31,360,1.0,Urban,Y
LP001099,Female,Yes,0,Graduate,No,14471,0.0,35,300,1.0,Semiurban,Y
LP001100,Male,Yes,0,Not Graduate,No,2941,2728.04,17,360,0.0,Urban,N
LP001101,Male,Yes,2,Graduate,Yes,9670,0.0,42,480,1.0,Urban,Y
LP001102,Male,Yes,0,Graduate,No,9351,0.0,18,300,1.0,Rural,Y
LP001103,Female,No,1,Graduate,No,9947,0.0,11,240,1.0,Urban,Y
LP001104,Female,No,1,Graduate,No,13897,2381.79,28,180,1.0,Semiurban,Y
LP001105,Male,Yes,2,Graduate,No,5684,0.0,14,480,1.0,Urban,Y
LP001106,Female,No,0,Graduate,Yes,13650,0.0,50,360,1.0,Rural,Y
LP001107,Male,No,2,Graduate,No,10313,4450.92,36,360,1.0,Semiurban,Y
LP001108,Male,Yes,0,Graduate,No,7192,5337.59,38,60,1.0,Urban,Y
LP001109,Female,Yes,0,Not Graduate,No,3349,0.0,9,180,1.0,Semiurban,Y
LP001110,Male,Yes,0,Not Graduate,No,6829,0.0,18,84,0.0,Urban,N
LP001111,Male,Yes,0,Not Graduate,Yes,7133,1164.57,12,360,1.0,Urban,Y
LP001112,Male,Yes,0,Graduate,No,8831,3049.5,14,120,0.0,Semiurban,N
LP001113,Male,,0,Not Graduate,No,4673,3372.17,13,360,1.0,Rural,Y
LP001114,Female,No,0,Not Graduate,No,7084,3056.56,19,360,1.0,Rural,Y
LP001115,Female,Yes,1,Graduate,No,5853,0.0,9,360,1.0,Urban,Y
LP001116,Male,No,0,Graduate,No,12497,1785.39,23,360,1.0,Urban,Y
LP001117,Male,Yes,0,Graduate,No,16513,816.82,54,360,1.0,Rural,Y
LP001118,Female,Yes,0,Not Graduate,No,3518,0.0,,36,1.0,Urban,Y
LP001119,Male,No,0,Not Graduate,No,5894,6060.97,22,360,1.0,Rural,Y
LP001120,Female,Yes,1,Not Graduate,No,9306,0.0,16,360,0.0,Semiurban,N
LP001121,,Yes,3+,Graduate,Yes,8599,0.0,12,120,,Rural,Y
LP001122,Male,Yes,0,Not Graduate,No,3483,0.0,11,480,1.0,Semiurban,Y
LP001123,Female,No,1,Graduate,No,9757,1537.56,30,12,0.0,Rural,N
LP001124,Male,Yes,0,Graduate,No,6217,2759.8,,240,1.0,Semiurban,Y
LP001125,Male,Yes,3+,Graduate,No,8342,0.0,19,360,,Rural,N
LP001126,Male,Yes,0,Not Graduate,No,4006,0.0,9,360,1.0,Urban,Y
LP001127,Male,Yes,0,Not Graduate,No,9216,2981.32,47,240,1.0,Semiurban,Y
LP001128,Male,Yes,0,Graduate,,6617,0.0,9,480,1.0,Urban,Y
LP001129,Male,Yes,0,Graduate,No,11235,1957.87,30,180,1.0,Urban,Y
LP001130,Female,Yes,2,Graduate,Yes,6320,946.43,22,360,,Semiurban,Y
LP001131,Female,Yes,0,Graduate,No,5682,0.0,18,120,1.0,Urban,Y
LP001132,Male,Yes,0,Not Graduate,No,7593,0.0,20,60,1.0,Rural,Y
LP001133,Male,No,0,Graduate,No,4879,2696.2,28,360,1.0,Rural,Y
LP001134,Female,Yes,3+,Graduate,No,16457,0.0,44,360,1.0,Rural,Y
LP001135,Female,Yes,2,Graduate,No,7493,0.0,29,360,1.0,Semiurban,N
LP001136,Male,Yes,3+,Graduate,,6299,0.0,11,300,1.0,Urban,Y
LP001137,Male,No,2,Not Graduate,No,4667,0.0,12,36,1.0,Urban,Y
LP001138,Male,Yes,3+,Graduate,No,7766,0.0,9,360,1.0,Urban,Y
LP001139,Male,Yes,0,Graduate,Yes,11732,0.0,35,180,0.0,Semiurban,N
LP001140,Male,Yes,0,Not Graduate,No,4173,0.0,10,360,1.0,Rural,N
LP001141,Male,Yes,0,Graduate,No,6739,0.0,22,36,1.0,Urban,Y
LP001142,Female,Yes,0,Graduate,No,6770,0.0,24,84,0.0,Urban,N
LP001143,Female,Yes,1,Graduate,No,14400,0.0,36,180,1.0,Urban,Y
LP001144,Female,Yes,0,Not Graduate,No,9450,2083.03,36,120,1.0,Semiurban,Y
LP001145,Male,Yes,0,Graduate,No,15560,0.0,55,360,1.0,Urban,Y
LP001146,Male,No,1,Graduate,,7307,0.0,28,360,1.0,Semiurban,Y
LP001147,Female,No,0,Graduate,Yes,13110,0.0,17,360,1.0,Urban,Y
LP001148,Female,Yes,0,Graduate,No,12512,0.0,36,120,0.0,Urban,N
LP001149,Male,No,0,Graduate,No,9765,0.0,41,360,1.0,Rural,Y
LP001150,Female,No,1,Graduate,Yes,9333,0.0,,360,1.0,Rural,Y
LP001151,Male,No,0,Graduate,No,5740,0.0,18,240,1.0,Urban,Y
LP001152,Female,No,0,Graduate,No,16220,0.0,32,84,0.0,Urban,N
LP001153,Male,Yes,0,Graduate,No,7042,1811.42,33,36,1.0,Urban,Y
LP001154,Male,Yes,2,Graduate,No,9676,1146.6,38,36,1.0,Rural,Y
LP001155,Male,Yes,0,Graduate,No,10176,960.59,48,360,1.0,Semiurban,Y
LP001156,Male,Yes,,Not Graduate,No,3458,0.0,11,60,1.0,Semiurban,Y
LP001157,Male,Yes,3+,Graduate,No,7566,0.0,20,360,1.0,Semiurban,Y
LP001158,Male,Yes,2,Not Graduate,No,6852,1745.25,24,360,0.0,Rural,N
LP001159,Male,Yes,0,Not Graduate,No,5891,3128.24,33,360,1.0,Urban,Y
LP001160,Female,No,0,Not Graduate,No,4800,0.0,17,180,1.0,Urban,Y
LP001161,Male,No,,Graduate,No,14335,2996.8,24,360,0.0,Semiurban,Y
LP001162,Male,Yes,1,Graduate,No,5792,0.0,11,360,0.0,Semiurban,N
LP001163,Female,Yes,0,Graduate,No,4295,1965.84,,480,0.0,Urban,N
LP001164,Male,Yes,3+,Graduate,Yes,6256,0.0,9,60,1.0,Rural,Y
LP001165,Male,No,2,Graduate,No,9981,979.04,36,60,0.0,Semiurban,N
LP001166,Female,No,1,Graduate,No,9643,0.0,38,360,1.0,Rural,Y
LP001167,Female,Yes,0,Graduate,No,9069,0.0,20,240,0.0,Rural,N
LP001168,Male,Yes,2,Not Graduate,No,9793,0.0,17,180,,Semiurban,Y
LP001169,Female,Yes,1,Graduate,No,7730,0.0,30,360,1.0,Rural,Y
LP001170,Male,No,2,Not Graduate,No,4401,0.0,11,360,1.0,Rural,Y
LP001171,Male,No,0,Not Graduate,No,3587,1242.34,18,360,,Semiurban,Y
LP001172,Female,Yes,1,Graduate,No,4304,0.0,9,12,1.0,Semiurban,Y
LP001173,Male,Yes,2,Graduate,No,7088,888.29,13,240,0.0,Rural,N
LP001174,Female,Yes,3+,Graduate,No,9887,0.0,9,240,1.0,Rural,Y
LP001175,Male,Yes,1,Not Graduate,Yes,6965,0.0,17,360,,Semiurban,N
LP001176,Female,No,0,Graduate,No,6482,0.0,26,360,1.0,Urban,Y
LP001177,Male,No,0,Graduate,Yes,4909,1551.08,21,360,1.0,Rural,Y
LP001178,Male,Yes,1,Graduate,No,25899,6764.77,,360,1.0,Semiurban,Y
LP001179,Male,Yes,3+,Graduate,Yes,5795,0.0,9,480,1.0,Semiurban,Y
LP001180,Male,Yes,1,Not Graduate,No,6583,0.0,23,120,1.0,Semiurban,Y
LP001181,Female,Yes,0,Not Graduate,No,9471,0.0,12,360,1.0,Semiurban,Y
LP001182,Male,Yes,0,Graduate,Yes,7841,0.0,13,360,0.0,Urban,N
LP001183,Male,No,1,Graduate,No,5328,547.97,20,360,1.0,Semiurban,Y
LP001184,Male,No,2,Graduate,Yes,10284,0.0,19,360,1.0,Urban,N
LP001185,Male,Yes,0,Graduate,No,5000,7565.44,34,360,1.0,Urban,Y
LP001186,Female,No,0,Graduate,No,15477,0.0,36,360,1.0,Urban,Y
LP001187,Male,No,3+,Graduate,,8121,0.0,17,60,0.0,Semiurban,N
LP001188,Female,Yes,0,Not Graduate,No,4721,0.0,9,360,1.0,Urban,Y
LP001189,Male,Yes,0,Not Graduate,No,3401,0.0,9,360,0.0,Semiurban,N
LP001190,Male,Yes,0,Graduate,No,5262,2224.1,12,360,1.0,Rural,Y
LP001191,Male,No,0,Graduate,No,7063,1806.22,38,360,1.0,Semiurban,Y
LP001192,Male,Yes,0,Graduate,No,18100,2739.77,43,360,1.0,Rural,Y
LP001193,Female,Yes,1,Not Graduate,No,6152,0.0,21,360,1.0,Semiurban,N
LP001194,Female,Yes,1,Not Graduate,No,6552,4746.76,22,360,1.0,Urban,Y
LP001195,Female,Yes,1,Graduate,No,8196,0.0,15,300,1.0,Rural,Y
LP001196,Male,Yes,1,Graduate,No,23100,0.0,62,360,1.0,Semiurban,Y
LP001197,Male,No,0,Graduate,No,6071,0.0,21,360,,Rural,N
LP001198,Male,Yes,0,Graduate,No,15372,2066.69,17,360,0.0,Urban,N
LP001199,Male,Yes,0,Graduate,No,6669,0.0,10,360,1.0,Rural,Y
LP001200,Female,No,0,Graduate,No,4722,0.0,17,360,1.0,Semiurban,Y
LP001201,Male,Yes,1,Graduate,Yes,7485,2210.47,21,360,0.0,Rural,N
LP001202,Male,Yes,0,Graduate,Yes,7471,0.0,29,120,1.0,Urban,Y
LP001203,Female,Yes,1,Graduate,No,8885,0.0,,360,1.0,Semiurban,Y
LP001204,Male,Yes,0,Graduate,No,4018,3321.6,28,360,1.0,Urban,Y
LP001205,Male,Yes,0,Graduate,No,8170,0.0,25,300,1.0,Rural,Y
LP001206,Male,No,0,Graduate,No,5731,1441.81,,36,1.0,Urban,Y
LP001207,Male,Yes,0,Not Graduate,No,4483,0.0,9,120,,Semiurban,Y
LP001208,Male,Yes,1,Graduate,No,5058,0.0,20,120,1.0,Semiurban,Y
LP001209,Male,Yes,2,Graduate,No,6748,0.0,13,120,1.0,Semiurban,Y
LP001210,Male,No,0,Graduate,Yes,5904,0.0,10,120,1.0,Rural,Y
LP001211,Female,Yes,1,Graduate,No,5804,0.0,9,360,1.0,Semiurban,Y
LP001212,Female,No,2,Graduate,No,3338,0.0,9,360,0.0,Urban,N
LP001213,Male,Yes,0,Graduate,No,8012,0.0,22,360,1.0,Rural,Y
LP001214,Male,Yes,0,Graduate,Yes,5856,0.0,15,360,1.0,Semiurban,Y
LP001215,Male,Yes,0,Graduate,No,4642,0.0,18,360,,Semiurban,Y
LP001216,Male,Yes,0,Graduate,No,6337,0.0,10,360,1.0,Urban,Y
LP001217,Male,Yes,2,Graduate,No,5888,1989.14,28,240,1.0,Semiurban,Y
LP001218,Male,No,0,Graduate,No,7337,1576.94,37,360,1.0,Rural,Y
LP001219,Male,Yes,0,Graduate,No,6309,0.0,,360,1.0,Rural,Y
LP001220,Male,Yes,2,Graduate,No,4859,0.0,17,360,1.0,Rural,N
LP001221,Male,Yes,0,Graduate,Yes,5684,4908.89,20,360,1.0,Semiurban,Y
LP001222,Male,Yes,1,Graduate,No,4544,972.09,14,360,1.0,Urban,Y
LP001223,Female,Yes,0,Graduate,No,11723,0.0,14,360,1.0,Semiurban,Y
LP001224,Male,Yes,0,Not Graduate,No,12007,0.0,24,240,0.0,Urban,N
LP001225,Male,Yes,0,Graduate,No,14314,0.0,19,240,1.0,Semiurban,Y
LP001226,Female,Yes,0,Graduate,Yes,5449,0.0,9,360,1.0,Urban,Y
LP001227,Male,Yes,0,Not Graduate,No,12002,0.0,13,240,1.0,Rural,Y
LP001228,Male,Yes,1,Not Graduate,No,7574,0.0,32,36,1.0,Urban,Y
LP001229,Female,Yes,1,Graduate,Yes,5001,1904.11,28,120,1.0,Urban,Y
LP001230,Male,Yes,2,Not Graduate,No,4670,0.0,,360,1.0,Rural,Y
LP001231,Male,No,,Graduate,Yes,6732,0.0,14,360,0.0,Urban,Y
LP001232,Male,,3+,Not Graduate,No,6526,0.0,28,360,0.0,Urban,N
LP001233,Male,No,0,Graduate,No,8410,0.0,37,360,0.0,Semiurban,N
LP001234,Male,Yes,2,Graduate,,7709,3192.98,41,360,1.0,Rural,Y
LP001235,Male,Yes,2,Not Graduate,No,5287,1911.99,24,360,1.0,Urban,Y
LP001236,Male,Yes,1,Graduate,No,13861,0.0,29,360,1.0,Semiurban,Y
LP001237,Male,Yes,0,Not Graduate,No,5890,2877.3,35,360,1.0,Urban,Y
LP001238,Male,No,2,Graduate,No,6735,2605.76,25,240,1.0,Semiurban,Y
LP001239,Male,No,1,Graduate,,6614,0.0,21,360,1.0,Urban,Y
LP001240,Male,Yes,0,Not Graduate,No,5892,2838.47,14,360,1.0,Semiurban,N
LP001241,Female,Yes,2,Graduate,,4170,0.0,9,360,1.0,Semiurban,Y
LP001242,Male,Yes,0,Not Graduate,No,3992,2551.33,29,180,,Rural,Y
LP001243,Male,Yes,0,Not Graduate,No,22624,0.0,,84,,Semiurban,Y
LP001244,Male,No,1,Graduate,No,4125,2577.51,22,300,0.0,Semiurban,N
LP001245,Male,Yes,2,Graduate,No,8585,2500.09,13,180,1.0,Semiurban,Y
LP001246,Male,Yes,0,Graduate,No,8836,0.0,21,480,1.0,Urban,Y
LP001247,Male,No,0,Graduate,,11323,1623.49,25,360,,Urban,Y
LP001248,Male,No,0,Graduate,No,8424,3775.52,47,300,1.0,Semiurban,Y
LP001249,Female,Yes,0,Graduate,No,17283,4735.95,59,360,0.0,Urban,N
LP001250,Female,Yes,0,Not Graduate,No,6174,8486.3,34,360,1.0,Urban,Y
LP001251,Male,No,0,Graduate,No,13333,0.0,20,180,0.0,Semiurban,Y
LP001252,Male,Yes,2,Graduate,No,11972,0.0,28,360,1.0,Urban,Y
LP001253,Male,Yes,0,Graduate,No,15196,0.0,34,300,1.0,Urban,Y
LP001254,Male,Yes,0,Graduate,No,7788,0.0,29,360,1.0,Semiurban,Y
LP001255,Male,No,0,Graduate,No,8540,0.0,33,360,1.0,Rural,Y
LP001256,Female,No,0,Graduate,Yes,5438,4321.35,22,240,1.0,Urban,Y
LP001257,Female,No,0,Graduate,Yes,6909,0.0,16,360,1.0,Rural,Y
LP001258,Female,Yes,0,Graduate,No,7591,0.0,33,360,0.0,Urban,Y
LP001259,Male,Yes,0,Not Graduate,No,2713,1756.14,10,360,1.0,Rural,Y
LP001260,,Yes,0,Not Graduate,No,5010,1861.64,21,360,1.0,Semiurban,Y
LP001261,Male,No,0,Graduate,No,10682,2168.23,18,300,1.0,Semiurban,Y
LP001262,Male,Yes,2,Not Graduate,No,3486,0.0,9,360,1.0,Semiurban,Y
LP001263,Male,Yes,0,Not Graduate,Yes,4019,0.0,9,360,1.0,Semiurban,N
LP001264,Female,No,0,Graduate,No,11331,3538.06,27,300,1.0,Semiurban,Y
LP001265,Male,Yes,0,Not Graduate,No,12302,3323.77,28,360,1.0,Semiurban,Y
LP001266,Female,No,0,Graduate,No,4886,2649.59,20,360,1.0,Rural,Y
LP001267,Male,Yes,0,Graduate,No,8255,0.0,16,360,1.0,Rural,Y
LP001268,Female,No,1,Graduate,No,6189,0.0,23,360,1.0,Semiurban,Y
LP001269,Male,Yes,0,Not Graduate,No,11258,1752.18,33,180,,Rural,Y
LP001270,Male,Yes,0,Not Graduate,No,4868,481.8,9,360,0.0,Urban,N
LP001271,Female,Yes,0,Not Graduate,No,4415,2034.57,16,360,1.0,Semiurban,N
LP001272,Male,Yes,0,Not Graduate,No,12286,0.0,16,360,1.0,Semiurban,N
LP001273,Male,Yes,3+,Graduate,No,5491,0.0,9,360,,Urban,N
LP001274,Male,Yes,0,Graduate,No,6445,2211.51,12,300,1.0,Rural,Y
LP001275,Male,Yes,0,Graduate,,8122,0.0,30,360,1.0,Rural,Y
LP001276,Male,No,0,Graduate,No,14562,0.0,36,360,0.0,Rural,N
LP001277,Male,Yes,,Graduate,Yes,5201,1382.8,9,360,1.0,Semiurban,Y
LP001278,Male,No,0,Not Graduate,No,4008,3100.21,19,360,1.0,Semiurban,Y
LP001279,Female,No,0,Graduate,No,8513,0.0,14,360,1.0,Rural,Y
LP001280,Male,Yes,0,Graduate,No,10493,1226.38,41,36,1.0,Urban,Y
LP001281,Male,No,0,Not Graduate,No,6379,2359.7,37,360,1.0,Rural,Y
LP001282,Male,Yes,,Not Graduate,No,5882,0.0,9,360,1.0,Urban,Y
LP001283,Male,Yes,0,Graduate,No,8112,0.0,15,360,1.0,Rural,Y
LP001284,Male,Yes,0,Graduate,Yes,4789,3618.46,29,300,1.0,Semiurban,Y
LP001285,Female,No,2,Graduate,No,6723,4416.45,35,360,1.0,Urban,Y
LP001286,Female,Yes,0,Graduate,Yes,13959,0.0,,360,,Urban,Y
LP001287,Male,Yes,3+,Graduate,No,5025,0.0,16,240,1.0,Semiurban,Y
LP001288,Male,No,3+,Graduate,No,5370,5030.54,17,300,1.0,Urban,Y
LP001289,Male,Yes,0,Graduate,No,6673,2106.74,34,360,1.0,Rural,Y
LP001290,Male,No,0,Graduate,No,6322,0.0,9,360,1.0,Urban,Y
LP001291,Male,No,,Graduate,No,17136,3239.55,26,360,1.0,Semiurban,N
LP001292,Male,No,0,Graduate,No,5109,0.0,21,360,1.0,Urban,Y
LP001293,Male,No,0,Graduate,Yes,4792,2157.93,21,360,0.0,Urban,Y
LP001294,Male,No,0,Graduate,Yes,10105,0.0,21,360,1.0,Urban,Y
LP001295,Male,Yes,0,Graduate,No,6133,2209.75,15,360,1.0,Rural,Y
LP001296,Male,No,2,Graduate,No,10184,2719.85,16,60,0.0,Rural,Y
LP001297,Male,No,1,Graduate,No,6666,824.7,22,120,1.0,Rural,Y
LP001298,Male,Yes,2,Not Graduate,No,7773,2312.64,40,360,1.0,Semiurban,Y
LP001299,Female,Yes,1,Graduate,No,3918,0.0,,240,1.0,Urban,Y
LP001300,Male,No,1,Graduate,No,8760,0.0,32,180,1.0,Urban,Y
LP001301,Male,Yes,0,Graduate,Yes,8400,0.0,25,84,1.0,Semiurban,N
LP001302,Male,Yes,3+,Graduate,No,7016,0.0,9,240,,Urban,Y
LP001303,Female,Yes,3+,Graduate,No,4345,0.0,11,240,1.0,Urban,Y
LP001304,Male,Yes,2,Graduate,No,8397,0.0,9,300,1.0,Semiurban,Y
LP001305,Female,No,2,Not Graduate,No,7588,745.58,10,360,1.0,Urban,N
LP001306,Female,Yes,1,Graduate,No,5573,0.0,9,360,1.0,Semiurban,Y
LP001307,Male,No,0,Graduate,No,5915,0.0,24,360,0.0,Semiurban,N
LP001308,Male,No,2,Graduate,No,10213,1784.56,21,120,0.0,Rural,N
LP001309,Male,Yes,,Not Graduate,No,15013,0.0,38,180,1.0,Semiurban,Y
LP001310,Female,No,0,Not Graduate,No,8636,0.0,35,360,1.0,Semiurban,N
LP001311,Male,Yes,0,Graduate,No,8440,2751.19,37,360,1.0,Semiurban,Y
LP001312,Female,No,1,Graduate,No,5747,0.0,9,360,1.0,Urban,Y
LP001313,Male,No,0,Not Graduate,No,5634,0.0,14,300,0.0,Urban,N
LP001314,Male,Yes,0,Not Graduate,Yes,3518,1483.67,18,360,1.0,Urban,Y
LP001315,Male,No,0,Graduate,No,6779,2636.72,24,360,1.0,Semiurban,Y
LP001316,Male,Yes,0,Not Graduate,No,10923,4708.22,27,180,,Rural,Y
LP001317,Male,Yes,0,Graduate,No,7833,4446.84,39,360,0.0,Rural,N
LP001318,Male,No,0,Graduate,No,5676,0.0,13,300,1.0,Urban,Y
LP001319,Female,Yes,1,Graduate,No,5194,7413.61,,360,1.0,Urban,Y
LP001320,Female,Yes,0,Graduate,,6821,0.0,9,120,1.0,Urban,Y
LP001321,Male,Yes,0,Not Graduate,No,3643,4610.84,34,360,1.0,Rural,Y
LP001322,Male,,0,Graduate,No,5649,2560.34,34,360,0.0,Urban,N
LP001323,Male,No,0,Graduate,No,14628,0.0,30,360,1.0,Semiurban,Y
LP001324,Female,Yes,2,Graduate,No,4639,0.0,9,360,1.0,Urban,Y
LP001325,Male,Yes,0,Graduate,No,5838,0.0,9,240,,Rural,Y
LP001326,Female,Yes,0,Graduate,No,7853,0.0,23,360,1.0,Semiurban,N
LP001327,Male,No,1,Graduate,No,6070,0.0,10,360,1.0,Urban,Y
LP001328,Male,Yes,0,Graduate,No,7983,2941.25,34,360,1.0,Semiurban,Y
LP001329,Male,Yes,2,Graduate,No,11047,2828.06,59,360,1.0,Rural,Y
LP001330,Male,Yes,,Graduate,No,4742,2669.48,12,360,1.0,Semiurban,Y
LP001331,Female,Yes,1,Graduate,No,9727,0.0,17,360,1.0,Rural,Y
LP001332,Male,No,3+,Graduate,Yes,5765,3271.14,11,360,0.0,Rural,N
LP001333,Male,Yes,0,Not Graduate,No,5439,0.0,11,360,1.0,Semiurban,Y
LP001334,Female,Yes,0,Graduate,No,17572,1130.71,76,360,1.0,Rural,Y
LP001335,Female,No,0,Graduate,No,3618,0.0,9,360,0.0,Rural,N
LP001336,Female,Yes,0,Graduate,No,9005,1939.25,35,360,1.0,Semiurban,Y
LP001337,Male,Yes,0,Graduate,No,12470,0.0,29,180,1.0,Rural,Y
LP001338,Male,Yes,0,Not Graduate,No,4561,0.0,9,60,0.0,Semiurban,N
LP001339,Female,Yes,0,Graduate,No,5292,0.0,9,360,,Semiurban,Y
LP001340,Male,No,0,Graduate,No,6239,0.0,,360,1.0,Semiurban,Y
LP001341,Male,No,1,Graduate,No,5549,0.0,21,360,1.0,Rural,Y
LP001342,Female,No,0,Graduate,No,6614,1445.64,9,360,1.0,Rural,Y
LP001343,Male,No,0,Graduate,No,10696,0.0,32,300,1.0,Urban,Y
LP001344,Male,Yes,0,Graduate,No,6752,0.0,16,240,1.0,Semiurban,Y
LP001345,Female,Yes,1,Graduate,No,10579,0.0,10,84,1.0,Semiurban,Y
LP001346,Male,Yes,0,Graduate,No,14191,1271.89,31,120,1.0,Rural,Y
LP001347,Male,No,,Graduate,No,8665,0.0,14,360,1.0,Semiurban,Y
LP001348,Male,No,0,Not Graduate,No,7536,0.0,27,360,1.0,Urban,N
LP001349,Male,Yes,0,Not Graduate,No,4741,0.0,12,360,0.0,Urban,N
LP001350,Male,No,3+,Graduate,No,3318,1563.43,18,84,1.0,Urban,Y
LP001351,Female,No,0,Graduate,Yes,8484,2824.45,49,360,1.0,Urban,Y
LP001352,Female,No,0,Graduate,No,9425,1709.53,26,360,1.0,Urban,N
LP001353,Male,No,0,Graduate,No,7984,0.0,23,300,1.0,Urban,Y
LP001354,Male,Yes,0,Not Graduate,No,9783,0.0,,360,1.0,Rural,Y
LP001355,Female,Yes,0,Graduate,Yes,5537,3488.23,14,480,1.0,Semiurban,Y
LP001356,Male,Yes,0,Graduate,Yes,9508,0.0,11,360,1.0,Semiurban,Y
LP001357,Male,Yes,0,Graduate,No,14688,0.0,38,360,1.0,Rural,Y
LP001358,Male,No,3+,Graduate,No,9627,0.0,,240,1.0,Urban,Y
LP001359,Male,Yes,0,Graduate,Yes,13800,0.0,58,180,1.0,Rural,Y
LP001360,Male,Yes,0,Not Graduate,Yes,12342,0.0,32,120,1.0,Rural,Y
LP001361,Male,Yes,2,Graduate,No,5161,0.0,13,60,1.0,Semiurban,Y
LP001362,Male,Yes,0,Graduate,No,10366,0.0,28,360,0.0,Semiurban,Y
LP001363,Male,Yes,2,Not Graduate,No,4663,1855.01,16,120,0.0,Urban,N
LP001364,Male,Yes,0,Graduate,No,5328,3113.74,34,360,1.0,Semiurban,Y
LP001365,Male,No,1,Graduate,No,6440,0.0,20,360,,Semiurban,N
LP001366,Male,Yes,3+,Graduate,No,16879,0.0,63,360,1.0,Semiurban,Y
LP001367,Male,Yes,0,Graduate,No,6346,0.0,9,300,1.0,Semiurban,Y
LP001368,Male,Yes,2,Graduate,No,4511,0.0,18,120,1.0,Semiurban,Y
LP001369,Male,Yes,1,Graduate,No,4865,0.0,21,360,0.0,Urban,Y
LP001370,Male,No,2,Graduate,No,8848,4334.14,,180,,Urban,N
LP001371,Male,No,0,Graduate,No,5417,2911.66,36,360,1.0,Semiurban,Y
LP001372,Female,Yes,0,Graduate,No,3442,0.0,11,360,1.0,Urban,Y
LP001373,Male,No,0,Not Graduate,No,2915,0.0,9,360,1.0,Semiurban,Y
LP001374,Female,No,3+,Graduate,No,6932,0.0,9,180,,Rural,Y
LP001375,Female,Yes,0,Graduate,No,9845,0.0,19,240,1.0,Rural,Y
LP001376,Male,Yes,0,Not Graduate,No,5061,3267.57,31,360,1.0,Urban,Y
LP001377,Male,Yes,2,Graduate,No,10054,8635.1,42,360,1.0,Semiurban,Y
LP001378,Female,No,0,Graduate,No,10009,2973.29,41,360,0.0,Semiurban,N
LP001379,,Yes,1,Graduate,No,5871,1263.4,21,360,1.0,Semiurban,Y
LP001380,Male,Yes,,Graduate,No,7369,0.0,22,360,0.0,Rural,N
LP001381,Male,No,1,Not Graduate,No,4227,3433.84,17,120,1.0,Semiurban,Y
LP001382,Male,No,0,Graduate,No,9090,0.0,37,360,1.0,Urban,Y
LP001383,,No,0,Not Graduate,No,4203,0.0,9,180,1.0,Semiurban,N
LP001384,Female,No,0,Graduate,No,3873,0.0,14,360,1.0,Rural,Y
LP001385,Female,Yes,0,Graduate,No,7072,2176.43,10,240,1.0,Semiurban,Y
LP001386,Male,No,0,Graduate,,11868,5922.06,69,360,1.0,Rural,Y
LP001387,Male,Yes,0,Graduate,No,9476,0.0,34,360,1.0,Rural,Y
LP001388,Male,Yes,1,Graduate,No,11792,0.0,52,360,1.0,Rural,Y
LP001389,Female,No,0,Graduate,No,10030,0.0,14,360,0.0,Semiurban,N
LP001390,Male,Yes,0,Graduate,No,7840,0.0,29,360,1.0,Rural,Y
LP001391,Female,Yes,0,Not Graduate,,3934,3243.23,14,360,1.0,Rural,Y
LP001392,Female,Yes,0,Not Graduate,No,3416,0.0,9,360,1.0,Rural,Y
LP001393,Male,Yes,1,Graduate,No,4697,0.0,9,360,1.0,Rural,Y
LP001394,Male,Yes,0,Not Graduate,No,11333,0.0,39,360,1.0,Semiurban,Y
LP001395,Female,Yes,2,Graduate,No,6030,4351.51,44,360,1.0,Rural,Y
LP001396,Male,No,1,Graduate,No,4067,0.0,13,180,1.0,Semiurban,Y
LP001397,Male,No,2,Graduate,Yes,12607,0.0,24,360,1.0,Rural,Y
LP001398,Female,Yes,1,Graduate,No,7200,0.0,17,120,,Rural,Y
LP001399,Male,Yes,0,Graduate,,11583,2321.83,25,360,1.0,Rural,Y
LP001400,Male,No,3+,Graduate,Yes,6500,0.0,9,360,1.0,Semiurban,Y
LP001401,Male,Yes,2,Not Graduate,No,4353,0.0,16,360,1.0,Rural,Y
LP001402,Male,Yes,1,Graduate,No,9221,1934.2,15,84,1.0,Rural,Y
LP001403,Female,Yes,0,Not Graduate,No,7249,2765.12,32,360,1.0,Semiurban,Y
LP001404,Male,Yes,0,Graduate,No,6954,2231.54,22,180,1.0,Semiurban,Y
LP001405,,Yes,1,Graduate,Yes,13608,1864.64,19,360,1.0,Rural,Y
LP001406,Male,No,0,Graduate,Yes,10967,0.0,22,120,1.0,Rural,Y
LP001407,Female,No,1,Graduate,No,8397,1893.94,13,360,1.0,Semiurban,Y
LP001408,Male,Yes,0,Graduate,No,5325,1756.92,22,120,1.0,Semiurban,Y
LP001409,Female,Yes,0,Graduate,No,4320,0.0,14,360,0.0,Semiurban,N
LP001410,Male,Yes,0,Graduate,No,12891,0.0,53,300,1.0,Semiurban,Y
LP001411,Female,Yes,0,Graduate,No,3322,0.0,9,360,1.0,Urban,Y
LP001412,Female,No,0,Graduate,No,6153,0.0,9,180,0.0,Urban,N
LP001413,Female,Yes,2,Graduate,No,7366,1327.09,23,300,1.0,Rural,Y
LP001414,Female,No,0,Not Graduate,No,3663,0.0,14,120,1.0,Rural,Y
LP001415,Male,Yes,3+,Graduate,No,7611,0.0,22,360,1.0,Semiurban,Y
LP001416,Female,Yes,,Graduate,No,8324,5410.29,59,12,1.0,Rural,Y
LP001417,Male,Yes,2,Graduate,No,6255,3687.74,13,480,,Semiurban,Y
LP001418,Male,Yes,0,Graduate,No,11140,6988.95,63,360,1.0,Urban,Y
LP001419,Female,No,2,Graduate,No,8470,2726.83,,360,0.0,Rural,N
LP001420,Female,No,3+,Graduate,No,5911,4491.6,19,300,0.0,Urban,Y
LP001421,Male,Yes,1,Not Graduate,No,4293,1782.62,10,240,1.0,Urban,Y
LP001422,Male,Yes,0,Graduate,No,7454,0.0,17,360,0.0,Rural,N
LP001423,Male,No,1,Graduate,No,19737,2059.55,46,360,1.0,Semiurban,Y
LP001424,Male,No,0,Graduate,No,5419,0.0,11,360,0.0,Urban,N
LP001425,Male,Yes,0,Graduate,,15113,10114.01,88,360,,Semiurban,Y
LP001426,Male,,1,Graduate,No,4514,0.0,9,180,1.0,Semiurban,Y
LP001427,Male,Yes,2,Graduate,Yes,5732,0.0,20,360,1.0,Semiurban,Y
LP001428,Male,Yes,,Graduate,No,6349,0.0,17,360,1.0,Semiurban,Y
LP001429,Female,Yes,0,Graduate,No,10685,1607.17,19,360,1.0,Semiurban,Y
LP001430,Male,Yes,2,Graduate,Yes,7880,2641.09,35,360,1.0,Semiurban,Y
LP001431,Female,Yes,0,Graduate,No,12786,3954.1,38,300,1.0,Semiurban,Y
LP001432,Male,Yes,0,Graduate,No,6825,1462.06,12,360,0.0,Rural,Y
LP001433,Male,Yes,1,Not Graduate,Yes,6058,0.0,,360,1.0,Semiurban,Y
LP001434,Male,No,2,Not Graduate,No,4835,0.0,10,60,1.0,Rural,Y
LP001435,Male,Yes,0,Graduate,No,19378,2964.03,44,360,0.0,Rural,Y
LP001436,Female,Yes,0,Graduate,No,4509,0.0,12,360,1.0,Semiurban,Y
LP001437,Male,Yes,0,Graduate,No,6423,0.0,,300,1.0,Urban,Y
LP001438,Male,Yes,0,Not Graduate,Yes,4033,3777.4,27,300,1.0,Semiurban,Y
LP001439,Female,No,2,Graduate,No,8432,0.0,22,360,1.0,Rural,Y
LP001440,Female,Yes,2,Graduate,No,4478,1718.46,17,360,1.0,Urban,Y
LP001441,Male,Yes,0,Graduate,Yes,17466,0.0,52,360,1.0,Urban,Y
LP001442,Male,No,0,Not Graduate,No,5958,0.0,25,360,1.0,Semiurban,Y
LP001443,Male,No,0,Graduate,Yes,8594,4370.46,17,120,1.0,Rural,Y
LP001444,Male,No,0,Not Graduate,No,7288,3980.76,37,240,1.0,Urban,Y
LP001445,Male,Yes,0,Graduate,No,7655,0.0,9,84,1.0,Semiurban,Y
LP001446,Male,Yes,0,Graduate,No,8086,3602.45,22,360,1.0,Urban,Y
LP001447,Female,No,2,Graduate,No,6671,0.0,25,360,1.0,Rural,Y
LP001448,Male,Yes,0,Graduate,No,9511,0.0,21,180,1.0,Semiurban,Y
LP001449,Male,No,1,Graduate,No,5300,0.0,9,360,1.0,Semiurban,Y
LP001450,Male,No,0,Graduate,No,5010,4046.59,25,360,1.0,Rural,Y
LP001451,Female,Yes,2,Graduate,Yes,10043,0.0,25,360,1.0,Semiurban,Y
LP001452,Male,Yes,3+,Graduate,Yes,7709,0.0,32,360,1.0,Rural,Y
LP001453,Female,Yes,0,Graduate,No,3474,0.0,14,360,1.0,Urban,Y
LP001454,Female,Yes,0,Graduate,No,5695,5697.22,22,480,1.0,Urban,Y
LP001455,Male,No,2,Graduate,No,14607,0.0,56,360,1.0,Semiurban,Y
LP001456,Male,,0,Graduate,No,6763,1537.02,23,360,1.0,Urban,Y
LP001457,Male,Yes,0,Not Graduate,No,4873,0.0,14,360,1.0,Rural,Y
LP001458,Male,No,0,Not Graduate,No,2804,0.0,9,360,1.0,Semiurban,N
LP001459,Female,Yes,2,Not Graduate,No,3995,0.0,15,84,1.0,Urban,N
LP001460,Male,No,0,Graduate,,4744,0.0,14,360,0.0,Rural,Y
LP001461,Female,Yes,0,Graduate,Yes,8358,0.0,36,360,0.0,Semiurban,N
LP001462,Male,No,0,Not Graduate,No,5862,0.0,21,84,1.0,Semiurban,N
LP001463,Male,No,1,Graduate,No,6251,8062.88,37,360,1.0,Urban,Y
LP001464,,Yes,0,Graduate,No,5910,0.0,23,180,1.0,Rural,Y
LP001465,Male,Yes,2,Graduate,Yes,15081,0.0,31,360,1.0,Semiurban,Y
LP001466,Male,No,,Graduate,No,5518,0.0,22,360,1.0,Rural,Y
LP001467,Male,Yes,0,Graduate,No,6026,0.0,9,360,1.0,Rural,Y
LP001468,Male,No,0,Not Graduate,No,5048,2304.63,16,360,1.0,Semiurban,Y
LP001469,Female,No,2,Graduate,No,6119,2522.95,34,360,1.0,Urban,Y
LP001470,Male,No,2,Graduate,Yes,8863,0.0,,360,0.0,Semiurban,Y
LP001471,,Yes,0,Graduate,No,10589,5600.8,65,120,1.0,Urban,Y
LP001472,Male,Yes,0,Not Graduate,No,9511,1538.61,12,360,1.0,Rural,Y
LP001473,Male,No,0,Graduate,No,23419,0.0,77,60,1.0,Urban,Y
LP001474,Male,Yes,0,Not Graduate,No,3079,0.0,,360,0.0,Semiurban,N
LP001475,Male,Yes,0,Graduate,No,8444,4934.69,16,36,0.0,Semiurban,N
LP001476,Male,Yes,0,Not Graduate,No,4896,744.88,22,180,1.0,Semiurban,Y
LP001477,Male,No,0,Not Graduate,No,17213,1131.04,23,300,,Semiurban,Y
LP001478,Female,Yes,2,Graduate,,7460,2495.74,39,360,1.0,Rural,Y
LP001479,Male,Yes,2,Graduate,No,4254,4517.04,38,360,1.0,Rural,Y
LP001480,Male,Yes,2,Graduate,Yes,9177,1873.64,37,360,1.0,Rural,N
LP001481,Male,No,1,Not Graduate,No,6568,0.0,27,360,1.0,Semiurban,Y
LP001482,Male,Yes,1,Not Graduate,No,9043,7243.27,51,300,1.0,Semiurban,Y
LP001483,Male,No,0,Graduate,No,5483,2454.53,35,360,1.0,Rural,Y
LP001484,Male,No,1,Graduate,No,8283,0.0,31,360,1.0,Urban,N
LP001485,Male,No,,Not Graduate,No,4978,3163.78,27,360,0.0,Urban,N
LP001486,Male,No,0,Not Graduate,No,4085,0.0,18,360,0.0,Urban,N
LP001487,Female,Yes,3+,Graduate,No,8036,2808.45,29,360,1.0,Rural,Y
LP001488,Male,No,2,Not Graduate,No,6186,2209.51,22,300,1.0,Semiurban,Y
LP001489,Female,Yes,,Graduate,No,11228,2118.74,53,360,1.0,Urban,Y
LP001490,Male,No,1,Graduate,,7295,1404.68,29,360,0.0,Urban,N
LP001491,Male,Yes,0,Graduate,No,9860,3419.7,,360,1.0,Urban,Y
LP001492,Female,No,0,Graduate,No,3881,0.0,9,360,1.0,Semiurban,Y
LP001493,Male,No,0,Graduate,No,13647,0.0,41,360,1.0,Urban,Y
LP001494,Female,Yes,0,Graduate,No,5083,0.0,9,300,1.0,Rural,Y
LP001495,Male,No,1,Graduate,No,10748,0.0,29,360,1.0,Rural,Y
LP001496,Male,Yes,0,Graduate,No,8555,2475.66,,360,1.0,Rural,Y
LP001497,Female,Yes,0,Graduate,No,7333,0.0,13,180,1.0,Rural,Y
LP001498,Male,Yes,3+,Not Graduate,No,9055,0.0,37,360,0.0,Rural,N
LP001499,Male,Yes,0,Not Graduate,No,2661,0.0,,240,1.0,Rural,Y
LP001500,Male,Yes,0,Graduate,No,6283,0.0,26,360,1.0,Semiurban,Y
LP001501,Male,No,0,Not Graduate,No,8490,0.0,24,360,1.0,Rural,Y
LP001502,Female,Yes,0,Graduate,No,17572,0.0,74,360,1.0,Semiurban,Y
LP001503,Male,Yes,0,Graduate,No,7643,0.0,27,360,1.0,Semiurban,Y
LP001504,Male,No,1,Graduate,No,3438,0.0,9,360,1.0,Urban,Y
LP001505,Female,No,2,Graduate,No,5562,0.0,9,180,1.0,Semiurban,Y
LP001506,Male,Yes,0,Not Graduate,Yes,6040,0.0,24,360,0.0,Rural,N
LP001507,Female,No,0,Graduate,No,11063,0.0,38,360,,Semiurban,Y
LP001508,Male,Yes,0,Graduate,No,7859,857.51,12,360,1.0,Semiurban,Y
LP001509,Male,Yes,2,Graduate,No,5084,0.0,21,360,1.0,Semiurban,Y
LP001510,Female,Yes,0,Graduate,No,10761,0.0,29,360,0.0,Rural,N
LP001511,Male,No,0,Graduate,No,9211,3544.14,14,240,1.0,Rural,Y
LP001512,Male,Yes,3+,Graduate,No,6030,0.0,12,240,1.0,Semiurban,Y
LP001513,Male,Yes,1,Graduate,No,10369,0.0,41,360,1.0,Semiurban,Y
LP001514,Female,No,0,Graduate,No,5040,4048.65,22,300,1.0,Semiurban,Y
LP001515,Female,Yes,0,Graduate,No,6109,0.0,23,300,1.0,Rural,Y
LP001516,Male,Yes,0,Graduate,No,6376,0.0,15,240,1.0,Urban,Y
LP001517,Male,No,3+,Graduate,No,6380,1423.5,11,360,1.0,Rural,Y
LP001518,Female,No,0,Graduate,No,9968,0.0,16,360,1.0,Urban,Y
LP001519,Male,Yes,0,Graduate,No,4483,2074.41,26,360,1.0,Rural,Y
LP001520,Male,,0,Graduate,No,12332,0.0,20,360,1.0,Semiurban,Y
LP001521,Male,No,0,Not Graduate,No,6263,0.0,26,360,0.0,Rural,N
LP001522,Male,Yes,0,Graduate,No,6689,0.0,13,360,1.0,Rural,Y
LP001523,Female,Yes,2,Not Graduate,No,5476,1571.33,31,360,1.0,Rural,Y
LP001524,Female,Yes,0,Graduate,,4848,0.0,9,360,1.0,Rural,Y
LP001525,Male,Yes,2,Graduate,No,4646,0.0,13,360,1.0,Urban,Y
LP001526,Male,No,2,Graduate,No,5197,1385.44,9,360,1.0,Urban,Y
LP001527,Male,Yes,0,Graduate,No,4376,3199.45,,360,0.0,Urban,N
LP001528,Male,Yes,1,Graduate,No,4982,0.0,,360,1.0,Semiurban,Y
LP001529,Male,Yes,2,Graduate,No,4656,3775.35,13,180,1.0,Semiurban,Y
LP001530,Male,Yes,1,Graduate,No,13042,0.0,53,360,,Urban,Y
LP001531,Male,Yes,1,Graduate,No,5074,0.0,15,360,1.0,Rural,Y
LP001532,Male,No,0,Graduate,No,7094,0.0,25,120,1.0,Urban,Y
LP001533,Male,No,0,Not Graduate,No,10405,0.0,23,360,1.0,Semiurban,Y
LP001534,Male,Yes,1,Not Graduate,No,9484,7737.33,76,360,1.0,Semiurban,Y
LP001535,Male,Yes,0,Graduate,No,6917,3198.1,39,84,1.0,Rural,Y
LP001536,Male,Yes,0,Graduate,No,6928,0.0,29,240,1.0,Urban,Y
LP001537,Female,Yes,0,Graduate,No,7475,0.0,11,360,1.0,Rural,Y
LP001538,Female,Yes,0,Not Graduate,No,17954,0.0,34,300,,Semiurban,Y
LP001539,Female,Yes,2,Graduate,Yes,8296,0.0,32,180,1.0,Semiurban,Y
LP001540,Male,No,2,Graduate,Yes,9638,3242.13,43,84,1.0,Urban,Y
LP001541,Female,No,2,Not Graduate,No,19145,2790.21,51,360,1.0,Rural,Y
LP001542,Male,Yes,0,Graduate,No,8606,0.0,22,360,1.0,Rural,Y
LP001543,Male,No,0,Graduate,Yes,12086,1494.85,34,360,0.0,Semiurban,N
LP001544,Male,Yes,2,Not Graduate,Yes,7846,1367.55,27,360,1.0,Urban,Y
LP001545,Male,Yes,0,Not Graduate,No,7789,0.0,21,84,,Semiurban,Y
LP001546,Male,No,1,Graduate,Yes,5057,0.0,13,180,,Semiurban,N
LP001547,Male,Yes,1,Graduate,No,5296,1155.69,13,240,1.0,Urban,Y
LP001548,Female,Yes,0,Graduate,No,5614,1367.94,,360,1.0,Rural,Y
LP001549,Male,No,0,Graduate,No,10642,0.0,17,120,1.0,Semiurban,Y
LP001550,Male,Yes,1,Graduate,No,10908,0.0,18,360,1.0,Rural,Y
LP001551,Male,No,0,Graduate,Yes,13237,2502.15,53,360,1.0,Semiurban,Y
LP001552,Male,,2,Graduate,No,7682,0.0,33,180,0.0,Semiurban,N
LP001553,Male,No,1,Graduate,No,9086,0.0,15,360,1.0,Rural,N
LP001554,Male,Yes,0,Not Graduate,Yes,8103,4110.47,51,360,,Semiurban,Y
LP001555,Male,Yes,1,Not Graduate,No,5907,1962.03,25,360,,Urban,Y
LP001556,Female,Yes,0,Graduate,No,6052,0.0,26,360,1.0,Semiurban,N
LP001557,Female,No,0,Graduate,No,3516,2837.64,15,360,1.0,Semiurban,Y
LP001558,Male,Yes,3+,Graduate,Yes,7284,1289.28,29,300,1.0,Rural,Y
LP001559,Male,No,1,Graduate,No,6917,0.0,20,360,1.0,Rural,Y
LP001560,Female,Yes,1,Graduate,No,11707,0.0,51,120,0.0,Rural,Y
LP001561,Female,Yes,2,Graduate,No,12298,0.0,14,360,1.0,Rural,Y
LP001562,Male,Yes,0,Graduate,No,8163,0.0,9,360,1.0,Urban,Y
LP001563,Female,Yes,0,Graduate,Yes,18950,0.0,76,360,1.0,Urban,Y
LP001564,Female,No,0,Graduate,No,7008,0.0,9,360,1.0,Urban,Y
LP001565,,Yes,0,Not Graduate,No,9633,0.0,40,360,1.0,Semiurban,Y
LP001566,Male,No,0,Graduate,No,6928,0.0,9,360,1.0,Urban,Y
LP001567,Male,Yes,0,Graduate,No,5279,0.0,9,84,1.0,Urban,Y
LP001568,Male,Yes,1,Graduate,No,6608,0.0,14,300,1.0,Rural,Y
LP001569,Male,Yes,0,Not Graduate,No,13201,0.0,,180,1.0,Urban,Y
LP001570,Male,No,1,Graduate,No,6494,0.0,19,360,1.0,Urban,N
LP001571,Male,No,2,Graduate,No,6014,1711.75,32,360,0.0,Semiurban,N
LP001572,Male,Yes,3+,Graduate,No,7702,0.0,24,120,1.0,Urban,Y
LP001573,Male,Yes,0,Graduate,No,6690,0.0,20,360,1.0,Urban,Y
LP001574,Female,Yes,3+,Graduate,No,12059,2345.99,43,360,1.0,Urban,Y
LP001575,Male,Yes,2,Not Graduate,No,16533,4189.66,50,60,1.0,Semiurban,Y
LP001576,Male,Yes,0,Graduate,No,7732,1515.81,29,360,1.0,Rural,Y
LP001577,Female,Yes,0,Graduate,No,8797,3933.7,56,360,,Semiurban,Y
LP001578,Female,No,0,Graduate,No,10305,0.0,45,12,1.0,Rural,Y
LP001579,Female,No,1,Graduate,No,6745,0.0,9,360,1.0,Rural,Y
LP001580,Female,No,0,Graduate,Yes,4402,0.0,11,180,,Rural,Y
LP001581,Female,No,0,Graduate,,5344,0.0,16,12,,Rural,N
LP001582,Male,Yes,2,Not Graduate,No,7593,0.0,26,360,1.0,Semiurban,N
LP001583,Male,No,0,Graduate,No,8524,0.0,17,120,1.0,Urban,Y
LP001584,Male,Yes,0,Not Graduate,No,2976,0.0,13,360,1.0,Urban,Y
LP001585,Male,Yes,2,Not Graduate,Yes,5082,0.0,12,300,1.0,Urban,Y
LP001586,Female,Yes,3+,Graduate,No,5158,0.0,10,180,,Rural,Y
LP001587,Male,Yes,2,Graduate,No,11144,6333.56,65,480,1.0,Semiurban,Y
LP001588,Male,No,0,Not Graduate,Yes,4032,0.0,12,300,1.0,Urban,Y
LP001589,Male,No,0,Not Graduate,No,4526,0.0,18,360,1.0,Urban,Y
LP001590,Male,Yes,0,Graduate,No,6449,2518.82,12,300,1.0,Rural,Y
LP001591,Male,Yes,0,Not Graduate,No,9201,4353.24,16,360,1.0,Semiurban,N
LP001592,Male,No,0,Graduate,No,11089,0.0,47,180,1.0,Urban,Y
LP001593,Female,Yes,3+,Graduate,Yes,8608,0.0,22,120,1.0,Rural,Y
LP001594,Male,No,1,Graduate,No,11845,0.0,20,360,1.0,Rural,Y
LP001595,Female,No,0,Graduate,No,11813,0.0,42,180,0.0,Semiurban,N
LP001596,Male,Yes,0,Graduate,No,4458,3243.69,34,360,1.0,Semiurban,Y
LP001597,Male,Yes,0,Graduate,No,9810,0.0,44,360,1.0,Semiurban,Y
LP001598,Male,Yes,0,Graduate,No,6736,0.0,29,360,0.0,Semiurban,N
LP001599,Female,Yes,1,Not Graduate,No,2812,0.0,9,84,1.0,Rural,Y
LP001600,Male,Yes,0,Graduate,No,6856,0.0,27,360,,Rural,N
LP001601,Female,Yes,2,Graduate,No,9619,1069.22,15,300,1.0,Semiurban,Y
LP001602,Male,Yes,0,Graduate,No,14568,0.0,32,60,1.0,Semiurban,Y
LP001603,Male,Yes,0,Graduate,No,4992,0.0,9,360,1.0,Rural,Y
LP001604,Female,Yes,3+,Graduate,No,9122,4615.32,30,180,1.0,Urban,Y
LP001605,Male,No,0,Graduate,No,18284,1337.44,36,300,1.0,Urban,Y
LP001606,Male,Yes,0,Graduate,No,17541,0.0,72,360,1.0,Rural,Y
LP001607,Female,No,1,Not Graduate,No,1500,0.0,9,84,1.0,Urban,N
LP001608,Male,,0,Graduate,No,20966,1593.44,36,180,1.0,Semiurban,Y
LP001609,Male,Yes,0,Graduate,No,11548,0.0,16,360,0.0,Semiurban,Y
LP001610,Male,Yes,0,Not Graduate,No,2530,0.0,9,360,0.0,Urban,N
LP001611,Male,No,0,Graduate,,5404,0.0,16,360,1.0,Urban,Y
LP001612,Female,Yes,0,Graduate,No,12453,1871.29,58,360,1.0,Rural,Y
LP001613,Female,Yes,0,Graduate,No,8100,2455.15,38,300,1.0,Urban,Y
LP001614,Male,Yes,2,Graduate,No,6282,2885.25,22,360,1.0,Urban,N
LP001615,Female,No,2,Graduate,No,6614,0.0,28,240,0.0,Semiurban,N
LP001616,Male,Yes,0,Not Graduate,No,8119,3382.92,33,300,1.0,Urban,Y
LP001617,Male,Yes,0,Graduate,Yes,6271,2738.59,33,60,1.0,Semiurban,Y
LP001618,Male,No,0,Not Graduate,,5353,2740.15,,360,1.0,Rural,Y
LP001619,Female,Yes,0,Graduate,No,10418,2268.06,42,180,1.0,Rural,Y
LP001620,Male,Yes,0,Graduate,No,6027,0.0,13,360,0.0,Semiurban,N
LP001621,Male,No,2,Graduate,No,4477,0.0,9,60,0.0,Semiurban,N
LP001622,Male,Yes,0,Graduate,No,6153,2572.51,27,60,1.0,Rural,Y
LP001623,Female,Yes,0,Graduate,Yes,4883,1275.25,12,300,1.0,Rural,Y
LP001624,Male,Yes,1,Graduate,No,6218,0.0,18,360,0.0,Rural,N
LP001625,Male,Yes,2,Graduate,No,4543,0.0,,360,1.0,Urban,Y
LP001626,Female,No,0,Graduate,No,7161,0.0,18,360,1.0,Urban,Y
LP001627,Male,Yes,0,Graduate,No,11071,0.0,17,360,1.0,Urban,Y
LP001628,Male,Yes,3+,Graduate,No,5819,2022.36,29,300,1.0,Urban,Y
LP001629,Male,Yes,0,Graduate,No,6123,0.0,,60,,Urban,Y
LP001630,Male,No,1,Graduate,Yes,6692,0.0,9,360,0.0,Rural,N
LP001631,Male,No,1,Graduate,Yes,5144,820.58,12,360,,Urban,N
LP001632,Female,Yes,0,Graduate,Yes,10868,0.0,13,84,1.0,Urban,Y
LP001633,Male,No,0,Graduate,No,5183,0.0,11,84,0.0,Rural,N
LP001634,Male,Yes,0,Graduate,No,6384,0.0,,360,1.0,Rural,Y
LP001635,Female,No,0,Graduate,No,4608,3791.95,31,300,1.0,Urban,Y
LP001636,Male,Yes,0,Graduate,No,11795,1016.76,33,360,1.0,Urban,Y
LP001637,Male,Yes,2,Not Graduate,Yes,5578,0.0,9,180,1.0,Rural,N
LP001638,Female,No,1,Not Graduate,No,16250,1267.99,77,360,0.0,Rural,N
LP001639,Male,No,3+,Graduate,No,8376,3922.68,47,360,1.0,Semiurban,Y
LP001640,Female,Yes,3+,Graduate,No,11848,0.0,12,360,0.0,Semiurban,N
LP001641,Female,Yes,1,Graduate,No,6045,10869.21,52,120,1.0,Semiurban,Y
LP001642,Male,No,0,Graduate,,5091,1763.94,29,360,1.0,Rural,Y
LP001643,Male,Yes,0,Graduate,No,7617,2343.22,42,360,1.0,Urban,Y
LP001644,Male,Yes,1,Graduate,No,6070,2662.62,20,36,1.0,Semiurban,Y
LP001645,Male,Yes,1,Graduate,Yes,4281,2135.84,20,360,1.0,Rural,Y
LP001646,Male,Yes,0,Graduate,,11828,0.0,37,240,1.0,Semiurban,Y
LP001647,Male,Yes,1,Graduate,No,7812,0.0,27,360,1.0,Urban,Y
LP001648,Female,Yes,0,Graduate,Yes,5228,1744.35,29,360,1.0,Rural,Y
LP001649,Female,No,0,Not Graduate,No,6159,0.0,16,360,0.0,Semiurban,N
LP001650,Female,Yes,2,Not Graduate,No,5555,2298.08,9,360,1.0,Urban,Y
LP001651,Male,No,0,Graduate,No,13751,2714.29,58,180,1.0,Semiurban,Y
LP001652,Male,No,0,Not Graduate,No,7172,0.0,30,360,0.0,Urban,N
LP001653,Male,No,0,Not Graduate,No,5273,0.0,21,360,1.0,Rural,N
LP001654,Male,Yes,0,Graduate,No,10250,2654.47,14,84,1.0,Urban,Y
LP001655,Female,Yes,0,Graduate,No,6809,0.0,27,360,1.0,Rural,Y
LP001656,Male,Yes,1,Not Graduate,No,6787,3317.46,15,60,1.0,Semiurban,Y
LP001657,Male,Yes,0,Graduate,Yes,13056,0.0,57,36,1.0,Rural,Y
LP001658,Female,No,1,Graduate,No,3937,0.0,14,360,1.0,Rural,N
LP001659,Male,No,0,Graduate,No,5227,0.0,,36,1.0,Rural,Y
LP001660,Male,Yes,3+,Graduate,No,6621,0.0,9,84,1.0,Rural,Y
LP001661,Male,Yes,2,Graduate,No,6972,0.0,13,36,1.0,Semiurban,Y
LP001662,Male,No,0,Not Graduate,No,10637,0.0,19,360,,Urban,N
LP001663,Female,Yes,0,Graduate,No,4103,765.38,9,60,1.0,Urban,Y
LP001664,Male,No,0,Graduate,No,7128,0.0,29,360,0.0,Semiurban,N
LP001665,Female,Yes,1,Graduate,No,5531,0.0,9,180,1.0,Semiurban,Y
LP001666,Female,No,1,Graduate,No,15133,0.0,67,300,1.0,Semiurban,Y
LP001667,Female,No,1,Graduate,No,9852,0.0,18,300,1.0,Urban,Y
LP001668,Male,Yes,2,Graduate,No,8471,0.0,25,360,1.0,Rural,Y
LP001669,Male,Yes,0,Graduate,No,11589,0.0,39,360,1.0,Urban,Y
LP001670,Female,No,1,Graduate,No,3726,2930.75,13,360,1.0,Semiurban,Y
LP001671,Male,Yes,0,Not Graduate,No,17889,1606.35,50,360,1.0,Semiurban,Y
LP001672,Male,Yes,1,Not Graduate,No,4265,1371.12,20,300,1.0,Semiurban,Y
LP001673,Female,Yes,0,Graduate,No,12448,7561.9,24,180,1.0,Rural,Y
LP001674,Male,Yes,2,Graduate,No,9643,1567.2,25,360,0.0,Semiurban,N
LP001675,Female,No,0,Graduate,No,7259,0.0,27,300,1.0,Rural,Y
LP001676,Female,Yes,0,Not Graduate,No,10689,2793.52,29,360,1.0,Urban,Y
LP001677,Female,Yes,0,Not Graduate,No,9436,1926.83,13,60,1.0,Urban,Y
LP001678,Male,No,3+,Graduate,Yes,7541,3387.07,18,360,1.0,Rural,Y
LP001679,Female,Yes,0,Not Graduate,Yes,4316,5780.19,34,300,1.0,Urban,Y
LP001680,Male,Yes,0,Graduate,No,8091,0.0,35,360,1.0,Rural,Y
LP001681,Female,No,0,Graduate,No,6120,0.0,11,360,0.0,Rural,N
LP001682,Female,No,0,Graduate,No,7577,0.0,21,180,1.0,Urban,Y
LP001683,Female,Yes,2,Graduate,No,11066,0.0,20,120,1.0,Rural,Y
LP001684,Male,No,3+,Graduate,No,8810,0.0,37,180,1.0,Semiurban,Y
LP001685,Male,Yes,2,Graduate,Yes,8291,2051.28,42,300,0.0,Urban,N
LP001686,Male,Yes,2,Not Graduate,No,4619,0.0,10,360,0.0,Semiurban,N
LP001687,Male,No,0,Not Graduate,No,6771,0.0,9,480,1.0,Semiurban,Y
LP001688,Male,No,0,Graduate,No,4076,0.0,12,360,1.0,Rural,Y
LP001689,Male,Yes,1,Graduate,No,5845,0.0,18,360,0.0,Urban,N
LP001690,Male,Yes,1,Graduate,No,9870,0.0,31,360,1.0,Semiurban,Y
LP001691,Female,Yes,0,Graduate,No,10359,0.0,21,300,1.0,Semiurban,Y
LP001692,Female,Yes,2,Not Graduate,No,5354,0.0,9,360,0.0,Urban,N
LP001693,,No,,Graduate,No,7844,0.0,9,360,1.0,Semiurban,Y
LP001694,Female,No,0,Graduate,No,7637,5244.88,48,180,0.0,Rural,N
LP001695,Male,Yes,0,Not Graduate,No,8697,0.0,24,360,1.0,Rural,Y
LP001696,Male,Yes,2,Graduate,No,7155,0.0,13,360,1.0,Rural,Y
LP001697,Male,Yes,1,Graduate,No,5525,0.0,23,180,1.0,Urban,Y
LP001698,Female,Yes,0,Graduate,No,8200,0.0,33,360,1.0,Semiurban,Y
LP001699,Female,No,2,Not Graduate,No,15914,0.0,61,240,0.0,Urban,N
LP001700,Female,Yes,2,Not Graduate,No,3325,0.0,10,180,1.0,Rural,Y
LP001701,Female,Yes,0,Graduate,No,6554,0.0,20,240,0.0,Urban,N
LP001702,Female,Yes,2,Graduate,No,5898,0.0,16,360,1.0,Urban,Y
LP001703,Male,No,0,Graduate,No,23208,0.0,38,300,0.0,Rural,N
LP001704,Male,Yes,0,Graduate,No,5561,4091.79,34,60,1.0,Semiurban,Y
LP001705,Male,Yes,0,Graduate,No,7263,0.0,20,360,1.0,Semiurban,Y
LP001706,Female,Yes,0,Graduate,No,5948,1647.7,22,240,,Rural,Y
LP001707,Male,Yes,0,Graduate,No,5115,0.0,17,360,1.0,Semiurban,Y
LP001708,Male,Yes,0,Graduate,No,5041,0.0,11,360,1.0,Semiurban,Y
LP001709,Female,Yes,0,Graduate,No,8912,3004.8,41,84,0.0,Rural,N
LP001710,Male,Yes,1,Graduate,No,10319,0.0,19,240,0.0,Rural,Y
LP001711,Female,Yes,1,Graduate,No,5513,4215.93,39,300,1.0,Urban,Y
LP001712,Male,No,0,Graduate,No,13746,3342.66,76,360,1.0,Rural,N
LP001713,Female,Yes,0,Graduate,No,3273,5090.16,25,360,1.0,Semiurban,Y
LP001714,Female,Yes,0,Graduate,No,4309,2374.63,15,180,0.0,Rural,N
LP001715,Male,Yes,2,Graduate,No,5796,0.0,11,180,1.0,Semiurban,Y
LP001716,Female,No,2,Graduate,No,6388,0.0,26,12,1.0,Urban,Y
LP001717,Male,No,,Graduate,No,6049,0.0,12,360,,Rural,Y
LP001718,Male,No,1,Graduate,No,6656,0.0,25,300,0.0,Urban,N
LP001719,Male,Yes,1,Graduate,No,9375,0.0,22,360,1.0,Rural,Y
LP001720,Female,Yes,3+,Graduate,No,13780,0.0,56,360,1.0,Rural,Y
LP001721,Male,Yes,0,Graduate,No,10754,0.0,27,60,1.0,Rural,Y
LP001722,Male,Yes,0,Graduate,No,7883,1729.19,29,360,0.0,Urban,N
LP001723,Male,Yes,1,Graduate,No,7484,0.0,10,360,1.0,Semiurban,Y
LP001724,Male,Yes,0,Graduate,No,12317,0.0,54,240,0.0,Urban,N
LP001725,Male,Yes,0,Not Graduate,No,16522,0.0,49,360,0.0,Semiurban,Y
LP001726,Male,Yes,0,Graduate,Yes,10008,0.0,31,360,1.0,Semiurban,Y
LP001727,Male,Yes,0,Not Graduate,No,4962,1656.43,9,240,1.0,Semiurban,Y
LP001728,Female,Yes,,Graduate,No,7741,0.0,26,360,0.0,Semiurban,N
LP001729,Male,No,1,Not Graduate,No,7761,1564.04,23,12,1.0,Rural,Y
LP001730,Male,Yes,0,Not Graduate,No,4822,0.0,11,240,1.0,Urban,Y
LP001731,Female,No,2,Graduate,No,9762,0.0,25,360,1.0,Semiurban,Y
LP001732,Male,Yes,0,Graduate,No,8558,0.0,24,360,1.0,Semiurban,Y
LP001733,Female,No,3+,Graduate,No,11385,0.0,43,12,1.0,Urban,Y
LP001734,Male,No,0,Graduate,Yes,5035,1664.32,14,360,1.0,Rural,Y
LP001735,Female,Yes,2,Graduate,No,3728,1337.16,20,12,1.0,Semiurban,Y
LP001736,Female,No,3+,Not Graduate,No,3882,0.0,9,360,1.0,Rural,Y
LP001737,Female,Yes,2,Graduate,Yes,6985,0.0,19,360,1.0,Semiurban,Y
LP001738,Male,Yes,2,Not Graduate,Yes,2968,1794.21,16,360,1.0,Rural,Y
LP001739,Male,No,0,Not Graduate,Yes,4211,0.0,18,360,0.0,Rural,N
LP001740,Female,Yes,1,Not Graduate,No,11116,0.0,26,360,0.0,Urban,Y
LP001741,Male,Yes,1,Graduate,,9568,2568.53,40,180,1.0,Semiurban,Y
LP001742,Male,Yes,0,Graduate,No,8139,2025.33,38,480,1.0,Rural,Y
LP001743,Male,Yes,,Not Graduate,Yes,3908,0.0,15,240,1.0,Urban,Y
LP001744,Female,Yes,0,Graduate,,12406,0.0,52,360,1.0,Semiurban,Y
LP001745,Male,Yes,0,Graduate,No,6626,0.0,14,360,1.0,Semiurban,Y
LP001746,Male,Yes,3+,Graduate,No,8003,0.0,31,360,1.0,Urban,Y
LP001747,Female,Yes,0,Graduate,No,8275,2911.39,48,360,1.0,Semiurban,Y
LP001748,Male,Yes,0,Not Graduate,No,6746,2695.8,24,360,1.0,Rural,Y
LP001749,Male,Yes,0,Graduate,No,14828,0.0,50,360,1.0,Urban,Y
LP001750,Male,No,2,Graduate,No,9240,2785.89,25,360,1.0,Urban,Y
LP001751,Male,Yes,2,Graduate,No,8820,2576.62,21,360,1.0,Rural,Y
LP001752,Male,Yes,0,Graduate,No,7466,0.0,14,240,1.0,Rural,Y
LP001753,Female,No,1,Graduate,No,7868,0.0,9,240,,Semiurban,Y
LP001754,Female,No,0,Graduate,Yes,5832,5222.92,33,360,1.0,Semiurban,Y
LP001755,Male,Yes,1,Graduate,No,8306,0.0,33,180,1.0,Urban,Y
LP001756,Male,Yes,1,Graduate,No,6803,0.0,13,360,1.0,Rural,Y
LP001757,Male,No,3+,Graduate,No,5942,0.0,9,300,1.0,Urban,N
LP001758,Female,No,0,Graduate,,4336,0.0,9,360,,Rural,Y
LP001759,Female,Yes,0,Graduate,No,6176,2190.01,30,360,1.0,Rural,Y
LP001760,Female,Yes,1,Not Graduate,No,4515,0.0,11,360,1.0,Urban,Y
LP001761,,Yes,0,Not Graduate,No,16029,0.0,59,360,1.0,Semiurban,Y
LP001762,Male,Yes,0,Graduate,No,11712,0.0,20,84,1.0,Rural,Y
LP001763,,No,0,Graduate,No,6835,0.0,,300,1.0,Rural,Y
LP001764,Male,No,0,Graduate,Yes,6112,0.0,21,360,1.0,Semiurban,Y
LP001765,Male,Yes,3+,Not Graduate,No,8408,1569.98,38,360,1.0,Urban,Y
LP001766,Male,Yes,0,Not Graduate,No,17062,0.0,57,360,1.0,Semiurban,Y
LP001767,Female,No,1,Graduate,No,9426,0.0,39,360,1.0,Semiurban,Y
LP001768,Male,Yes,2,Graduate,No,4551,642.54,9,360,1.0,Semiurban,Y
LP001769,Male,No,0,Graduate,No,10549,0.0,30,360,1.0,Urban,Y
LP001770,Female,Yes,0,Graduate,No,11174,1463.96,32,360,1.0,Rural,Y
LP001771,Male,Yes,0,Not Graduate,No,19689,0.0,88,60,1.0,Semiurban,Y
LP001772,Female,Yes,0,Not Graduate,No,4734,0.0,13,36,1.0,Urban,Y
LP001773,Male,Yes,0,Not Graduate,No,6640,0.0,22,360,1.0,Urban,N
LP001774,Female,No,1,Graduate,No,7939,0.0,33,360,1.0,Urban,Y
LP001775,Male,Yes,0,Graduate,No,5907,2395.8,12,240,1.0,Semiurban,Y
LP001776,Male,Yes,0,Not Graduate,Yes,4243,0.0,9,360,1.0,Urban,Y
LP001777,Male,Yes,0,Graduate,Yes,9045,1215.3,21,180,0.0,Semiurban,N
LP001778,Male,Yes,0,Graduate,No,4747,3715.62,11,360,0.0,Urban,N
LP001779,Male,Yes,0,Graduate,No,5030,2286.39,21,360,1.0,Urban,N
LP001780,Male,No,3+,Graduate,No,10317,2133.97,25,360,1.0,Urban,Y
LP001781,Male,Yes,0,Graduate,No,9425,0.0,14,360,1.0,Semiurban,Y
LP001782,Female,Yes,0,Not Graduate,No,10902,3991.86,16,360,,Semiurban,Y
LP001783,Male,Yes,1,Graduate,No,9289,1921.57,12,360,1.0,Semiurban,Y
LP001784,Male,Yes,1,Graduate,No,7745,0.0,18,360,1.0,Rural,Y
LP001785,Male,No,1,Graduate,No,12951,0.0,40,360,0.0,Semiurban,N
LP001786,Female,Yes,0,Graduate,No,5813,0.0,10,360,1.0,Semiurban,Y
LP001787,Male,Yes,1,Graduate,No,6823,0.0,28,360,0.0,Urban,N
LP001788,Male,No,0,Graduate,No,7028,0.0,12,180,1.0,Semiurban,Y
LP001789,Female,No,2,Graduate,No,7939,0.0,15,360,1.0,Urban,Y
LP001790,Male,No,0,Graduate,No,7022,0.0,14,120,1.0,Semiurban,Y
LP001791,Female,Yes,1,Graduate,No,4016,0.0,9,360,1.0,Semiurban,Y
LP001792,Male,Yes,1,Graduate,No,6988,0.0,31,360,1.0,Rural,Y
LP001793,Male,No,1,Graduate,No,7122,2134.99,32,240,1.0,Semiurban,Y
LP001794,Male,Yes,0,Graduate,No,8065,6074.87,29,360,1.0,Semiurban,Y
LP001795,Female,Yes,1,Graduate,No,5753,0.0,25,360,0.0,Urban,N
LP001796,Male,Yes,1,Graduate,No,9456,1731.18,36,360,0.0,Rural,N
LP001797,Male,No,0,Graduate,No,4169,1956.53,22,36,1.0,Urban,Y
LP001798,Male,Yes,0,Graduate,No,9107,0.0,20,180,0.0,Urban,N
LP001799,Male,Yes,0,Graduate,No,17210,0.0,30,360,1.0,Urban,Y
LP001800,Male,Yes,0,Graduate,No,6214,0.0,15,360,0.0,Rural,N
LP001801,Male,Yes,2,Graduate,No,7887,0.0,19,300,0.0,Rural,N
LP001802,,No,0,Graduate,No,6537,730.63,32,360,,Urban,Y
LP001803,Male,Yes,1,Graduate,No,7080,0.0,10,360,1.0,Urban,Y
LP001804,Male,Yes,2,Graduate,No,5451,2093.68,11,240,1.0,Rural,Y
LP001805,Male,No,1,Graduate,No,18535,2901.87,68,360,1.0,Urban,Y
LP001806,Male,No,,Not Graduate,No,6994,0.0,20,36,1.0,Urban,Y
LP001807,Male,Yes,1,Graduate,Yes,6086,0.0,17,360,1.0,Semiurban,Y
LP001808,Male,No,0,Graduate,No,5369,2055.42,18,360,1.0,Semiurban,Y
LP001809,Male,Yes,0,Graduate,No,7899,5061.68,29,360,1.0,Semiurban,Y
LP001810,Male,No,2,Graduate,No,3638,0.0,,480,0.0,Semiurban,Y
LP001811,Male,Yes,3+,Not Graduate,No,10543,567.73,41,240,1.0,Rural,Y
LP001812,Male,Yes,0,Not Graduate,Yes,4910,6338.77,28,360,1.0,Semiurban,Y
LP001813,,Yes,3+,Not Graduate,No,6706,1051.83,32,360,0.0,Urban,N
LP001814,Male,Yes,3+,Graduate,No,9182,0.0,25,360,1.0,Urban,Y
LP001815,Female,Yes,0,Not Graduate,,9270,1069.11,43,360,1.0,Rural,N
LP001816,Male,Yes,,Graduate,No,9404,0.0,39,180,1.0,Urban,Y
LP001817,Female,Yes,1,Not Graduate,No,8176,2264.55,30,84,0.0,Semiurban,N
LP001818,Male,Yes,0,Graduate,No,11858,0.0,44,180,0.0,Urban,Y
LP001819,Male,,0,Not Graduate,No,5331,3627.76,12,360,1.0,Urban,Y
LP001820,Male,No,0,Graduate,No,20169,1205.06,30,360,1.0,Semiurban,Y
LP001821,Female,No,2,Graduate,Yes,7573,854.58,29,360,1.0,Urban,Y
LP001822,Male,No,0,Not Graduate,No,5632,0.0,9,36,1.0,Semiurban,Y
LP001823,Male,Yes,2,Graduate,No,5767,0.0,20,360,1.0,Semiurban,Y
LP001824,Male,Yes,1,Not Graduate,No,5640,1639.74,13,360,,Rural,Y
LP001825,Female,Yes,,Graduate,No,8254,0.0,15,360,1.0,Semiurban,Y
LP001826,Male,Yes,0,Graduate,No,8003,928.86,20,360,0.0,Urban,N
LP001827,Male,Yes,0,Graduate,Yes,17512,0.0,74,84,1.0,Rural,Y
LP001828,Male,No,0,Graduate,Yes,6189,0.0,21,60,1.0,Rural,Y
LP001829,Female,Yes,0,Graduate,No,9387,1275.17,38,360,0.0,Urban,N
LP001830,Male,No,0,Graduate,No,4801,4983.85,36,360,1.0,Semiurban,Y
LP001831,Male,Yes,0,Graduate,Yes,21013,1399.11,87,360,1.0,Semiurban,Y
LP001832,Female,Yes,0,Graduate,No,4401,0.0,9,360,1.0,Semiurban,N
LP001833,Male,Yes,1,Graduate,No,19861,0.0,85,360,0.0,Urban,Y
LP001834,Male,No,0,Not Graduate,No,5330,540.74,14,360,1.0,Urban,Y
LP001835,Male,Yes,0,Not Graduate,No,2585,1936.58,13,360,0.0,Urban,Y
LP001836,Male,Yes,2,Graduate,No,13861,3773.47,67,180,1.0,Urban,Y
LP001837,Male,Yes,0,Graduate,,7963,0.0,31,300,1.0,Semiurban,Y
LP001838,Male,Yes,3+,Graduate,No,6544,0.0,18,360,1.0,Rural,Y
LP001839,Female,No,1,Graduate,No,8722,1837.11,30,360,1.0,Semiurban,Y
LP001840,Female,No,0,Not Graduate,No,7322,3277.5,25,180,1.0,Semiurban,Y
LP001841,Male,No,3+,Graduate,No,8602,0.0,10,360,1.0,Urban,Y
LP001842,Male,No,2,Graduate,No,12011,0.0,39,84,1.0,Semiurban,Y
LP001843,Male,No,1,Graduate,No,8018,2489.73,35,360,1.0,Rural,Y
LP001844,Female,Yes,0,Graduate,No,9257,0.0,24,360,1.0,Rural,Y
LP001845,Male,Yes,0,Not Graduate,No,4893,0.0,9,300,1.0,Semiurban,Y
LP001846,Male,Yes,0,Graduate,No,10580,1388.65,35,180,1.0,Semiurban,Y
LP001847,Male,Yes,2,Graduate,Yes,6403,3592.6,13,360,1.0,Urban,Y
LP001848,Male,Yes,0,Graduate,Yes,5303,4923.09,26,360,1.0,Rural,Y
LP001849,Male,Yes,0,Graduate,No,7142,2261.84,,360,0.0,Urban,N
LP001850,Female,No,0,Graduate,No,5665,2523.66,14,360,1.0,Semiurban,Y
LP001851,Male,No,0,Graduate,No,10875,0.0,45,120,1.0,Semiurban,Y
LP001852,Female,Yes,0,Graduate,No,4055,0.0,14,240,1.0,Urban,Y
LP001853,Male,No,0,Graduate,No,11772,0.0,22,360,1.0,Urban,Y
LP001854,Female,Yes,2,Graduate,No,5381,0.0,9,360,1.0,Rural,Y
LP001855,Female,Yes,0,Not Graduate,No,1619,0.0,9,12,1.0,Urban,Y
LP001856,Female,Yes,0,Graduate,No,4381,0.0,17,120,1.0,Urban,Y
LP001857,Male,Yes,0,Graduate,No,6886,0.0,9,84,1.0,Urban,Y
LP001858,Male,Yes,0,Graduate,No,9215,0.0,29,300,,Urban,Y
LP001859,Male,Yes,1,Graduate,No,7336,2254.27,34,360,1.0,Rural,Y
LP001860,Male,Yes,0,Not Graduate,No,3678,0.0,9,360,1.0,Semiurban,Y
LP001861,Male,Yes,3+,Not Graduate,No,4380,0.0,10,84,1.0,Rural,Y
LP001862,Female,No,3+,Not Graduate,No,2402,3173.62,11,360,1.0,Rural,Y
LP001863,Female,Yes,2,Graduate,No,7740,0.0,29,360,1.0,Semiurban,Y
LP001864,Male,Yes,2,Graduate,No,7454,2052.05,42,360,1.0,Semiurban,Y
LP001865,Male,Yes,0,Not Graduate,No,8402,3957.76,54,84,0.0,Semiurban,N
LP001866,Female,Yes,1,Graduate,,3699,0.0,9,300,1.0,Semiurban,Y
LP001867,Female,Yes,0,Graduate,No,5567,3330.54,,240,1.0,Semiurban,Y
LP001868,Male,Yes,2,Graduate,No,19402,0.0,59,360,1.0,Semiurban,Y
LP001869,Male,Yes,0,Graduate,No,10020,0.0,42,360,1.0,Semiurban,Y
LP001870,Female,Yes,0,Graduate,No,6114,2013.78,24,360,0.0,Semiurban,N
LP001871,Male,No,0,Not Graduate,No,3517,0.0,9,360,1.0,Urban,Y
LP001872,Male,Yes,1,Graduate,No,12353,0.0,31,300,1.0,Semiurban,Y
LP001873,Female,Yes,1,Graduate,No,14327,3411.84,70,240,,Semiurban,Y
LP001874,Female,Yes,0,Not Graduate,No,2967,0.0,9,36,1.0,Semiurban,Y
LP001875,Female,Yes,0,Graduate,No,4611,1415.98,9,120,1.0,Semiurban,Y
LP001876,Female,Yes,0,Graduate,No,7809,3035.18,46,180,1.0,Rural,Y
LP001877,Male,Yes,2,Graduate,No,8944,0.0,30,360,1.0,Rural,Y
LP001878,Male,Yes,0,Graduate,No,9366,4082.77,20,360,1.0,Urban,Y
LP001879,Male,No,0,Graduate,No,17153,0.0,45,360,1.0,Semiurban,Y
LP001880,Male,Yes,1,Graduate,No,5543,3348.12,16,360,1.0,Urban,Y
LP001881,Male,Yes,1,Graduate,No,7833,0.0,24,360,1.0,Urban,Y
LP001882,Male,No,2,Graduate,No,9875,3673.37,39,360,0.0,Urban,N
LP001883,Male,Yes,1,Graduate,No,10326,0.0,45,360,1.0,Rural,Y
LP001884,,No,3+,Graduate,No,4831,0.0,,180,1.0,Rural,Y
LP001885,Male,No,0,Graduate,No,5711,1243.25,17,360,0.0,Urban,Y
LP001886,Male,No,0,Graduate,No,6031,3106.29,14,360,0.0,Rural,N
LP001887,Male,Yes,3+,Graduate,No,16457,0.0,17,240,0.0,Semiurban,N
LP001888,Male,Yes,0,Not Graduate,No,4032,0.0,15,360,1.0,Rural,Y
LP001889,Female,Yes,2,Graduate,No,6045,0.0,22,360,,Semiurban,Y
LP001890,Male,Yes,0,Not Graduate,No,9126,0.0,38,360,1.0,Rural,Y
LP001891,Male,Yes,0,Graduate,Yes,5357,0.0,16,360,1.0,Semiurban,Y
LP001892,Female,Yes,0,Graduate,No,7737,2244.43,18,360,1.0,Urban,Y
LP001893,Male,Yes,1,Graduate,No,4372,0.0,9,300,,Urban,Y
LP001894,Male,Yes,2,Graduate,Yes,8316,2286.38,33,360,1.0,Semiurban,Y
LP001895,Male,Yes,0,Graduate,No,7871,0.0,25,240,1.0,Rural,Y
LP001896,Male,Yes,0,Graduate,No,8221,0.0,9,36,1.0,Semiurban,Y
LP001897,Male,No,0,Not Graduate,No,3717,1202.51,20,360,1.0,Rural,Y
LP001898,Male,Yes,,Not Graduate,No,6934,3606.03,44,360,,Urban,Y
LP001899,Male,Yes,,Not Graduate,No,6100,0.0,23,360,0.0,Rural,N
LP001900,Male,No,3+,Graduate,No,13015,0.0,24,360,0.0,Rural,Y
LP001901,Male,Yes,0,Graduate,Yes,10006,0.0,,300,1.0,Semiurban,Y
LP001902,Male,Yes,0,Graduate,No,4860,0.0,16,360,1.0,Semiurban,N
LP001903,Female,No,0,Graduate,No,4482,2132.06,13,360,0.0,Urban,N
LP001904,Male,Yes,0,Not Graduate,,4695,0.0,11,360,1.0,Urban,Y
LP001905,Male,Yes,0,Graduate,No,8276,3725.07,40,360,1.0,Urban,Y
LP001906,Male,No,1,Graduate,No,6740,0.0,9,180,1.0,Rural,Y
LP001907,Male,No,1,Graduate,No,6729,1624.09,12,12,1.0,Rural,Y
LP001908,Male,No,2,Not Graduate,No,27452,2025.22,33,360,1.0,Urban,Y
LP001909,Female,No,0,Graduate,No,5112,0.0,9,240,1.0,Rural,N
LP001910,Female,Yes,1,Graduate,Yes,13322,0.0,35,300,1.0,Rural,Y
LP001911,Male,No,2,Graduate,No,6798,0.0,26,120,1.0,Semiurban,Y
LP001912,Male,Yes,2,Graduate,No,4129,0.0,9,360,1.0,Rural,Y
LP001913,Female,No,3+,Graduate,No,7012,0.0,15,360,1.0,Rural,Y
LP001914,Male,No,0,Graduate,No,11919,0.0,12,360,1.0,Urban,Y
LP001915,Male,No,3+,Graduate,Yes,9487,0.0,24,360,0.0,Rural,N
LP001916,Male,No,2,Graduate,Yes,8031,0.0,9,300,1.0,Semiurban,Y
LP001917,Male,Yes,2,Graduate,No,7785,1302.9,19,300,1.0,Urban,Y
LP001918,Female,No,,Graduate,No,5152,1982.13,27,360,1.0,Urban,Y
LP001919,Male,Yes,3+,Graduate,No,11214,0.0,47,360,1.0,Semiurban,Y
LP001920,Female,Yes,0,Graduate,No,5787,1427.49,16,360,1.0,Rural,Y
LP001921,Male,No,2,Graduate,No,5646,5349.79,21,360,,Semiurban,Y
LP001922,Male,No,1,Graduate,No,8587,2811.01,41,180,0.0,Semiurban,N
LP001923,Male,Yes,1,Not Graduate,No,5404,3147.9,29,360,1.0,Urban,Y
LP001924,Male,Yes,2,Graduate,No,13399,4413.72,41,300,0.0,Rural,N
LP001925,Male,Yes,0,Graduate,No,9305,3982.88,55,360,1.0,Urban,Y
LP001926,Male,Yes,0,Not Graduate,Yes,4381,3796.28,21,240,1.0,Semiurban,Y
LP001927,Male,Yes,0,Not Graduate,No,3772,0.0,16,360,1.0,Semiurban,Y
LP001928,Male,No,2,Graduate,No,5783,0.0,23,360,1.0,Urban,Y
LP001929,Male,Yes,1,Graduate,No,22785,0.0,98,240,,Rural,Y
LP001930,Male,No,2,Graduate,No,6561,0.0,9,480,0.0,Rural,N
LP001931,Male,Yes,2,Not Graduate,No,9046,1203.42,19,120,0.0,Semiurban,N
LP001932,Male,No,1,Graduate,No,4545,0.0,10,360,1.0,Rural,Y
LP001933,,Yes,0,Graduate,No,4566,0.0,16,60,0.0,Rural,N
LP001934,Female,No,1,Graduate,No,5889,0.0,11,360,0.0,Urban,N
LP001935,Male,Yes,2,Graduate,No,16438,0.0,28,360,0.0,Urban,N
LP001936,Male,No,1,Graduate,No,4565,0.0,10,360,1.0,Semiurban,Y
LP001937,Male,No,2,Not Graduate,Yes,4168,3111.58,15,360,1.0,Semiurban,Y
LP001938,Male,Yes,,Graduate,No,11242,3679.49,57,360,0.0,Semiurban,N
LP001939,Male,Yes,,Not Graduate,Yes,14078,0.0,62,360,1.0,Semiurban,Y
LP001940,Male,Yes,1,Graduate,No,9189,0.0,18,360,1.0,Rural,Y
LP001941,Male,No,0,Not Graduate,No,8172,1712.55,11,300,1.0,Urban,Y
LP001942,Male,Yes,0,Graduate,No,5669,855.43,23,360,1.0,Urban,Y
LP001943,Male,Yes,0,Graduate,No,5022,1125.09,16,84,1.0,Urban,Y
LP001944,Male,Yes,0,Not Graduate,No,3771,0.0,9,120,1.0,Semiurban,Y
LP001945,Female,Yes,0,Not Graduate,No,3410,0.0,9,360,1.0,Rural,Y
LP001946,Female,No,1,Not Graduate,No,5627,1964.16,20,360,1.0,Rural,N
LP001947,Male,No,0,Not Graduate,No,3164,0.0,9,360,1.0,Semiurban,Y
LP001948,Female,No,0,Graduate,No,7211,0.0,22,360,1.0,Semiurban,Y
LP001949,Male,No,0,Graduate,No,6367,3135.34,40,360,1.0,Urban,Y
LP001950,Female,No,0,Graduate,No,5006,3943.52,,360,1.0,Semiurban,Y
LP001951,Female,Yes,2,Not Graduate,No,8858,0.0,31,180,1.0,Rural,Y
LP001952,Male,No,0,Not Graduate,No,3564,0.0,9,300,0.0,Urban,N
LP001953,Female,Yes,0,Not Graduate,No,12130,0.0,51,84,1.0,Rural,Y
LP001954,Female,Yes,3+,Not Graduate,No,8590,0.0,28,180,1.0,Urban,Y
LP001955,Female,No,2,Graduate,Yes,4213,0.0,11,480,1.0,Semiurban,Y
LP001956,Female,Yes,1,Graduate,No,12110,3062.58,30,60,1.0,Semiurban,Y
LP001957,Male,Yes,2,Graduate,No,5327,3382.61,31,180,1.0,Rural,Y
LP001958,Male,Yes,0,Graduate,No,13477,4127.98,66,360,1.0,Semiurban,Y
LP001959,Female,Yes,2,Graduate,No,8001,0.0,,300,1.0,Rural,Y
LP001960,Male,No,0,Graduate,No,4205,2216.46,12,360,1.0,Rural,Y
LP001961,Male,Yes,0,Not Graduate,No,3559,0.0,9,480,1.0,Semiurban,N
LP001962,Male,Yes,0,Graduate,No,6654,2951.03,30,360,1.0,Semiurban,Y
LP001963,Male,Yes,2,Graduate,No,11072,0.0,19,360,1.0,Semiurban,Y
LP001964,Male,Yes,0,Not Graduate,Yes,5736,0.0,15,360,1.0,Semiurban,Y
LP001965,Female,Yes,0,Graduate,No,6370,0.0,9,360,1.0,Semiurban,Y
LP001966,Male,Yes,0,Graduate,No,7834,1386.89,35,240,1.0,Semiurban,Y
LP001967,Female,Yes,1,Graduate,No,3484,1480.6,11,360,1.0,Semiurban,Y
LP001968,Female,Yes,0,Graduate,No,10058,3069.05,33,360,1.0,Urban,Y
LP001969,Male,Yes,0,Graduate,No,13779,0.0,56,360,1.0,Urban,Y
LP001970,Male,Yes,0,Graduate,No,10692,1860.41,29,84,1.0,Semiurban,Y
LP001971,Male,No,2,Graduate,No,6111,0.0,16,360,1.0,Rural,Y
LP001972,Female,Yes,0,Not Graduate,Yes,3389,0.0,9,360,1.0,Rural,Y
LP001973,Female,Yes,3+,Not Graduate,No,3067,1859.15,18,360,1.0,Rural,Y
LP001974,Male,No,0,Graduate,No,4790,1344.53,,180,0.0,Semiurban,N
LP001975,Male,Yes,0,Not Graduate,No,20424,4104.42,65,180,1.0,Urban,Y
LP001976,Male,Yes,0,Graduate,No,7487,0.0,20,360,1.0,Semiurban,Y
LP001977,Male,No,0,Graduate,No,10757,2206.46,43,360,,Rural,Y
LP001978,Female,Yes,0,Graduate,Yes,10182,0.0,29,480,1.0,Semiurban,Y
LP001979,Female,No,0,Not Graduate,Yes,5353,0.0,13,360,1.0,Semiurban,Y
LP001980,Male,No,2,Not Graduate,No,3610,0.0,11,240,1.0,Semiurban,Y
LP001981,Female,No,0,Not Graduate,No,6709,0.0,21,360,1.0,Urban,Y
LP001982,Male,No,0,Graduate,No,4866,14537.33,67,360,1.0,Urban,Y
LP001983,Female,Yes,0,Graduate,No,9054,0.0,23,360,1.0,Urban,Y
LP001984,Male,No,0,Graduate,No,4938,4085.7,39,360,1.0,Semiurban,Y
LP001985,Male,Yes,0,Graduate,Yes,6583,0.0,19,300,1.0,Rural,Y
LP001986,Female,Yes,0,Graduate,No,5779,0.0,21,180,,Urban,Y
LP001987,Male,Yes,0,Graduate,Yes,14177,2191.21,43,120,1.0,Urban,Y
LP001988,Male,Yes,0,Graduate,Yes,3940,0.0,9,300,0.0,Rural,N
LP001989,Female,Yes,3+,Graduate,No,21899,0.0,62,360,0.0,Rural,Y
LP001990,Male,Yes,1,Graduate,Yes,5830,3219.32,27,240,0.0,Semiurban,N
LP001991,Male,Yes,3+,Graduate,Yes,7364,0.0,15,360,1.0,Semiurban,Y
LP001992,Male,Yes,0,Graduate,Yes,9097,1574.75,38,240,1.0,Semiurban,Y
LP001993,Male,No,2,Graduate,No,8282,0.0,20,360,1.0,Semiurban,Y
LP001994,Male,Yes,0,Graduate,Yes,10953,0.0,36,360,1.0,Rural,Y
LP001995,Male,No,0,Graduate,No,9388,0.0,18,180,1.0,Urban,Y
LP001996,Female,No,2,Graduate,No,18183,0.0,49,360,,Rural,Y
LP001997,Male,No,0,Not Graduate,,8423,0.0,18,360,0.0,Semiurban,N
LP001998,,Yes,0,Graduate,No,7380,4844.12,30,360,1.0,Rural,Y
LP001999,Female,No,2,Graduate,No,5026,4579.75,32,300,1.0,Urban,Y
LP002000,Male,No,1,Graduate,No,5772,2131.74,12,360,1.0,Rural,Y
LP002001,Female,No,0,Graduate,No,12178,0.0,22,180,1.0,Semiurban,Y
LP002002,Male,No,0,Graduate,No,16388,2266.34,42,360,,Semiurban,N
LP002003,Female,Yes,0,Graduate,No,10977,4555.97,30,300,0.0,Semiurban,Y
LP002004,Male,Yes,3+,Not Graduate,Yes,2036,8578.53,17,360,1.0,Urban,Y
LP002005,Male,No,0,Graduate,No,3576,1237.49,18,360,1.0,Urban,N
LP002006,Female,Yes,0,Graduate,No,6892,0.0,10,180,1.0,Urban,Y
LP002007,Male,No,0,Not Graduate,No,5246,0.0,17,480,1.0,Urban,Y
LP002008,Male,Yes,3+,Graduate,,7773,2000.3,25,360,1.0,Semiurban,Y
LP002009,Male,Yes,2,Graduate,No,13215,6240.25,30,120,1.0,Semiurban,Y
LP002010,Male,Yes,0,Graduate,No,12908,0.0,26,360,1.0,Rural,Y
LP002011,Male,Yes,3+,Graduate,No,8258,0.0,11,360,1.0,Semiurban,Y
LP002012,Male,No,0,Graduate,No,4269,0.0,9,360,1.0,Urban,Y
LP002013,Male,Yes,2,Not Graduate,No,3650,3007.21,15,180,1.0,Semiurban,Y
LP002014,Male,No,,Graduate,No,7417,0.0,27,240,1.0,Semiurban,N
LP002015,Male,Yes,0,Not Graduate,No,7611,1677.82,22,180,1.0,Rural,Y
LP002016,Male,No,0,Graduate,No,4667,0.0,13,360,0.0,Urban,N
LP002017,Male,Yes,3+,Graduate,Yes,10104,0.0,14,240,1.0,Rural,N
LP002018,Male,Yes,3+,Graduate,No,4517,3077.8,31,360,0.0,Rural,Y
LP002019,Male,Yes,1,Graduate,No,3794,2015.77,12,360,1.0,Rural,Y
LP002020,Male,Yes,0,Graduate,No,5707,0.0,9,480,,Semiurban,Y
LP002021,Male,No,0,Graduate,Yes,13501,0.0,30,360,1.0,Semiurban,Y
LP002022,Male,No,0,Graduate,Yes,14551,0.0,63,360,1.0,Rural,Y
LP002023,Male,Yes,0,Graduate,No,4687,0.0,15,360,,Rural,Y
LP002024,Male,Yes,0,Not Graduate,No,3276,0.0,9,360,1.0,Rural,N
LP002025,Male,Yes,1,Graduate,No,10558,0.0,16,360,,Rural,Y
LP002026,Male,Yes,1,Graduate,No,6572,0.0,24,84,1.0,Rural,Y
LP002027,Female,Yes,3+,Not Graduate,No,11657,0.0,46,180,1.0,Rural,Y
LP002028,Male,Yes,0,Graduate,No,10483,0.0,,360,1.0,Urban,Y
LP002029,Male,Yes,0,Graduate,No,11317,5353.84,33,240,1.0,Semiurban,Y
LP002030,Male,No,0,Not Graduate,No,3801,0.0,9,300,0.0,Semiurban,Y
LP002031,Male,Yes,0,Graduate,,9214,1534.33,15,60,1.0,Rural,Y
LP002032,Male,Yes,1,Graduate,No,19278,0.0,28,360,0.0,Semiurban,Y
LP002033,Male,Yes,2,Graduate,,8152,0.0,20,300,1.0,Semiurban,Y
LP002034,Male,Yes,0,Graduate,No,7583,0.0,9,240,1.0,Rural,Y
LP002035,Male,Yes,,Graduate,No,6584,0.0,23,360,1.0,Semiurban,Y
LP002036,Female,Yes,2,Graduate,No,3879,2056.04,14,240,1.0,Urban,Y
LP002037,Female,Yes,0,Not Graduate,No,3041,0.0,9,360,1.0,Semiurban,Y
LP002038,Male,No,0,Graduate,No,5178,4081.68,40,240,1.0,Semiurban,Y
LP002039,Male,No,1,Graduate,No,4132,1205.81,,360,1.0,Urban,Y
LP002040,Female,No,1,Graduate,No,3446,2490.35,9,360,0.0,Semiurban,N
LP002041,Male,No,0,Graduate,No,3431,0.0,9,84,1.0,Rural,Y
LP002042,Female,Yes,2,Not Graduate,No,3573,3366.34,18,360,1.0,Urban,Y
LP002043,Male,Yes,3+,Graduate,,10169,0.0,26,360,1.0,Semiurban,Y
LP002044,Female,Yes,0,Graduate,Yes,6064,1282.64,19,360,1.0,Semiurban,Y
LP002045,Female,No,0,Graduate,No,5575,1499.36,15,360,,Semiurban,Y
LP002046,Male,No,1,Not Graduate,Yes,8585,1695.22,29,360,1.0,Semiurban,Y
LP002047,Male,Yes,1,Graduate,No,16339,2985.42,78,84,1.0,Semiurban,Y
LP002048,Male,Yes,,Not Graduate,No,20525,0.0,46,84,1.0,Semiurban,Y
LP002049,Male,Yes,0,Graduate,No,8159,0.0,23,180,1.0,Rural,Y
LP002050,Male,Yes,1,Graduate,No,6950,915.7,31,360,1.0,Urban,Y
LP002051,Female,No,0,Graduate,No,5335,2437.48,18,360,,Semiurban,Y
LP002052,,Yes,0,Graduate,No,9807,7620.09,25,180,1.0,Rural,Y
LP002053,Male,,0,Graduate,No,7274,0.0,18,360,1.0,Urban,Y
LP002054,Female,Yes,0,Graduate,No,6484,1243.36,21,480,0.0,Rural,N
LP002055,Male,Yes,3+,Graduate,No,7466,1938.66,37,36,1.0,Semiurban,Y
LP002056,Male,Yes,0,Graduate,Yes,5592,0.0,22,60,1.0,Urban,Y
LP002057,Female,No,0,Not Graduate,No,1500,0.0,9,240,1.0,Urban,N
LP002058,Male,Yes,3+,Not Graduate,No,4589,727.06,12,240,0.0,Urban,N
LP002059,Male,Yes,0,Graduate,No,14583,0.0,28,360,1.0,Rural,Y
LP002060,Male,Yes,0,Graduate,No,14256,0.0,36,360,1.0,Semiurban,Y
LP002061,Female,Yes,0,Not Graduate,No,9137,1280.16,22,360,0.0,Rural,N
LP002062,Male,Yes,1,Graduate,No,6454,0.0,,120,0.0,Rural,N
LP002063,Male,Yes,1,Not Graduate,No,4358,1031.33,9,360,0.0,Semiurban,N
LP002064,Male,Yes,2,Graduate,No,15826,0.0,43,180,1.0,Rural,Y
LP002065,Male,Yes,0,Not Graduate,No,3866,5869.61,22,360,1.0,Rural,Y
LP002066,Female,No,0,Graduate,No,6532,0.0,24,60,0.0,Semiurban,N
LP002067,Male,No,0,Graduate,No,15843,0.0,,360,1.0,Rural,Y
LP002068,Female,No,3+,Graduate,No,6794,0.0,9,360,1.0,Rural,Y
LP002069,Male,Yes,0,Graduate,No,6921,2437.67,,180,0.0,Semiurban,N
LP002070,Male,No,1,Graduate,No,12156,0.0,33,360,1.0,Urban,Y
LP002071,Female,No,1,Not Graduate,No,5131,0.0,16,360,1.0,Semiurban,N
LP002072,Male,Yes,0,Graduate,Yes,8328,0.0,10,360,1.0,Rural,Y
LP002073,Male,Yes,0,Graduate,No,14995,0.0,41,480,1.0,Rural,Y
LP002074,Female,Yes,,Graduate,No,3067,0.0,9,120,1.0,Rural,Y
LP002075,Male,No,0,Graduate,No,8395,0.0,12,360,1.0,Rural,Y
LP002076,Male,Yes,3+,Graduate,No,5903,0.0,18,240,0.0,Urban,N
LP002077,Female,Yes,0,Graduate,No,6340,0.0,26,360,,Rural,Y
LP002078,Male,No,3+,Not Graduate,No,6059,0.0,9,60,,Semiurban,Y
LP002079,Male,,0,Not Graduate,No,4577,0.0,9,360,,Rural,N
LP002080,Male,No,0,Graduate,No,7937,0.0,17,360,1.0,Urban,Y
LP002081,Male,No,3+,Not Graduate,No,6993,1813.72,25,360,1.0,Urban,Y
LP002082,Male,No,2,Graduate,Yes,7852,0.0,28,360,0.0,Semiurban,N
LP002083,Male,No,0,Graduate,No,7554,2268.91,32,120,,Semiurban,N
LP002084,Male,Yes,1,Not Graduate,No,5879,0.0,15,360,1.0,Urban,Y
LP002085,,Yes,2,Not Graduate,No,5934,0.0,25,360,1.0,Urban,Y
LP002086,Male,No,2,Graduate,No,7454,2383.15,21,360,1.0,Semiurban,Y
LP002087,Male,No,1,Graduate,No,5092,0.0,19,120,1.0,Rural,Y
LP002088,Male,Yes,0,Graduate,Yes,13330,1950.31,59,360,1.0,Urban,Y
LP002089,Male,Yes,0,Graduate,No,7453,0.0,10,360,1.0,Urban,Y
LP002090,Male,Yes,1,Graduate,No,6658,2740.01,10,120,1.0,Semiurban,Y
LP002091,Male,Yes,0,Graduate,No,9032,2555.56,51,360,1.0,Semiurban,Y
LP002092,Female,Yes,0,Not Graduate,No,5087,0.0,11,360,1.0,Semiurban,Y
LP002093,Male,No,0,Graduate,No,12658,0.0,42,360,1.0,Rural,Y
LP002094,Male,No,0,Graduate,No,10706,0.0,11,300,1.0,Urban,Y
LP002095,Female,No,0,Not Graduate,No,5196,0.0,19,360,1.0,Semiurban,Y
LP002096,Male,Yes,0,Graduate,No,11433,0.0,25,240,1.0,Rural,Y
LP002097,Male,Yes,0,Graduate,No,8459,2612.15,33,240,1.0,Semiurban,Y
LP002098,Male,,0,Graduate,No,5259,2335.41,9,120,1.0,Semiurban,Y
LP002099,Male,Yes,2,Not Graduate,No,9682,2557.45,16,120,1.0,Rural,N
LP002100,Male,Yes,1,Not Graduate,Yes,2871,1461.91,16,360,1.0,Semiurban,Y
LP002101,Female,Yes,0,Graduate,No,2595,0.0,9,180,0.0,Urban,N
LP002102,Male,Yes,0,Graduate,Yes,10271,2080.16,45,120,1.0,Urban,Y
LP002103,Female,Yes,0,Not Graduate,No,6913,2855.51,15,360,1.0,Rural,N
LP002104,Female,Yes,1,Not Graduate,No,6661,0.0,14,360,1.0,Rural,Y
LP002105,Male,Yes,1,Graduate,No,14113,0.0,,360,1.0,Urban,Y
LP002106,Male,Yes,1,Graduate,No,7642,0.0,23,360,1.0,Semiurban,Y
LP002107,Male,Yes,1,Not Graduate,No,5216,0.0,17,180,1.0,Semiurban,Y
LP002108,Female,Yes,0,Graduate,Yes,9926,1847.66,20,360,1.0,Urban,Y
LP002109,Male,Yes,0,Graduate,No,6002,861.54,20,360,1.0,Rural,Y
LP002110,Male,Yes,0,Graduate,No,7060,4255.75,40,240,1.0,Semiurban,Y
LP002111,Male,No,0,Graduate,No,8018,0.0,12,120,,Rural,N
LP002112,Male,Yes,0,Graduate,No,8800,0.0,18,360,,Rural,Y
LP002113,Male,No,1,Graduate,Yes,6324,0.0,9,84,1.0,Urban,Y
LP002114,Male,Yes,0,Not Graduate,No,4961,4703.72,,240,1.0,Rural,Y
LP002115,,No,1,Graduate,No,4810,2482.01,30,240,1.0,Rural,Y
LP002116,Female,No,0,Not Graduate,No,3064,2204.0,9,360,,Urban,Y
LP002117,Male,Yes,0,Graduate,No,17439,0.0,68,360,1.0,Urban,Y
LP002118,Male,No,1,Graduate,No,6490,0.0,18,360,1.0,Rural,Y
LP002119,Male,Yes,0,Not Graduate,No,6805,2179.53,39,360,1.0,Semiurban,N
LP002120,Male,No,0,Not Graduate,No,2808,0.0,9,360,1.0,Rural,Y
LP002121,Male,Yes,0,Graduate,No,25677,4673.84,52,180,1.0,Urban,Y
LP002122,Male,Yes,1,Graduate,No,5731,0.0,22,300,1.0,Rural,Y
LP002123,Male,No,0,Graduate,No,4728,1530.33,26,360,1.0,Rural,Y
LP002124,Male,No,3+,Not Graduate,Yes,5537,2809.68,23,480,1.0,Semiurban,Y
LP002125,Male,Yes,3+,Graduate,,5677,0.0,13,360,1.0,Urban,Y
LP002126,Male,No,2,Not Graduate,No,6917,5145.63,44,360,0.0,Semiurban,N
LP002127,Male,Yes,0,Graduate,Yes,4784,5569.23,13,360,1.0,Rural,Y
LP002128,,Yes,1,Graduate,No,12522,3489.15,63,360,0.0,Urban,N
LP002129,Male,No,0,Graduate,No,10937,1240.11,48,360,0.0,Rural,N
LP002130,Male,Yes,2,Graduate,,7376,0.0,15,360,1.0,Urban,Y
LP002131,Male,Yes,0,Not Graduate,No,3120,2103.12,9,180,1.0,Rural,N
LP002132,Female,No,0,Graduate,No,4518,0.0,9,300,1.0,Urban,Y
LP002133,Female,Yes,0,Not Graduate,No,5602,0.0,24,84,1.0,Rural,Y
LP002134,Female,Yes,2,Graduate,No,4377,2669.38,26,84,1.0,Semiurban,Y
LP002135,Male,Yes,2,Graduate,No,5420,3139.03,,300,1.0,Semiurban,Y
LP002136,Male,No,0,Not Graduate,Yes,10024,0.0,41,360,1.0,Rural,Y
LP002137,Male,Yes,0,Graduate,No,8193,0.0,33,360,1.0,Urban,Y
LP002138,Female,Yes,2,Graduate,Yes,7292,0.0,30,360,0.0,Urban,N
LP002139,Female,No,2,Graduate,No,8244,0.0,22,360,1.0,Urban,N
LP002140,Female,Yes,2,Graduate,No,6454,0.0,24,360,1.0,Semiurban,Y
LP002141,Female,Yes,0,Not Graduate,No,5242,0.0,9,360,1.0,Rural,Y
LP002142,Male,No,1,Graduate,No,8761,0.0,13,360,1.0,Urban,Y
LP002143,Female,No,2,Graduate,No,9485,0.0,30,84,0.0,Rural,N
LP002144,Female,Yes,0,Graduate,No,8626,0.0,11,360,1.0,Semiurban,Y
LP002145,Male,No,0,Graduate,No,14104,0.0,16,360,1.0,Rural,Y
LP002146,Female,No,0,Not Graduate,No,4987,2278.87,10,240,1.0,Semiurban,Y
LP002147,Male,Yes,0,Not Graduate,No,3490,0.0,9,360,0.0,Rural,N
LP002148,Female,No,2,Graduate,,10942,1271.42,33,240,1.0,Semiurban,Y
LP002149,Female,No,0,Graduate,No,5742,0.0,24,360,,Rural,N
LP002150,Male,Yes,0,Graduate,No,5898,1793.05,19,360,1.0,Semiurban,Y
LP002151,Male,Yes,0,Not Graduate,No,8835,0.0,24,360,0.0,Semiurban,N
LP002152,Male,No,2,Graduate,No,8439,3086.7,44,360,1.0,Rural,Y
LP002153,Female,No,2,Graduate,No,3781,0.0,,360,0.0,Semiurban,N
LP002154,Female,Yes,0,Graduate,No,9349,0.0,20,120,,Urban,N
LP002155,Male,No,1,Not Graduate,No,15932,0.0,56,360,1.0,Semiurban,Y
LP002156,Female,No,0,Graduate,No,7468,2097.88,39,360,1.0,Rural,Y
LP002157,Male,No,2,Graduate,Yes,6514,0.0,25,84,1.0,Rural,Y
LP002158,Male,No,1,Not Graduate,No,2605,3299.18,12,120,1.0,Urban,Y
LP002159,Male,Yes,0,Not Graduate,Yes,18126,0.0,65,360,1.0,Rural,Y
LP002160,Male,Yes,3+,Graduate,No,6404,2430.52,31,180,0.0,Semiurban,N
LP002161,Male,Yes,0,Not Graduate,No,3411,0.0,9,360,1.0,Urban,Y
LP002162,Male,Yes,1,Graduate,No,8052,2009.22,33,240,1.0,Urban,Y
LP002163,Male,Yes,0,Graduate,Yes,11799,0.0,15,360,1.0,Urban,Y
LP002164,Male,No,1,Graduate,No,12617,0.0,24,360,1.0,Semiurban,Y
LP002165,Female,No,0,Graduate,No,4783,0.0,9,360,1.0,Urban,Y
LP002166,Male,Yes,0,Graduate,No,7432,5457.05,18,360,1.0,Urban,Y
LP002167,Female,No,0,Graduate,No,6415,0.0,9,300,1.0,Semiurban,Y
LP002168,Male,Yes,3+,Graduate,No,11630,1134.61,55,360,1.0,Rural,Y
LP002169,Male,Yes,0,Graduate,No,9814,0.0,15,360,1.0,Semiurban,Y
LP002170,Male,Yes,1,Graduate,No,8581,3048.36,14,360,1.0,Semiurban,Y
LP002171,Male,Yes,0,Graduate,No,11309,0.0,,360,,Rural,Y
LP002172,Male,Yes,2,Graduate,No,4970,0.0,16,360,1.0,Urban,Y
LP002173,Male,No,0,Graduate,No,8626,1720.98,33,300,0.0,Rural,N
LP002174,Male,Yes,0,Graduate,Yes,8413,0.0,34,300,1.0,Urban,Y
LP002175,Male,Yes,,Graduate,Yes,7569,0.0,25,240,0.0,Urban,Y
LP002176,,Yes,0,Graduate,Yes,7031,0.0,23,360,1.0,Semiurban,N
LP002177,Male,Yes,0,Graduate,No,8126,0.0,21,480,1.0,Urban,Y
LP002178,Female,No,2,Graduate,Yes,4990,2165.41,,36,1.0,Urban,Y
LP002179,Male,No,0,Not Graduate,No,26044,0.0,,180,1.0,Rural,Y
LP002180,Female,Yes,0,Graduate,,13107,0.0,29,360,1.0,Semiurban,Y
LP002181,Female,Yes,0,Graduate,No,11468,5065.42,18,300,1.0,Urban,Y
LP002182,Female,Yes,2,Graduate,No,5576,0.0,13,360,1.0,Semiurban,Y
LP002183,Female,No,3+,Not Graduate,No,2767,0.0,9,360,1.0,Semiurban,Y
LP002184,Male,Yes,1,Graduate,No,7127,2430.64,15,300,1.0,Rural,Y
LP002185,Male,Yes,1,Graduate,No,8063,3828.21,41,360,1.0,Urban,N
LP002186,Male,Yes,0,Graduate,Yes,4861,0.0,18,360,1.0,Rural,Y
LP002187,Female,Yes,0,Graduate,No,8555,0.0,13,360,,Semiurban,Y
LP002188,,Yes,0,Not Graduate,No,10707,0.0,28,360,1.0,Semiurban,Y
LP002189,Male,Yes,0,Graduate,No,4085,0.0,9,180,1.0,Urban,Y
LP002190,Female,No,0,Graduate,No,4363,0.0,13,240,1.0,Semiurban,Y
LP002191,Male,Yes,1,Graduate,No,13067,1922.68,19,360,0.0,Urban,N
LP002192,Male,Yes,0,Graduate,No,8951,1336.89,43,360,,Rural,N
LP002193,Female,Yes,0,Graduate,Yes,4922,0.0,9,360,1.0,Semiurban,Y
LP002194,Male,Yes,0,Graduate,Yes,10440,0.0,40,120,1.0,Urban,Y
LP002195,Male,No,0,Graduate,Yes,5740,1283.75,,360,1.0,Urban,Y
LP002196,Female,No,0,Not Graduate,No,4265,0.0,15,36,1.0,Rural,Y
LP002197,Male,Yes,0,Graduate,No,5281,1797.9,14,360,1.0,Semiurban,Y
LP002198,Male,No,0,Graduate,Yes,7264,0.0,27,360,0.0,Semiurban,N
LP002199,Male,No,0,Graduate,Yes,11353,0.0,47,360,0.0,Rural,N
LP002200,Male,No,2,Not Graduate,No,4490,1550.55,25,360,0.0,Urban,N
LP002201,Male,Yes,2,Not Graduate,No,8539,0.0,34,360,1.0,Semiurban,Y
LP002202,Female,Yes,2,Graduate,No,6769,0.0,16,360,1.0,Rural,Y
LP002203,Female,Yes,1,Graduate,No,11390,4428.5,39,180,1.0,Urban,Y
LP002204,Male,No,3+,Graduate,No,6022,4183.9,,120,1.0,Urban,Y
LP002205,Male,Yes,0,Graduate,Yes,15294,0.0,63,360,1.0,Rural,N
LP002206,Male,Yes,1,Not Graduate,No,8697,0.0,23,240,1.0,Urban,Y
LP002207,Male,Yes,0,Not Graduate,No,6989,2172.86,21,180,,Urban,N
LP002208,,Yes,0,Graduate,No,8615,1858.02,13,180,1.0,Semiurban,Y
LP002209,Male,Yes,0,Not Graduate,Yes,5018,4179.36,20,180,1.0,Rural,Y
LP002210,Male,Yes,0,Graduate,No,6377,0.0,16,360,1.0,Semiurban,Y
LP002211,Female,Yes,2,Graduate,No,7752,0.0,30,360,0.0,Urban,N
LP002212,Male,No,0,Not Graduate,No,3194,0.0,9,360,0.0,Semiurban,N
LP002213,Female,No,1,Graduate,No,4925,3980.02,18,360,1.0,Semiurban,Y
LP002214,Male,Yes,2,Not Graduate,No,4100,0.0,9,84,1.0,Rural,N
LP002215,,No,0,Graduate,Yes,8426,2512.07,12,360,1.0,Rural,Y
LP002216,Male,Yes,,Graduate,No,9789,3034.42,49,360,1.0,Urban,Y
LP002217,Male,No,0,Graduate,No,12816,0.0,20,360,1.0,Semiurban,Y
LP002218,Female,No,0,Not Graduate,No,4020,5601.82,42,360,0.0,Semiurban,N
LP002219,Female,Yes,3+,Graduate,No,5027,0.0,9,360,1.0,Rural,Y
LP002220,Male,Yes,,Graduate,No,4835,0.0,18,180,1.0,Semiurban,N
LP002221,Male,Yes,1,Graduate,No,8582,3222.57,16,360,1.0,Urban,Y
LP002222,Male,Yes,0,Graduate,No,14162,0.0,45,360,1.0,Semiurban,Y
LP002223,Male,Yes,1,Graduate,Yes,7499,0.0,27,360,1.0,Semiurban,N
LP002224,Male,Yes,1,Graduate,Yes,7793,1911.88,17,360,,Semiurban,Y
LP002225,Female,No,0,Graduate,No,6396,0.0,18,180,0.0,Urban,N
LP002226,Male,Yes,0,Graduate,No,8523,2403.82,40,36,1.0,Urban,Y
LP002227,Male,Yes,0,Graduate,No,11739,0.0,18,360,1.0,Urban,Y
LP002228,Male,Yes,0,Graduate,No,18345,2660.14,59,360,1.0,Urban,Y
LP002229,Male,Yes,2,Not Graduate,Yes,7927,0.0,22,120,1.0,Urban,Y
LP002230,Male,No,1,Not Graduate,No,7695,0.0,28,180,1.0,Urban,Y
LP002231,Male,Yes,0,Graduate,,7057,1931.85,20,120,0.0,Urban,N
LP002232,Male,Yes,3+,Not Graduate,No,5906,3374.61,30,180,1.0,Urban,Y
LP002233,Male,Yes,0,Not Graduate,No,5869,0.0,25,360,1.0,Rural,Y
LP002234,Female,Yes,0,Graduate,No,5945,0.0,20,60,1.0,Semiurban,Y
LP002235,Female,Yes,3+,Graduate,No,7305,2683.49,10,360,0.0,Semiurban,N
LP002236,Female,No,3+,Graduate,No,8650,0.0,13,360,1.0,Rural,Y
LP002237,Male,Yes,1,Graduate,No,7905,3072.1,26,360,1.0,Semiurban,Y
LP002238,,Yes,,Graduate,Yes,6953,0.0,16,360,1.0,Urban,Y
LP002239,Male,Yes,3+,Graduate,No,8100,0.0,17,84,1.0,Semiurban,Y
LP002240,Male,No,2,Graduate,Yes,5063,0.0,12,60,1.0,Urban,Y
LP002241,Male,Yes,1,Graduate,No,10758,0.0,46,120,,Semiurban,Y
LP002242,Male,Yes,0,Graduate,No,6635,4605.43,42,300,1.0,Urban,Y
LP002243,Male,No,0,Graduate,No,4757,2573.76,10,360,1.0,Semiurban,Y
LP002244,Male,No,2,Graduate,No,8783,2295.07,28,12,1.0,Urban,Y
LP002245,,Yes,2,Not Graduate,No,7979,0.0,27,360,1.0,Urban,Y
LP002246,Male,No,0,Graduate,No,5233,3178.4,13,360,1.0,Semiurban,Y
LP002247,Male,No,0,Graduate,Yes,9444,4325.88,16,240,1.0,Urban,Y
LP002248,Male,Yes,1,Graduate,No,9989,2079.43,52,12,1.0,Semiurban,Y
LP002249,Male,No,0,Graduate,No,18373,3057.12,80,360,1.0,Urban,Y
LP002250,Male,Yes,0,Not Graduate,No,5568,0.0,22,360,1.0,Semiurban,Y
LP002251,Male,Yes,0,Graduate,No,7557,0.0,28,60,1.0,Semiurban,Y
LP002252,Female,Yes,0,Not Graduate,No,3914,1653.41,18,360,1.0,Rural,Y
LP002253,Male,No,2,Not Graduate,No,7409,3101.13,38,240,1.0,Semiurban,Y
LP002254,Male,Yes,0,Graduate,No,7701,4810.8,35,360,1.0,Rural,Y
LP002255,Female,Yes,0,Graduate,No,10890,0.0,20,360,1.0,Urban,Y
LP002256,Male,Yes,3+,Graduate,No,6588,0.0,9,240,1.0,Rural,Y
LP002257,Female,Yes,1,Graduate,No,8523,4228.82,39,240,1.0,Semiurban,Y
LP002258,Female,No,0,Graduate,No,5761,4308.03,17,360,1.0,Semiurban,Y
LP002259,Male,No,0,Graduate,Yes,3927,0.0,15,360,0.0,Rural,N
LP002260,Male,Yes,2,Graduate,Yes,9964,0.0,28,360,1.0,Rural,Y
LP002261,Male,No,0,Graduate,No,4021,0.0,18,360,1.0,Rural,Y
LP002262,Female,No,0,Graduate,No,5966,2590.41,20,360,1.0,Semiurban,Y
LP002263,Male,Yes,0,Graduate,No,7308,0.0,18,360,1.0,Semiurban,Y
LP002264,Male,Yes,0,Graduate,No,7690,0.0,14,360,1.0,Urban,Y
LP002265,Male,Yes,1,Graduate,No,7856,2113.91,19,180,1.0,Semiurban,Y
LP002266,Male,Yes,0,Graduate,No,7826,1462.84,24,240,1.0,Semiurban,Y
LP002267,Female,Yes,0,Graduate,No,8110,3377.72,14,360,1.0,Urban,Y
LP002268,Male,Yes,0,Graduate,No,7404,0.0,29,84,1.0,Urban,Y
LP002269,Female,No,0,Graduate,No,25109,3254.18,38,60,0.0,Rural,N
LP002270,Female,Yes,0,Graduate,No,6002,1991.9,33,60,1.0,Urban,Y
LP002271,Male,No,2,Graduate,No,4660,0.0,11,360,1.0,Urban,Y
LP002272,Male,No,0,Graduate,No,4409,0.0,11,360,1.0,Urban,Y
LP002273,Female,Yes,0,Graduate,No,9295,0.0,40,360,1.0,Semiurban,Y
LP002274,Female,Yes,0,Graduate,No,3891,0.0,13,360,1.0,Urban,Y
LP002275,Female,No,1,Graduate,No,3878,1609.28,10,360,1.0,Rural,Y
LP002276,Male,,0,Graduate,No,4481,4141.62,17,360,1.0,Urban,Y
LP002277,Male,Yes,3+,Not Graduate,No,7765,3833.28,17,360,1.0,Urban,N
LP002278,Male,No,1,Graduate,No,13220,0.0,42,360,0.0,Urban,N
LP002279,Female,Yes,0,Graduate,Yes,4789,0.0,15,360,1.0,Urban,Y
LP002280,Male,No,1,Graduate,No,8631,0.0,35,360,1.0,Semiurban,Y
LP002281,Male,No,0,Graduate,No,3310,4802.34,16,360,1.0,Urban,Y
LP002282,Male,Yes,3+,Not Graduate,No,4443,1618.03,9,360,0.0,Semiurban,N
LP002283,Male,Yes,3+,Not Graduate,No,8354,0.0,14,360,1.0,Semiurban,Y
LP002284,Male,Yes,0,Graduate,No,6874,2593.15,41,360,,Urban,N
LP002285,Male,No,1,Not Graduate,No,9723,0.0,43,300,1.0,Urban,N
LP002286,Male,No,0,Graduate,No,3587,0.0,9,60,0.0,Semiurban,N
LP002287,Female,No,0,Graduate,No,4662,0.0,12,180,1.0,Semiurban,Y
LP002288,Female,Yes,2,Graduate,Yes,8448,0.0,33,360,0.0,Semiurban,N
LP002289,Male,Yes,3+,Graduate,,9200,0.0,24,180,0.0,Rural,N
LP002290,Male,Yes,0,Graduate,No,9501,3536.04,56,360,1.0,Urban,Y
LP002291,Female,Yes,1,Graduate,Yes,7566,0.0,29,84,,Semiurban,N
LP002292,Male,Yes,1,Graduate,No,5273,0.0,18,60,1.0,Semiurban,Y
LP002293,Male,No,0,Not Graduate,No,3879,0.0,,360,1.0,Urban,Y
LP002294,Male,,1,Graduate,No,22528,1072.57,40,240,1.0,Semiurban,Y
LP002295,Male,Yes,,Graduate,No,5108,0.0,9,120,1.0,Semiurban,Y
LP002296,Male,No,2,Not Graduate,No,2902,0.0,11,60,1.0,Semiurban,Y
LP002297,Female,No,3+,Graduate,No,8890,6994.09,29,360,1.0,Semiurban,Y
LP002298,Male,Yes,0,Graduate,No,5403,0.0,10,240,1.0,Urban,N
LP002299,Male,No,0,Graduate,No,16704,4699.44,84,360,0.0,Semiurban,N
LP002300,Female,Yes,0,Graduate,No,27353,1880.12,33,120,1.0,Rural,Y
LP002301,Female,Yes,0,Graduate,No,6253,0.0,21,36,1.0,Semiurban,Y
LP002302,Female,No,0,Graduate,Yes,7417,5416.56,40,36,1.0,Semiurban,Y
LP002303,Male,No,2,Graduate,Yes,3944,0.0,9,120,1.0,Semiurban,Y
LP002304,Male,Yes,0,Graduate,,11926,2522.8,23,360,1.0,Semiurban,Y
LP002305,Male,Yes,1,Not Graduate,No,2582,0.0,9,360,1.0,Urban,Y
LP002306,Male,Yes,0,Not Graduate,No,3500,1990.14,9,360,1.0,Semiurban,Y
LP002307,Male,Yes,0,Graduate,Yes,8077,0.0,12,360,1.0,Semiurban,Y
LP002308,Male,No,2,Not Graduate,No,7626,0.0,30,180,1.0,Urban,Y
LP002309,Male,Yes,1,Not Graduate,No,3317,0.0,,360,1.0,Urban,Y
LP002310,Female,Yes,0,Not Graduate,No,4049,0.0,9,360,,Urban,Y
LP002311,Female,Yes,3+,Graduate,No,3813,2679.57,19,360,1.0,Semiurban,Y
LP002312,Male,Yes,0,Graduate,No,6863,0.0,17,360,1.0,Urban,Y
LP002313,Male,Yes,0,Graduate,No,5839,4375.18,23,120,0.0,Rural,N
LP002314,Male,Yes,0,Not Graduate,No,4656,2573.06,31,360,1.0,Rural,N
LP002315,Male,Yes,1,Graduate,No,10064,0.0,11,360,,Rural,Y
LP002316,Male,Yes,0,Not Graduate,No,7119,0.0,31,360,1.0,Urban,Y
LP002317,Male,No,2,Graduate,No,9182,0.0,19,240,1.0,Semiurban,Y
LP002318,Female,No,0,Graduate,No,6048,0.0,18,120,1.0,Rural,Y
LP002319,Male,Yes,0,Graduate,,10356,2789.45,,360,1.0,Semiurban,Y
LP002320,Female,Yes,2,Not Graduate,No,5312,2305.46,24,360,0.0,Urban,N
LP002321,Male,Yes,0,Graduate,No,6459,0.0,23,240,0.0,Rural,N
LP002322,Male,Yes,0,Graduate,No,9721,0.0,13,120,1.0,Semiurban,Y
LP002323,,Yes,0,Not Graduate,No,5112,1632.7,20,360,1.0,Rural,Y
LP002324,Male,No,0,Graduate,Yes,6333,12338.09,38,120,1.0,Rural,Y
LP002325,Male,No,0,Graduate,No,11629,0.0,28,180,0.0,Rural,N
LP002326,Female,Yes,0,Graduate,No,10817,4965.02,28,360,1.0,Semiurban,Y
LP002327,Male,No,1,Not Graduate,No,4912,2087.01,,36,1.0,Urban,Y
LP002328,Male,Yes,0,Graduate,No,11097,3441.28,41,180,1.0,Semiurban,Y
LP002329,Male,Yes,0,Graduate,No,5082,4115.19,13,360,1.0,Semiurban,N
LP002330,Male,Yes,0,Graduate,No,6926,1067.04,28,180,1.0,Semiurban,Y
LP002331,Male,Yes,0,Graduate,No,5930,6379.25,24,180,0.0,Semiurban,N
LP002332,Male,No,1,Graduate,No,7209,1588.08,26,360,1.0,Semiurban,Y
LP002333,Female,Yes,1,Graduate,No,9636,2014.23,47,360,1.0,Semiurban,Y
LP002334,Male,No,0,Not Graduate,No,7659,0.0,18,360,1.0,Rural,N
LP002335,Male,Yes,,Graduate,No,9121,1786.52,35,360,1.0,Rural,Y
LP002336,Male,No,0,Not Graduate,No,6137,0.0,24,360,1.0,Semiurban,Y
LP002337,Female,Yes,0,Not Graduate,No,4966,1265.61,19,360,1.0,Semiurban,Y
LP002338,Male,Yes,0,Graduate,No,12904,3709.61,73,360,1.0,Semiurban,Y
LP002339,Male,Yes,1,Graduate,No,4743,0.0,9,360,1.0,Semiurban,Y
LP002340,Male,No,1,Graduate,No,5594,0.0,12,36,1.0,Urban,Y
LP002341,Male,Yes,0,Graduate,Yes,9090,0.0,31,360,1.0,Rural,Y
LP002342,Male,Yes,,Graduate,No,15092,6448.06,58,120,0.0,Rural,N
LP002343,Female,No,0,Graduate,Yes,5493,0.0,10,240,0.0,Semiurban,N
LP002344,Male,Yes,2,Graduate,No,7002,0.0,15,360,1.0,Rural,Y
LP002345,Female,Yes,2,Graduate,No,4266,2409.7,23,12,1.0,Rural,Y
LP002346,Male,Yes,0,Graduate,No,6351,1160.94,,300,1.0,Rural,Y
LP002347,Female,Yes,0,Graduate,No,9517,3062.51,40,180,1.0,Rural,Y
LP002348,Female,Yes,0,Graduate,No,14677,2288.6,,360,1.0,Semiurban,Y
LP002349,Male,Yes,3+,Graduate,No,6921,3917.85,,360,1.0,Rural,Y
LP002350,Male,Yes,0,Graduate,No,5843,2643.78,32,360,1.0,Rural,Y
LP002351,Male,Yes,2,Graduate,No,7924,0.0,10,360,1.0,Semiurban,Y
LP002352,Female,Yes,0,Graduate,No,3865,0.0,17,360,0.0,Urban,N
LP002353,Male,No,0,Graduate,No,12614,1386.26,56,360,1.0,Urban,Y
LP002354,Male,Yes,1,Graduate,No,5148,3670.08,36,360,1.0,Semiurban,Y
LP002355,Male,Yes,0,Graduate,No,8732,0.0,35,180,1.0,Rural,Y
LP002356,Female,Yes,0,Not Graduate,No,6380,3045.17,37,360,1.0,Semiurban,Y
LP002357,Male,No,3+,Graduate,No,9462,0.0,12,180,1.0,Rural,Y
LP002358,Male,Yes,0,Graduate,No,8529,0.0,35,360,1.0,Rural,Y
LP002359,Female,Yes,3+,Graduate,No,6922,0.0,11,180,1.0,Urban,Y
LP002360,Male,No,3+,Not Graduate,No,7156,2399.88,38,360,1.0,Urban,Y
LP002361,Female,Yes,0,Not Graduate,No,8609,0.0,25,480,1.0,Semiurban,Y
LP002362,Male,No,0,Graduate,No,16741,0.0,33,360,0.0,Urban,Y
LP002363,Male,No,0,Graduate,No,4836,0.0,10,360,1.0,Rural,Y
LP002364,Female,No,1,Graduate,No,3130,0.0,9,360,1.0,Rural,Y
LP002365,Male,Yes,3+,Graduate,No,4742,1511.81,22,300,1.0,Semiurban,Y
LP002366,Male,Yes,2,Graduate,No,4455,796.88,18,180,1.0,Semiurban,Y
LP002367,Male,Yes,3+,Not Graduate,No,3692,0.0,9,360,1.0,Rural,N
LP002368,Male,No,0,Graduate,Yes,4517,6515.15,27,36,1.0,Rural,Y
LP002369,Male,No,0,Graduate,No,6128,2491.89,15,360,1.0,Semiurban,Y
LP002370,Male,No,0,Graduate,No,10509,0.0,25,36,1.0,Rural,Y
LP002371,Male,Yes,2,Graduate,Yes,9957,1752.56,38,300,1.0,Semiurban,Y
LP002372,Male,No,0,Graduate,Yes,5683,0.0,18,300,,Urban,N
LP002373,Male,Yes,0,Graduate,No,6363,0.0,9,300,1.0,Semiurban,Y
LP002374,Male,No,0,Graduate,No,18723,0.0,66,240,,Rural,N
LP002375,Male,Yes,0,Graduate,No,9822,7418.02,76,120,0.0,Rural,N
LP002376,Male,Yes,0,Graduate,No,8251,0.0,31,12,1.0,Urban,Y
LP002377,Female,Yes,0,Not Graduate,No,5786,3012.85,9,360,1.0,Semiurban,Y
LP002378,Male,No,2,Not Graduate,No,4931,1995.33,26,360,1.0,Semiurban,Y
LP002379,Male,Yes,2,Graduate,No,19148,3012.2,24,180,0.0,Rural,N
LP002380,Male,Yes,0,Graduate,No,7185,0.0,10,84,1.0,Rural,Y
LP002381,Female,Yes,2,Not Graduate,No,5875,4228.96,18,240,1.0,Urban,Y
LP002382,,Yes,0,Graduate,No,4627,0.0,12,300,1.0,Rural,Y
LP002383,Male,No,2,Not Graduate,No,4154,0.0,16,360,1.0,Semiurban,Y
LP002384,Male,Yes,0,Not Graduate,No,4831,1769.86,25,120,1.0,Rural,Y
LP002385,Male,Yes,0,Graduate,No,9379,0.0,21,360,1.0,Rural,Y
LP002386,Female,No,0,Graduate,Yes,4586,976.66,14,240,1.0,Urban,Y
LP002387,Female,Yes,0,Graduate,No,7059,1493.04,13,360,0.0,Rural,N
LP002388,Male,,1,Graduate,No,6215,0.0,26,360,1.0,Semiurban,Y
LP002389,Female,Yes,2,Graduate,Yes,4539,0.0,9,300,1.0,Rural,Y
LP002390,Male,Yes,2,Not Graduate,No,3778,6266.04,17,84,1.0,Urban,Y
LP002391,Male,Yes,0,Graduate,No,7229,0.0,32,360,1.0,Rural,Y
LP002392,Female,Yes,0,Graduate,No,7228,429.19,13,360,1.0,Urban,Y
LP002393,Male,Yes,2,Graduate,No,7175,0.0,11,360,1.0,Urban,Y
LP002394,Male,No,0,Graduate,No,5281,16690.67,,360,1.0,Rural,Y
LP002395,Male,No,,Graduate,No,6824,2661.32,12,360,1.0,Urban,Y
LP002396,Female,No,0,Not Graduate,No,4049,0.0,9,360,1.0,Urban,Y
LP002397,Male,Yes,0,Graduate,No,5430,0.0,14,360,1.0,Rural,Y
LP002398,Male,Yes,0,Not Graduate,No,6465,1170.51,15,60,1.0,Semiurban,Y
LP002399,Male,No,0,Not Graduate,No,15362,0.0,62,360,1.0,Semiurban,Y
LP002400,Male,No,1,Graduate,No,6792,1299.24,28,180,1.0,Rural,Y
LP002401,Male,Yes,1,Not Graduate,No,3345,8194.33,33,300,1.0,Semiurban,Y
LP002402,Female,Yes,2,Graduate,No,13862,1119.58,15,360,1.0,Urban,Y
LP002403,,Yes,1,Graduate,No,12449,0.0,24,360,1.0,Semiurban,Y
LP002404,Female,Yes,0,Graduate,No,13608,4345.72,73,300,1.0,Rural,Y
LP002405,Female,Yes,3+,Graduate,No,6791,1800.43,16,240,1.0,Urban,Y
LP002406,Male,Yes,1,Graduate,No,5871,3189.09,9,360,1.0,Semiurban,Y
LP002407,Male,No,0,Graduate,No,5176,0.0,9,360,1.0,Semiurban,Y
LP002408,Male,Yes,0,Graduate,No,12547,2690.32,55,360,1.0,Urban,Y
LP002409,Male,Yes,1,Not Graduate,No,14181,1324.65,62,360,1.0,Urban,Y
LP002410,Female,Yes,1,Graduate,No,4829,0.0,9,360,1.0,Rural,Y
LP002411,,No,1,Graduate,No,3383,0.0,9,360,1.0,Urban,Y
LP002412,Female,No,2,Not Graduate,No,4862,3371.28,32,84,,Urban,N
LP002413,Male,Yes,3+,Graduate,No,5656,0.0,9,360,1.0,Rural,Y
LP002414,Male,Yes,3+,Graduate,No,6015,0.0,13,360,1.0,Semiurban,Y
LP002415,Male,No,1,Graduate,No,6560,0.0,15,360,0.0,Rural,Y
LP002416,Male,No,3+,Graduate,No,8585,1016.99,22,360,1.0,Rural,Y
LP002417,Male,Yes,3+,Graduate,No,5876,0.0,9,300,1.0,Semiurban,Y
LP002418,Male,No,0,Not Graduate,No,6132,2355.04,,360,1.0,Semiurban,Y
LP002419,,Yes,1,Graduate,Yes,7356,0.0,12,480,,Urban,Y
LP002420,Female,Yes,0,Graduate,Yes,3232,0.0,9,360,1.0,Urban,Y
LP002421,Male,Yes,0,Graduate,No,9615,0.0,31,300,1.0,Urban,Y
LP002422,Male,Yes,0,Graduate,No,6549,0.0,24,300,1.0,Semiurban,Y
LP002423,Female,Yes,0,Graduate,No,4302,5084.55,28,360,1.0,Semiurban,Y
LP002424,Male,Yes,0,Graduate,No,5979,2884.7,,360,0.0,Rural,N
LP002425,Female,No,0,Not Graduate,No,5551,0.0,9,36,1.0,Urban,Y
LP002426,Female,Yes,0,Not Graduate,No,5553,1249.1,18,120,1.0,Semiurban,Y
LP002427,Male,No,1,Graduate,No,9534,0.0,28,84,1.0,Urban,Y
LP002428,Male,Yes,2,Graduate,No,9186,0.0,20,180,0.0,Urban,N
LP002429,Male,Yes,3+,Graduate,No,5233,0.0,16,300,1.0,Rural,Y
LP002430,Female,No,0,Graduate,No,2334,0.0,9,360,1.0,Semiurban,Y
LP002431,Female,No,0,Graduate,No,6784,3030.21,11,360,0.0,Semiurban,N
LP002432,,Yes,2,Graduate,No,9976,1755.87,45,60,1.0,Semiurban,Y
LP002433,Male,No,0,Graduate,No,6652,0.0,20,360,1.0,Semiurban,Y
LP002434,Male,Yes,3+,Graduate,No,10105,0.0,21,360,1.0,Rural,Y
LP002435,Male,Yes,1,Graduate,No,5494,0.0,18,360,1.0,Semiurban,Y
LP002436,Female,Yes,0,Not Graduate,No,4493,2746.56,25,360,,Rural,Y
LP002437,Male,Yes,0,Graduate,No,5628,0.0,20,84,1.0,Urban,Y
LP002438,Male,Yes,0,Graduate,Yes,10267,2054.04,30,360,1.0,Semiurban,Y
LP002439,Male,Yes,0,Graduate,Yes,5646,0.0,17,60,1.0,Semiurban,Y
LP002440,Female,No,0,Not Graduate,No,16914,4232.74,56,360,,Urban,Y
LP002441,Female,No,,Graduate,Yes,5136,3675.84,20,360,1.0,Semiurban,Y
LP002442,Male,No,1,Graduate,No,10233,1198.01,16,360,1.0,Semiurban,Y
LP002443,Male,No,0,Graduate,No,5964,3722.18,40,180,1.0,Urban,Y
LP002444,Male,Yes,0,Graduate,No,13766,0.0,,180,1.0,Rural,Y
LP002445,Male,Yes,0,Not Graduate,No,12018,0.0,39,60,1.0,Urban,Y
LP002446,Male,No,0,Graduate,No,6347,0.0,15,120,1.0,Rural,Y
LP002447,Male,Yes,1,Graduate,No,8595,2823.17,44,84,1.0,Semiurban,Y
LP002448,Male,,1,Graduate,No,13355,0.0,35,60,1.0,Urban,Y
LP002449,,Yes,2,Graduate,Yes,8699,1906.95,17,360,0.0,Urban,N
LP002450,Male,Yes,0,Graduate,No,5628,0.0,9,84,1.0,Semiurban,Y
LP002451,Male,Yes,0,Graduate,No,7925,0.0,18,360,1.0,Rural,Y
LP002452,Female,Yes,2,Graduate,No,5137,2644.88,22,360,0.0,Semiurban,N
LP002453,Male,Yes,1,Not Graduate,Yes,6680,0.0,21,36,1.0,Semiurban,Y
LP002454,Female,Yes,1,Graduate,No,5064,0.0,20,360,1.0,Urban,N
LP002455,Male,No,0,Graduate,Yes,8446,0.0,19,360,1.0,Rural,Y
LP002456,Male,Yes,2,Not Graduate,No,2980,0.0,11,360,1.0,Rural,Y
LP002457,Male,No,,Graduate,Yes,4806,0.0,9,360,0.0,Semiurban,N
LP002458,Male,No,0,Graduate,No,5353,3345.98,35,360,1.0,Rural,Y
LP002459,Male,Yes,2,Graduate,Yes,7264,0.0,9,360,1.0,Semiurban,Y
LP002460,Male,No,0,Graduate,,4283,0.0,16,360,1.0,Semiurban,Y
LP002461,Female,Yes,2,Not Graduate,,3392,2292.22,11,360,1.0,Semiurban,Y
LP002462,Male,Yes,0,Graduate,No,10639,3306.85,46,360,1.0,Urban,Y
LP002463,Male,Yes,0,Not Graduate,No,9719,3887.46,39,360,1.0,Urban,Y
LP002464,Male,No,0,Graduate,No,3374,18989.5,67,360,0.0,Rural,Y
LP002465,Male,No,2,Graduate,No,5756,0.0,25,360,,Rural,Y
LP002466,Female,Yes,2,Graduate,No,12560,0.0,38,360,,Semiurban,Y
LP002467,Female,Yes,0,Graduate,No,8195,0.0,14,360,1.0,Urban,Y
LP002468,Male,Yes,0,Graduate,Yes,9075,0.0,22,84,1.0,Urban,Y
LP002469,Male,No,0,Not Graduate,Yes,7694,0.0,10,84,1.0,Semiurban,Y
LP002470,Male,Yes,0,Graduate,No,5564,2685.12,17,360,1.0,Semiurban,Y
LP002471,Male,Yes,1,Not Graduate,Yes,6888,2042.23,18,360,1.0,Urban,Y
LP002472,Female,No,0,Graduate,No,8022,2849.69,35,300,1.0,Urban,Y
LP002473,Female,Yes,0,Graduate,No,7240,0.0,30,360,1.0,Rural,Y
LP002474,Male,Yes,0,Graduate,No,6680,0.0,13,360,1.0,Urban,Y
LP002475,Male,Yes,1,Graduate,No,7574,0.0,30,360,1.0,Semiurban,Y
LP002476,Male,Yes,1,Graduate,No,5279,2290.21,30,360,1.0,Rural,Y
LP002477,Male,Yes,1,Graduate,No,9904,0.0,31,240,0.0,Urban,N
LP002478,Male,Yes,0,Graduate,No,4877,4156.67,31,300,1.0,Semiurban,Y
LP002479,Male,Yes,3+,Graduate,No,5811,2222.89,30,120,1.0,Urban,N
LP002480,Female,No,0,Graduate,No,8898,0.0,20,360,1.0,Semiurban,Y
LP002481,Male,Yes,2,Graduate,No,8649,0.0,38,60,1.0,Rural,Y
LP002482,Male,No,1,Graduate,No,5975,0.0,13,360,1.0,Semiurban,Y
LP002483,Male,Yes,0,Graduate,No,4559,0.0,9,360,1.0,Urban,Y
LP002484,Male,No,2,Graduate,No,7080,0.0,25,180,1.0,Urban,Y
LP002485,Female,Yes,1,Not Graduate,No,3867,0.0,9,360,1.0,Urban,Y
LP002486,Male,No,1,Graduate,No,8856,0.0,9,360,1.0,Rural,Y
LP002487,Female,Yes,0,Graduate,Yes,5604,0.0,9,360,1.0,Rural,Y
LP002488,,Yes,0,Graduate,No,3719,0.0,9,360,0.0,Semiurban,N
LP002489,Male,Yes,2,Graduate,No,4942,0.0,9,180,0.0,Urban,N
LP002490,Male,Yes,0,Graduate,No,6603,0.0,9,240,,Rural,Y
LP002491,Female,No,0,Graduate,No,6746,1701.62,13,360,1.0,Rural,Y
LP002492,Male,No,0,Graduate,Yes,4744,0.0,15,84,1.0,Urban,Y
LP002493,Male,No,0,Graduate,No,5417,1792.33,10,360,1.0,Semiurban,Y
LP002494,Female,Yes,2,Graduate,No,9906,0.0,37,120,1.0,Semiurban,Y
LP002495,Female,No,1,Graduate,No,11064,0.0,43,360,1.0,Semiurban,Y
LP002496,Male,No,3+,Graduate,No,8103,6210.12,50,360,0.0,Semiurban,N
LP002497,Male,Yes,0,Not Graduate,No,5442,0.0,10,360,1.0,Urban,N
LP002498,Male,Yes,0,Not Graduate,No,4685,0.0,14,120,1.0,Semiurban,Y
LP002499,Female,No,0,Graduate,,8292,6107.24,17,360,1.0,Semiurban,Y
LP002500,Male,Yes,0,Graduate,No,6865,0.0,29,360,,Semiurban,Y
LP002501,Male,Yes,1,Graduate,No,11336,2946.35,14,360,1.0,Semiurban,Y
LP002502,Male,No,0,Not Graduate,No,9609,0.0,17,360,1.0,Urban,Y
LP002503,Female,Yes,0,Graduate,Yes,8285,0.0,10,360,1.0,Semiurban,Y
LP002504,Female,Yes,2,Graduate,No,5646,4495.72,45,360,1.0,Rural,Y
LP002505,Male,Yes,1,Graduate,,6619,2605.22,10,360,1.0,Semiurban,Y
LP002506,Male,No,0,Graduate,No,4133,1362.16,9,360,0.0,Rural,Y
LP002507,Female,No,1,Graduate,No,6261,0.0,9,360,1.0,Rural,Y
LP002508,Female,No,0,Graduate,No,6174,10252.69,67,360,1.0,Rural,Y
LP002509,Male,Yes,2,Not Graduate,No,3450,0.0,9,240,1.0,Semiurban,Y
LP002510,Male,Yes,1,Graduate,No,23102,2471.1,110,240,1.0,Urban,Y
LP002511,Male,Yes,0,Not Graduate,No,8161,0.0,35,360,1.0,Rural,Y
LP002512,Male,Yes,0,Graduate,,5768,0.0,20,480,1.0,Semiurban,Y
LP002513,Male,Yes,0,Graduate,No,19656,0.0,31,180,0.0,Rural,N
LP002514,Male,No,1,Graduate,,5949,0.0,26,360,1.0,Semiurban,Y
LP002515,Male,No,0,Graduate,No,10388,0.0,26,240,1.0,Semiurban,Y
LP002516,Female,Yes,2,Graduate,No,7180,0.0,18,360,1.0,Urban,N
LP002517,Male,No,0,Graduate,No,6025,0.0,19,360,0.0,Semiurban,N
LP002518,Male,No,0,Graduate,No,6315,2289.49,30,360,1.0,Semiurban,Y
LP002519,Male,Yes,0,Graduate,No,14437,1601.75,70,360,1.0,Rural,Y
LP002520,Male,Yes,0,Not Graduate,No,9614,3100.16,55,360,1.0,Rural,Y
LP002521,Male,Yes,0,Graduate,No,7366,0.0,18,360,1.0,Semiurban,Y
LP002522,Male,Yes,0,Graduate,No,4236,0.0,9,360,1.0,Semiurban,Y
LP002523,Male,Yes,3+,Graduate,No,8699,0.0,36,360,1.0,Urban,Y
LP002524,Male,Yes,0,Graduate,,5126,1732.13,9,360,1.0,Semiurban,Y
LP002525,Female,Yes,1,Not Graduate,No,7289,0.0,21,60,1.0,Rural,N
LP002526,Male,Yes,0,Graduate,No,6002,0.0,9,180,1.0,Rural,Y
LP002527,Female,No,1,Not Graduate,No,3409,3031.49,14,84,1.0,Semiurban,Y
LP002528,Female,No,0,Not Graduate,,3351,0.0,9,240,1.0,Rural,Y
LP002529,Female,Yes,1,Graduate,Yes,11066,0.0,38,60,1.0,Urban,Y
LP002530,Male,Yes,0,Graduate,No,4503,2921.6,32,240,0.0,Rural,N
LP002531,Male,Yes,0,Graduate,No,10451,3878.35,60,360,1.0,Semiurban,Y
LP002532,Male,Yes,0,Graduate,No,8835,2607.83,32,120,1.0,Urban,Y
LP002533,Male,Yes,0,Graduate,No,7505,2584.65,21,300,1.0,Semiurban,Y
LP002534,Male,Yes,0,Graduate,Yes,6556,0.0,18,240,1.0,Urban,Y
LP002535,Female,Yes,0,Graduate,No,8580,897.6,21,84,1.0,Semiurban,Y
LP002536,Male,No,3+,Graduate,No,6074,2486.33,22,360,0.0,Urban,N
LP002537,Female,Yes,0,Graduate,,5753,0.0,24,360,1.0,Urban,Y
LP002538,Male,,0,Graduate,No,7406,0.0,20,360,1.0,Semiurban,Y
LP002539,Male,Yes,2,Graduate,No,16592,1515.79,20,360,1.0,Semiurban,Y
LP002540,Male,Yes,1,Graduate,No,4782,0.0,16,480,1.0,Urban,Y
LP002541,Male,No,0,Not Graduate,No,7437,1702.15,18,360,1.0,Rural,Y
LP002542,Male,Yes,0,Graduate,No,7310,3187.66,18,60,0.0,Urban,N
LP002543,Male,Yes,0,Graduate,No,7105,0.0,26,180,1.0,Semiurban,Y
LP002544,Male,No,0,Graduate,No,4266,0.0,9,360,1.0,Semiurban,Y
LP002545,Male,Yes,0,Graduate,No,4513,0.0,14,360,1.0,Urban,N
LP002546,Male,Yes,2,Graduate,No,8826,13123.62,84,360,0.0,Rural,Y
LP002547,Female,Yes,2,Graduate,No,4294,0.0,9,180,0.0,Semiurban,N
LP002548,Male,Yes,0,Not Graduate,Yes,10343,4021.6,38,480,0.0,Urban,N
LP002549,Male,Yes,0,Graduate,No,5471,2847.47,25,360,1.0,Semiurban,Y
LP002550,Male,Yes,0,Graduate,No,9640,0.0,,360,1.0,Semiurban,Y
LP002551,,No,0,Graduate,No,5778,0.0,25,360,1.0,Urban,N
LP002552,Male,No,0,Graduate,No,5679,0.0,23,180,1.0,Urban,Y
LP002553,Male,Yes,1,Graduate,No,5640,763.02,11,300,1.0,Semiurban,Y
LP002554,Female,Yes,0,Graduate,No,8387,0.0,24,240,0.0,Semiurban,N
LP002555,Male,No,3+,Graduate,Yes,9850,0.0,15,240,1.0,Urban,Y
LP002556,Male,No,,Graduate,No,6367,0.0,9,360,1.0,Semiurban,Y
LP002557,Male,Yes,0,Not Graduate,No,8307,1968.72,23,360,1.0,Urban,Y
LP002558,Male,Yes,0,Not Graduate,No,6252,3338.22,20,180,,Urban,Y
LP002559,Male,No,1,Graduate,No,4507,0.0,13,360,1.0,Semiurban,Y
LP002560,Male,No,0,Graduate,No,8467,0.0,27,360,1.0,Semiurban,Y
LP002561,Male,No,0,Graduate,No,6403,0.0,15,180,1.0,Urban,Y
LP002562,Male,Yes,0,Not Graduate,No,2323,3857.53,24,60,0.0,Urban,N
LP002563,Female,Yes,2,Not Graduate,No,4387,0.0,17,360,1.0,Semiurban,Y
LP002564,Male,Yes,3+,Graduate,Yes,4579,2336.13,,240,0.0,Semiurban,N
LP002565,Male,Yes,0,Graduate,No,5147,0.0,11,360,1.0,Semiurban,Y
LP002566,Male,No,0,Graduate,Yes,6532,1953.47,15,60,1.0,Semiurban,Y
LP002567,Male,Yes,0,Graduate,No,7497,0.0,10,360,1.0,Semiurban,Y
LP002568,Male,Yes,0,Graduate,No,5777,0.0,10,360,0.0,Urban,N
LP002569,Male,No,3+,Graduate,No,9043,3475.39,54,180,1.0,Semiurban,Y
LP002570,Female,No,0,Graduate,No,6088,0.0,14,360,1.0,Urban,Y
LP002571,Male,No,1,Graduate,No,6110,5537.95,28,360,,Rural,Y
LP002572,Male,No,3+,Graduate,No,7344,5141.74,33,360,1.0,Urban,Y
LP002573,Female,Yes,1,Graduate,Yes,12127,0.0,39,360,1.0,Urban,Y
LP002574,Female,Yes,0,Not Graduate,No,1852,0.0,9,360,1.0,Semiurban,Y
LP002575,Male,Yes,1,Graduate,No,13518,7859.53,29,180,1.0,Semiurban,Y
LP002576,Male,No,0,Graduate,No,5694,2577.31,32,360,0.0,Rural,N
LP002577,Male,No,0,Not Graduate,No,3879,0.0,9,180,1.0,Semiurban,Y
LP002578,Female,Yes,3+,Graduate,No,5861,0.0,11,60,1.0,Urban,N
LP002579,Male,Yes,0,Graduate,Yes,5687,2131.87,22,120,1.0,Semiurban,Y
LP002580,Female,Yes,0,Graduate,No,4632,1652.79,18,360,1.0,Rural,Y
LP002581,Male,Yes,0,Graduate,Yes,10968,4061.45,22,360,1.0,Rural,Y
LP002582,Female,No,0,Not Graduate,No,5408,0.0,9,360,1.0,Semiurban,Y
LP002583,Male,Yes,1,Graduate,No,4355,0.0,13,360,0.0,Semiurban,N
LP002584,Male,No,2,Graduate,No,9664,0.0,34,360,1.0,Urban,Y
LP002585,Male,Yes,1,Graduate,Yes,9548,3300.3,40,180,1.0,Rural,Y
LP002586,Male,Yes,0,Not Graduate,No,3316,0.0,9,180,1.0,Semiurban,Y
LP002587,Male,Yes,0,Not Graduate,No,6776,0.0,19,360,1.0,Urban,Y
LP002588,Male,No,,Graduate,No,9431,3148.74,52,300,0.0,Semiurban,N
LP002589,Male,Yes,0,Graduate,No,4676,0.0,19,12,0.0,Semiurban,N
LP002590,Male,Yes,2,Graduate,No,8632,0.0,15,36,1.0,Urban,Y
LP002591,Female,Yes,1,Graduate,Yes,5277,0.0,9,360,1.0,Rural,Y
LP002592,Female,No,2,Graduate,No,8304,3851.64,39,360,1.0,Semiurban,Y
LP002593,Male,No,2,Graduate,Yes,5106,3294.32,13,360,1.0,Urban,Y
LP002594,Male,No,0,Graduate,No,11485,0.0,43,360,0.0,Rural,N
LP002595,Male,Yes,1,Not Graduate,No,5546,0.0,10,360,1.0,Rural,Y
LP002596,Female,No,2,Graduate,No,4898,0.0,9,360,0.0,Urban,N
LP002597,Male,Yes,3+,Graduate,Yes,5985,2143.79,31,300,0.0,Semiurban,N
LP002598,Male,No,0,Not Graduate,No,9103,0.0,15,360,1.0,Rural,Y
LP002599,Female,Yes,1,Graduate,No,5184,1939.62,9,180,1.0,Semiurban,Y
LP002600,,Yes,0,Graduate,No,11286,2743.13,54,360,1.0,Rural,Y
LP002601,Male,No,1,Graduate,No,7886,0.0,10,360,1.0,Urban,Y
LP002602,Male,No,3+,Graduate,No,4440,0.0,10,240,1.0,Rural,Y
LP002603,Male,Yes,3+,Graduate,No,7791,0.0,18,360,1.0,Semiurban,Y
LP002604,Female,Yes,0,Graduate,No,7054,2334.21,14,360,1.0,Semiurban,Y
LP002605,Male,No,0,Graduate,No,4398,2182.06,9,480,1.0,Rural,Y
LP002606,Male,No,2,Graduate,No,7239,0.0,9,84,1.0,Urban,Y
LP002607,Male,No,1,Not Graduate,No,7604,0.0,18,300,1.0,Urban,Y
LP002608,Male,Yes,3+,Graduate,No,12471,0.0,54,360,1.0,Urban,Y
LP002609,Male,Yes,0,Graduate,No,12220,0.0,43,360,1.0,Urban,Y
LP002610,Male,No,2,Graduate,No,22907,0.0,80,300,1.0,Urban,Y
LP002611,Female,No,1,Graduate,No,6416,0.0,21,360,1.0,Semiurban,Y
LP002612,Female,No,0,Graduate,Yes,8351,984.87,34,360,1.0,Urban,Y
LP002613,Male,No,0,Graduate,No,5716,0.0,16,84,1.0,Urban,Y
LP002614,Female,Yes,1,Graduate,No,17222,0.0,76,240,1.0,Urban,Y
LP002615,Male,Yes,0,Graduate,No,5679,0.0,17,300,1.0,Rural,Y
LP002616,Male,No,2,Graduate,No,17117,2707.63,63,240,,Urban,Y
LP002617,Male,Yes,0,Not Graduate,No,15019,0.0,16,360,1.0,Rural,Y
LP002618,Female,No,0,Graduate,No,4568,1308.62,21,300,1.0,Urban,Y
LP002619,Female,No,0,Not Graduate,Yes,9152,0.0,20,360,1.0,Urban,Y
LP002620,Female,No,3+,Graduate,No,7964,0.0,29,360,1.0,Semiurban,Y
LP002621,Female,Yes,1,Graduate,No,5838,0.0,,360,0.0,Semiurban,Y
LP002622,Female,No,2,Graduate,Yes,6030,2546.2,9,180,1.0,Semiurban,Y
LP002623,Male,Yes,2,Not Graduate,Yes,7063,0.0,16,360,1.0,Semiurban,Y
LP002624,Female,Yes,1,Graduate,Yes,8102,1024.69,38,180,1.0,Urban,Y
LP002625,Male,Yes,3+,Not Graduate,No,13346,0.0,19,360,1.0,Urban,Y
LP002626,Male,Yes,1,Graduate,Yes,9723,4820.71,52,180,1.0,Rural,Y
LP002627,Male,No,0,Graduate,No,5396,4324.43,20,360,1.0,Urban,Y
LP002628,Male,No,0,Not Graduate,No,8478,0.0,23,360,0.0,Rural,N
LP002629,Male,Yes,0,Not Graduate,No,3022,2702.84,23,360,0.0,Semiurban,N
LP002630,Male,No,1,Not Graduate,No,4697,0.0,15,360,1.0,Urban,Y
LP002631,Male,Yes,0,Graduate,No,6929,0.0,17,360,0.0,Urban,N
LP002632,Male,No,1,Not Graduate,No,8095,1613.71,33,360,1.0,Semiurban,Y
LP002633,Female,No,3+,Graduate,No,15721,1512.46,30,240,1.0,Semiurban,Y
LP002634,Male,Yes,0,Not Graduate,No,6900,0.0,9,360,0.0,Rural,N
LP002635,Male,Yes,0,Not Graduate,No,5256,0.0,16,12,1.0,Urban,Y
LP002636,Male,Yes,1,Graduate,No,6032,0.0,24,360,1.0,Rural,Y
LP002637,Male,Yes,0,Graduate,No,10911,2961.35,47,360,0.0,Urban,N
LP002638,Male,No,2,Graduate,No,6672,0.0,18,360,1.0,Urban,Y
LP002639,Female,Yes,0,Not Graduate,No,4133,2044.47,9,240,,Semiurban,Y
LP002640,Male,Yes,0,Not Graduate,No,9997,1047.99,14,360,1.0,Rural,Y
LP002641,Male,Yes,0,Graduate,No,12712,0.0,25,36,0.0,Semiurban,N
LP002642,Female,No,0,Not Graduate,No,2763,4646.59,32,360,1.0,Rural,Y
LP002643,Male,Yes,0,Graduate,No,4802,0.0,12,360,1.0,Semiurban,Y
LP002644,Female,No,0,Not Graduate,No,4634,1645.04,23,120,1.0,Rural,N
LP002645,Male,No,0,Graduate,No,4779,0.0,9,84,0.0,Rural,N
LP002646,Female,Yes,2,Graduate,No,4284,5936.03,27,360,1.0,Semiurban,Y
LP002647,Female,Yes,0,Graduate,,4632,2802.86,13,84,1.0,Semiurban,Y
LP002648,Female,Yes,0,Graduate,No,11208,0.0,48,360,0.0,Semiurban,N
LP002649,Male,Yes,0,Graduate,No,10060,0.0,17,360,1.0,Rural,Y
LP002650,Female,No,0,Not Graduate,No,21471,0.0,25,300,1.0,Semiurban,Y
LP002651,Female,No,0,Graduate,No,4843,0.0,9,360,1.0,Semiurban,Y
LP002652,Male,Yes,2,Graduate,No,13715,2916.43,20,360,1.0,Rural,Y
LP002653,,Yes,0,Graduate,No,8608,0.0,18,360,,Semiurban,Y
LP002654,Female,Yes,1,Not Graduate,No,4019,0.0,18,360,1.0,Semiurban,Y
LP002655,Male,Yes,0,Graduate,No,7300,0.0,31,300,1.0,Semiurban,Y
LP002656,Female,No,0,Graduate,No,5009,0.0,15,60,,Semiurban,Y
LP002657,Male,No,0,Graduate,Yes,8040,0.0,31,360,1.0,Semiurban,Y
LP002658,Male,No,1,Graduate,No,11184,2769.42,33,360,1.0,Urban,Y
LP002659,Male,,3+,Graduate,No,6739,2750.52,39,360,1.0,Rural,Y
LP002660,Male,Yes,0,Graduate,No,10976,0.0,19,360,1.0,Semiurban,Y
LP002661,Female,Yes,3+,Graduate,No,12537,0.0,30,360,1.0,Rural,Y
LP002662,Male,No,0,Graduate,No,14344,0.0,20,180,1.0,Urban,Y
LP002663,Male,No,0,Graduate,No,4731,2749.41,32,360,1.0,Rural,Y
LP002664,Male,No,1,Graduate,No,7071,2247.07,20,360,1.0,Semiurban,Y
LP002665,Male,Yes,,Graduate,,10322,2531.58,23,360,1.0,Semiurban,Y
LP002666,Female,Yes,0,Graduate,No,4560,0.0,9,360,1.0,Rural,Y
LP002667,Female,No,0,Graduate,No,3740,2745.35,17,360,1.0,Semiurban,Y
LP002668,Male,Yes,1,Graduate,No,7637,1517.31,25,360,1.0,Rural,Y
LP002669,Male,Yes,0,Graduate,No,6636,0.0,,36,1.0,Semiurban,Y
LP002670,Male,Yes,2,Graduate,No,7231,0.0,27,300,,Urban,Y
LP002671,Male,No,0,Graduate,No,6004,0.0,20,360,1.0,Semiurban,Y
LP002672,Male,Yes,3+,Graduate,No,20760,898.99,58,300,1.0,Rural,Y
LP002673,,No,0,Graduate,No,6025,0.0,17,84,1.0,Semiurban,Y
LP002674,Male,Yes,1,Graduate,No,9784,0.0,43,360,1.0,Semiurban,Y
LP002675,Male,Yes,0,Graduate,No,9508,3129.4,32,180,1.0,Urban,Y
LP002676,Male,Yes,0,Graduate,No,4584,3418.56,17,300,1.0,Semiurban,Y
LP002677,,Yes,0,Not Graduate,No,13145,0.0,42,360,1.0,Rural,Y
LP002678,Female,No,1,Graduate,No,8654,0.0,29,120,1.0,Rural,Y
LP002679,Female,No,0,Graduate,No,6900,0.0,29,120,1.0,Urban,Y
LP002680,Male,No,1,Graduate,No,11569,1661.73,29,180,1.0,Urban,Y
LP002681,Female,No,3+,Not Graduate,No,4775,3778.24,23,360,1.0,Urban,Y
LP002682,Female,No,0,Graduate,No,9842,3368.85,42,360,0.0,Urban,N
LP002683,Male,Yes,0,Graduate,No,4394,0.0,15,240,1.0,Rural,Y
LP002684,Male,No,0,Not Graduate,No,8826,0.0,10,360,1.0,Semiurban,Y
LP002685,Male,Yes,0,Graduate,No,8287,2685.5,45,180,1.0,Urban,Y
LP002686,Female,,0,Graduate,No,7038,0.0,11,360,1.0,Rural,Y
LP002687,Male,Yes,2,Graduate,No,5764,0.0,10,120,1.0,Rural,Y
LP002688,Male,No,,Graduate,No,6610,2624.72,31,360,1.0,Semiurban,Y
LP002689,Male,Yes,0,Not Graduate,No,5534,1591.66,12,360,1.0,Rural,Y
LP002690,Male,Yes,1,Graduate,No,5281,3789.65,13,360,0.0,Semiurban,N
LP002691,Female,Yes,0,Graduate,No,8093,2229.24,44,36,1.0,Urban,Y
LP002692,Male,Yes,1,Graduate,No,15430,3191.25,60,360,1.0,Rural,Y
LP002693,Female,Yes,3+,Not Graduate,No,2594,0.0,11,180,1.0,Urban,Y
LP002694,Female,Yes,0,Graduate,Yes,8595,0.0,,360,0.0,Rural,N
LP002695,Female,Yes,0,Graduate,No,5818,0.0,9,360,,Semiurban,Y
LP002696,Male,Yes,2,Not Graduate,No,4863,0.0,9,360,1.0,Rural,Y
LP002697,Female,Yes,1,Graduate,No,7140,2993.52,11,360,1.0,Urban,Y
LP002698,,No,2,Not Graduate,,5987,0.0,,360,0.0,Semiurban,N
LP002699,Male,Yes,2,Graduate,No,8290,0.0,36,360,1.0,Rural,Y
LP002700,Female,Yes,0,Graduate,No,4493,0.0,10,300,,Rural,Y
LP002701,Male,Yes,0,Graduate,No,12251,0.0,43,360,1.0,Rural,Y
LP002702,Male,Yes,1,Not Graduate,No,6459,0.0,21,360,1.0,Urban,Y
LP002703,Male,Yes,1,Graduate,No,9818,2568.71,13,360,1.0,Semiurban,Y
LP002704,Female,Yes,1,Graduate,No,12185,4268.21,29,360,1.0,Semiurban,Y
LP002705,Male,Yes,0,Not Graduate,No,2852,0.0,9,360,0.0,Urban,N
LP002706,Male,Yes,2,Graduate,No,9974,0.0,13,360,1.0,Semiurban,Y
LP002707,Female,Yes,0,Graduate,No,6453,3759.57,26,180,1.0,Rural,Y
LP002708,Male,Yes,0,Graduate,No,11857,3216.73,50,360,1.0,Semiurban,Y
LP002709,Male,Yes,,Not Graduate,Yes,4338,3979.31,18,360,0.0,Urban,N
LP002710,Male,No,0,Graduate,No,10914,2982.8,29,180,0.0,Rural,N
LP002711,Female,Yes,1,Not Graduate,No,3109,0.0,10,120,0.0,Rural,N
LP002712,Male,No,0,Graduate,No,8556,2274.03,26,360,1.0,Semiurban,Y
LP002713,Male,Yes,1,Not Graduate,Yes,7128,658.08,22,180,1.0,Rural,Y
LP002714,Male,Yes,0,Graduate,No,7277,0.0,12,360,1.0,Rural,Y
LP002715,Female,Yes,0,Graduate,No,4645,0.0,17,360,1.0,Urban,Y
LP002716,Male,Yes,,Graduate,No,6739,0.0,,360,1.0,Semiurban,Y
LP002717,Male,Yes,0,Graduate,No,11350,1995.25,58,360,1.0,Rural,Y
LP002718,Female,No,1,Graduate,No,13500,6415.25,72,360,1.0,Rural,Y
LP002719,Male,No,0,Graduate,No,18174,0.0,56,360,1.0,Urban,Y
LP002720,Male,Yes,0,Graduate,No,9541,0.0,30,360,1.0,Semiurban,N
LP002721,Male,,0,Graduate,No,8515,0.0,18,300,1.0,Rural,N
LP002722,Female,No,0,Graduate,No,7934,0.0,20,240,1.0,Semiurban,Y
LP002723,Male,Yes,0,Graduate,No,18432,2082.87,68,360,1.0,Urban,Y
LP002724,Male,Yes,,Graduate,No,9516,958.23,29,360,1.0,Urban,Y
LP002725,Male,No,0,Graduate,No,7478,0.0,32,240,,Rural,Y
LP002726,Female,Yes,0,Graduate,No,6166,0.0,18,360,1.0,Semiurban,Y
LP002727,Female,Yes,2,Graduate,,6465,3508.53,10,240,1.0,Rural,Y
LP002728,Male,Yes,1,Not Graduate,No,7497,2376.74,14,240,1.0,Semiurban,Y
LP002729,Male,Yes,0,Not Graduate,No,4431,0.0,9,360,1.0,Rural,Y
LP002730,Female,Yes,1,Graduate,No,5374,3994.68,38,360,1.0,Urban,Y
LP002731,Male,No,3+,Graduate,Yes,7030,0.0,14,360,0.0,Rural,N
LP002732,Male,Yes,0,Graduate,No,6547,2619.66,35,360,1.0,Rural,Y
LP002733,Male,Yes,0,Graduate,No,9829,2416.31,31,360,1.0,Semiurban,Y
LP002734,Male,Yes,2,Graduate,,10163,2859.38,54,60,1.0,Urban,Y
LP002735,Male,No,2,Not Graduate,No,6553,3220.9,26,360,1.0,Rural,Y
LP002736,Male,Yes,3+,Not Graduate,No,7894,0.0,31,360,1.0,Rural,Y
LP002737,Male,No,0,Graduate,No,7574,1709.03,,360,0.0,Semiurban,N
LP002738,Male,Yes,,Graduate,Yes,3305,0.0,9,300,1.0,Semiurban,Y
LP002739,Male,Yes,0,Graduate,Yes,5705,0.0,17,360,1.0,Rural,Y
LP002740,Male,Yes,1,Graduate,No,10313,2606.65,25,360,1.0,Rural,Y
LP002741,Male,Yes,2,Graduate,No,5771,0.0,9,84,1.0,Semiurban,Y
LP002742,Female,Yes,,Graduate,No,10211,0.0,21,360,1.0,Semiurban,Y
LP002743,Male,No,0,Graduate,No,10792,3854.16,29,240,1.0,Urban,Y
LP002744,Female,No,1,Not Graduate,No,4191,2291.67,17,360,,Rural,Y
LP002745,Male,No,2,Graduate,No,5748,0.0,18,360,1.0,Rural,Y
LP002746,Female,Yes,0,Graduate,No,6943,1106.52,35,360,1.0,Semiurban,Y
LP002747,Male,Yes,2,Not Graduate,No,6086,0.0,16,360,0.0,Urban,N
LP002748,Male,Yes,0,Graduate,No,9959,4049.6,51,360,0.0,Urban,Y
LP002749,Male,Yes,0,Graduate,No,4006,5264.03,25,360,1.0,Urban,Y
LP002750,Male,No,0,Graduate,No,5463,2198.06,19,360,,Rural,Y
LP002751,Male,No,3+,Graduate,No,4977,3932.08,21,360,1.0,Rural,Y
LP002752,Female,Yes,0,Graduate,No,3084,5313.14,34,360,,Semiurban,Y
LP002753,Female,No,1,Not Graduate,No,3652,1457.45,9,360,1.0,Urban,Y
LP002754,Male,No,0,Graduate,No,4298,2906.19,14,360,0.0,Urban,N
LP002755,Female,Yes,3+,Graduate,No,5895,0.0,20,240,1.0,Semiurban,Y
LP002756,,No,2,Graduate,No,5167,4408.37,19,360,1.0,Urban,Y
LP002757,Female,Yes,0,Graduate,No,8451,0.0,9,360,1.0,Semiurban,Y
LP002758,Male,Yes,0,Not Graduate,No,5529,0.0,9,360,1.0,Rural,Y
LP002759,Male,Yes,0,Graduate,No,4581,0.0,9,360,1.0,Semiurban,Y
LP002760,Male,Yes,0,Graduate,,8850,0.0,17,360,1.0,Rural,Y
LP002761,Male,Yes,2,Graduate,No,23792,4777.94,61,180,0.0,Urban,Y
LP002762,Female,No,0,Graduate,No,10867,0.0,47,360,1.0,Semiurban,Y
LP002763,Male,Yes,0,Not Graduate,No,8687,0.0,33,360,1.0,Rural,Y
LP002764,Male,Yes,1,Graduate,No,7170,0.0,10,84,0.0,Rural,N
LP002765,Male,Yes,0,Graduate,No,6460,0.0,9,300,1.0,Rural,Y
LP002766,Female,Yes,0,Graduate,No,5511,4245.0,43,360,1.0,Semiurban,Y
LP002767,Male,No,0,Graduate,No,7978,3403.82,38,240,1.0,Urban,Y
LP002768,Male,Yes,0,Graduate,No,5286,0.0,16,360,1.0,Semiurban,Y
LP002769,Female,No,1,Graduate,No,7109,1474.31,26,360,1.0,Urban,Y
LP002770,Female,No,0,Graduate,No,4800,0.0,9,240,1.0,Urban,Y
LP002771,Male,Yes,0,Not Graduate,No,3056,0.0,9,360,,Semiurban,N
LP002772,Female,Yes,0,Graduate,Yes,5272,0.0,13,120,1.0,Urban,Y
LP002773,Female,Yes,1,Graduate,No,12412,2080.46,37,360,1.0,Urban,Y
LP002774,Male,No,0,Graduate,Yes,7640,3059.76,47,360,1.0,Urban,Y
LP002775,Female,No,0,Not Graduate,No,1500,0.0,9,360,,Semiurban,N
LP002776,Male,Yes,0,Graduate,No,6080,8454.58,15,360,1.0,Rural,Y
LP002777,Male,Yes,0,Graduate,No,11250,0.0,47,360,,Rural,N
LP002778,Male,No,0,Graduate,No,6409,0.0,26,360,1.0,Urban,Y
LP002779,Male,Yes,0,Graduate,No,9529,0.0,19,360,0.0,Urban,N
LP002780,Male,,2,Graduate,No,6177,6137.69,26,360,1.0,Rural,Y
LP002781,Male,No,0,Graduate,No,7788,0.0,23,360,1.0,Urban,Y
LP002782,Male,Yes,1,Not Graduate,Yes,6319,4259.07,18,60,1.0,Rural,Y
LP002783,Male,Yes,1,Graduate,No,6135,0.0,24,360,0.0,Urban,N
LP002784,Male,Yes,0,Not Graduate,Yes,8224,1852.37,19,360,1.0,Semiurban,Y
LP002785,Male,Yes,1,Graduate,No,15119,0.0,18,360,1.0,Urban,Y
LP002786,Male,No,0,Graduate,No,8490,0.0,24,360,1.0,Rural,Y
LP002787,Male,No,1,Graduate,No,7531,2455.23,35,300,1.0,Semiurban,Y
LP002788,Male,No,2,Graduate,No,5263,3932.95,39,360,1.0,Urban,Y
LP002789,Female,Yes,2,Not Graduate,No,9129,0.0,29,360,1.0,Semiurban,Y
LP002790,Male,Yes,0,Graduate,No,6416,0.0,,360,1.0,Semiurban,Y
LP002791,Female,No,1,Not Graduate,No,6880,2242.61,30,120,,Rural,Y
LP002792,Male,Yes,0,Graduate,No,10562,2788.84,17,36,,Semiurban,Y
LP002793,Female,Yes,0,Graduate,Yes,10888,0.0,18,360,,Urban,Y
LP002794,Female,Yes,0,Graduate,No,10988,0.0,,360,1.0,Semiurban,Y
LP002795,Female,Yes,0,Graduate,No,10795,3057.38,16,360,1.0,Urban,Y
LP002796,Male,No,1,Graduate,Yes,4612,2097.2,15,12,0.0,Rural,N
LP002797,Male,Yes,2,Not Graduate,No,4235,0.0,15,360,0.0,Rural,N
LP002798,Male,No,0,Graduate,No,4457,1580.99,9,360,1.0,Urban,Y
LP002799,Male,Yes,0,Graduate,No,4871,0.0,13,360,1.0,Semiurban,Y
LP002800,Female,Yes,1,Graduate,No,14273,0.0,25,360,1.0,Semiurban,Y
LP002801,Female,Yes,3+,Graduate,No,4720,0.0,14,360,0.0,Urban,N
LP002802,Male,No,1,Not Graduate,No,3300,1175.99,12,360,,Semiurban,Y
LP002803,Male,Yes,0,Graduate,No,7552,2429.74,15,300,1.0,Semiurban,Y
LP002804,Male,Yes,0,Graduate,No,5941,0.0,23,360,,Semiurban,Y
LP002805,Male,Yes,1,Graduate,No,21894,0.0,60,360,1.0,Semiurban,Y
LP002806,Male,No,0,Not Graduate,No,4971,0.0,22,300,1.0,Semiurban,Y
LP002807,Male,No,3+,Graduate,No,8719,0.0,38,360,1.0,Semiurban,Y
LP002808,Female,Yes,3+,Not Graduate,No,3577,0.0,9,360,1.0,Semiurban,Y
LP002809,Male,No,3+,Graduate,No,4113,0.0,16,180,1.0,Rural,Y
LP002810,Male,Yes,0,Not Graduate,,4474,3325.38,27,360,1.0,Semiurban,Y
LP002811,Male,Yes,1,Not Graduate,,4494,0.0,11,240,1.0,Semiurban,Y
LP002812,Female,Yes,1,Not Graduate,No,3681,0.0,14,360,1.0,Urban,Y
LP002813,Male,No,0,Graduate,No,4181,0.0,10,180,1.0,Semiurban,Y
LP002814,Male,Yes,0,Graduate,No,8132,2085.45,27,120,1.0,Semiurban,Y
LP002815,Male,Yes,0,Not Graduate,No,5315,0.0,12,360,,Urban,N
LP002816,Male,Yes,0,Graduate,No,4748,3318.64,31,360,1.0,Urban,Y
LP002817,Male,Yes,3+,Graduate,No,8038,2253.23,42,300,1.0,Semiurban,Y
LP002818,Male,No,2,Graduate,No,10064,0.0,15,84,,Urban,Y
LP002819,Male,No,0,Graduate,No,12383,0.0,37,240,1.0,Semiurban,Y
LP002820,Female,Yes,0,Graduate,No,3150,0.0,9,240,1.0,Semiurban,Y
LP002821,Male,Yes,0,Graduate,No,5969,601.24,26,360,0.0,Semiurban,N
LP002822,Male,Yes,0,Graduate,No,4959,0.0,9,300,1.0,Rural,Y
LP002823,Male,Yes,0,Graduate,No,6122,0.0,9,360,1.0,Rural,Y
LP002824,Female,Yes,1,Not Graduate,No,11806,2993.13,53,360,0.0,Rural,Y
LP002825,Female,No,1,Graduate,No,4676,0.0,15,240,1.0,Rural,Y
LP002826,Female,Yes,2,Not Graduate,No,4195,2607.45,16,360,1.0,Urban,Y
LP002827,Male,No,2,Graduate,No,5288,0.0,16,360,,Urban,Y
LP002828,Male,Yes,0,Graduate,Yes,15837,2459.49,67,360,1.0,Urban,Y
LP002829,Female,No,,Graduate,No,2736,0.0,,360,1.0,Urban,Y
LP002830,Female,Yes,0,Graduate,Yes,5519,0.0,11,300,1.0,Rural,Y
LP002831,Male,No,0,Graduate,No,5223,0.0,,360,1.0,Rural,N
LP002832,Male,No,0,Graduate,No,4049,6249.94,33,360,0.0,Semiurban,N
LP002833,Male,Yes,0,Graduate,Yes,12321,597.33,40,360,1.0,Rural,Y
LP002834,Female,No,0,Graduate,No,3165,1549.5,12,360,1.0,Rural,Y
LP002835,Male,Yes,0,Graduate,No,6530,0.0,21,360,1.0,Semiurban,Y
LP002836,Male,Yes,,Not Graduate,No,5987,0.0,9,360,0.0,Urban,N
LP002837,Male,Yes,3+,Graduate,No,5932,2229.04,17,240,1.0,Rural,Y
LP002838,Male,No,0,Graduate,No,4036,2372.86,19,360,1.0,Semiurban,Y
LP002839,Male,No,0,Graduate,Yes,6742,3666.6,21,360,1.0,Semiurban,Y
LP002840,Male,Yes,3+,Graduate,No,5911,0.0,25,360,1.0,Urban,Y
LP002841,Female,No,0,Graduate,No,9483,2685.05,53,360,1.0,Rural,Y
LP002842,Male,Yes,0,Graduate,No,9498,0.0,21,360,1.0,Rural,Y
LP002843,Male,Yes,3+,Not Graduate,No,17081,0.0,30,360,,Semiurban,Y
LP002844,Male,Yes,0,Graduate,No,8050,2041.19,18,360,1.0,Rural,Y
LP002845,Male,Yes,0,Graduate,No,9799,2605.79,31,180,1.0,Semiurban,Y
LP002846,Male,Yes,0,Graduate,No,6762,0.0,29,360,1.0,Rural,Y
LP002847,Male,Yes,0,Not Graduate,No,15025,0.0,27,300,0.0,Semiurban,N
LP002848,Male,Yes,2,Graduate,No,7745,3088.23,23,120,1.0,Rural,Y
LP002849,Female,Yes,0,Graduate,No,6621,1070.21,22,120,0.0,Rural,N
LP002850,Male,No,1,Graduate,No,9097,0.0,27,360,1.0,Rural,Y
LP002851,Male,Yes,1,Graduate,No,6137,689.59,22,360,1.0,Urban,Y
LP002852,Male,No,3+,Graduate,No,5941,2537.76,30,360,1.0,Rural,Y
LP002853,Female,Yes,0,Graduate,No,8794,0.0,33,360,,Semiurban,Y
LP002854,Male,Yes,0,Graduate,No,10426,3335.94,,120,1.0,Urban,Y
LP002855,Female,Yes,3+,Graduate,No,9032,0.0,11,300,1.0,Semiurban,Y
LP002856,Female,No,1,Graduate,No,6183,0.0,20,360,0.0,Semiurban,N
LP002857,Male,Yes,0,Graduate,Yes,8580,0.0,26,360,0.0,Semiurban,N
LP002858,Male,Yes,0,Graduate,No,11545,0.0,20,360,1.0,Semiurban,Y
LP002859,Female,No,2,Graduate,No,4049,1787.18,23,36,0.0,Urban,N
LP002860,Male,No,0,Graduate,No,7218,1787.61,32,360,1.0,Urban,Y
LP002861,Male,Yes,,Not Graduate,No,2156,2278.24,10,360,1.0,Rural,Y
LP002862,Male,Yes,2,Not Graduate,,8962,0.0,39,360,1.0,Urban,Y
LP002863,Male,Yes,0,Graduate,No,5873,3126.76,30,360,1.0,Semiurban,Y
LP002864,Male,Yes,0,Graduate,Yes,5922,922.09,29,240,1.0,Semiurban,Y
LP002865,Male,No,1,Not Graduate,No,5368,1070.06,22,360,,Urban,Y
LP002866,Male,Yes,2,Graduate,No,9925,6896.16,58,360,1.0,Urban,Y
LP002867,Male,Yes,0,Graduate,No,23442,0.0,41,360,1.0,Semiurban,Y
LP002868,Male,Yes,1,Graduate,,4735,0.0,11,36,1.0,Rural,Y
LP002869,Female,Yes,0,Graduate,No,4952,0.0,15,360,1.0,Rural,Y
LP002870,Male,No,0,Graduate,,7937,3721.58,45,360,1.0,Semiurban,Y
LP002871,Male,Yes,3+,Not Graduate,No,4477,0.0,18,360,0.0,Urban,N
LP002872,Male,Yes,0,Not Graduate,No,9415,0.0,12,360,1.0,Semiurban,Y
LP002873,Male,Yes,0,Graduate,No,7244,0.0,25,480,1.0,Semiurban,Y
LP002874,Male,Yes,2,Graduate,No,11159,0.0,21,120,1.0,Semiurban,Y
LP002875,Male,Yes,0,Graduate,No,7034,2896.5,34,180,0.0,Semiurban,Y
LP002876,Male,Yes,0,Graduate,No,9615,0.0,20,240,1.0,Semiurban,Y
LP002877,Male,Yes,2,Graduate,Yes,5567,1473.87,21,360,1.0,Urban,Y
LP002878,Male,No,0,Not Graduate,No,16516,1844.13,52,360,1.0,Rural,Y
LP002879,Male,No,1,Graduate,No,4072,0.0,16,360,1.0,Semiurban,Y
LP002880,Male,No,0,Graduate,No,5514,0.0,18,360,1.0,Semiurban,Y
LP002881,Male,Yes,0,Graduate,No,4895,2213.77,13,360,1.0,Rural,Y
LP002882,Male,Yes,1,Graduate,No,10744,0.0,34,300,1.0,Semiurban,Y
LP002883,Male,Yes,0,Graduate,No,9593,2104.71,37,360,1.0,Urban,Y
LP002884,Male,No,2,Graduate,No,4666,967.07,12,360,1.0,Urban,Y
LP002885,Male,Yes,3+,Graduate,Yes,11739,0.0,22,360,1.0,Rural,Y
LP002886,Male,Yes,2,Graduate,No,6032,0.0,25,120,,Semiurban,Y
LP002887,Male,Yes,0,Not Graduate,No,7500,3169.41,16,360,1.0,Semiurban,Y
LP002888,Female,Yes,0,Graduate,Yes,9138,0.0,13,360,1.0,Urban,Y
LP002889,Male,No,2,Not Graduate,No,5043,1980.63,21,84,0.0,Urban,N
LP002890,Male,No,0,Graduate,No,10783,0.0,22,480,,Semiurban,Y
LP002891,Male,Yes,1,Graduate,No,7307,0.0,20,60,1.0,Semiurban,Y
LP002892,Female,No,2,Graduate,Yes,7522,0.0,14,360,1.0,Semiurban,Y
LP002893,Male,Yes,0,Not Graduate,No,5469,0.0,12,84,1.0,Semiurban,Y
LP002894,Male,Yes,0,Graduate,No,4402,4584.83,21,360,1.0,Rural,Y
LP002895,Female,Yes,1,Graduate,No,6563,0.0,19,360,1.0,Semiurban,Y
LP002896,Male,No,1,Not Graduate,No,3709,0.0,9,180,1.0,Semiurban,N
LP002897,Female,Yes,0,Not Graduate,No,11831,4851.56,41,240,0.0,Semiurban,Y
LP002898,Male,Yes,1,Graduate,Yes,4967,5088.54,34,300,1.0,Urban,Y
LP002899,Male,No,2,Graduate,Yes,12549,3876.44,57,360,1.0,Semiurban,Y
LP002900,Male,Yes,0,Graduate,No,7214,0.0,14,120,1.0,Urban,Y
LP002901,Male,Yes,0,Graduate,Yes,9071,1209.1,29,240,1.0,Rural,Y
LP002902,Female,Yes,1,Graduate,No,4147,0.0,9,360,0.0,Semiurban,N
LP002903,Male,No,2,Not Graduate,No,4883,1662.15,9,360,1.0,Semiurban,Y
LP002904,Female,No,3+,Graduate,No,4798,0.0,,360,1.0,Rural,Y
LP002905,Male,No,0,Graduate,No,19660,2735.54,75,84,1.0,Semiurban,Y
LP002906,Male,Yes,2,Graduate,No,6049,0.0,26,360,1.0,Urban,Y
LP002907,Female,Yes,2,Graduate,No,11818,0.0,16,240,1.0,Rural,Y
LP002908,Male,No,1,Graduate,No,12201,0.0,30,360,1.0,Semiurban,Y
LP002909,Female,Yes,0,Graduate,No,11735,1829.05,58,240,1.0,Semiurban,Y
LP002910,Male,Yes,0,Not Graduate,No,4741,0.0,,480,1.0,Urban,Y
LP002911,Male,No,0,Graduate,No,16814,0.0,69,360,0.0,Semiurban,N
LP002912,Male,Yes,0,Graduate,No,19237,0.0,65,360,1.0,Semiurban,Y
LP002913,Male,Yes,0,Graduate,Yes,8925,5413.64,57,360,1.0,Rural,N
LP002914,Male,No,3+,Not Graduate,No,4517,7882.36,45,480,1.0,Rural,Y
LP002915,Male,No,0,Graduate,No,5232,0.0,9,360,1.0,Semiurban,Y
LP002916,Male,No,3+,Graduate,Yes,8822,0.0,32,360,1.0,Rural,Y
LP002917,Male,No,0,Graduate,No,7409,0.0,10,360,0.0,Rural,N
LP002918,Female,Yes,2,Graduate,No,7484,0.0,27,180,1.0,Urban,Y
LP002919,Male,No,0,Graduate,Yes,4489,2825.46,18,360,0.0,Semiurban,N
LP002920,Male,Yes,,Graduate,No,7812,0.0,26,360,1.0,Urban,Y
LP002921,Female,No,0,Graduate,No,11262,2383.54,16,360,1.0,Urban,Y
LP002922,Male,Yes,3+,Not Graduate,No,9315,1546.9,15,360,1.0,Rural,Y
LP002923,Male,No,0,Not Graduate,No,4633,2976.62,10,360,1.0,Rural,Y
LP002924,Male,Yes,0,Graduate,No,7403,1978.25,21,360,1.0,Rural,Y
LP002925,Male,No,3+,Not Graduate,No,2836,1871.71,9,360,1.0,Semiurban,Y
LP002926,Male,Yes,0,Graduate,No,6097,2670.81,9,360,1.0,Urban,Y
LP002927,Male,Yes,1,Graduate,Yes,6807,2338.28,37,240,1.0,Urban,Y
LP002928,Male,Yes,0,Not Graduate,No,8487,0.0,30,180,1.0,Urban,Y
LP002929,Male,,0,Graduate,No,6016,1582.5,22,360,1.0,Semiurban,Y
LP002930,Male,No,1,Graduate,No,4939,0.0,17,240,0.0,Semiurban,N
LP002931,Male,Yes,0,Graduate,Yes,10543,0.0,21,360,,Semiurban,Y
LP002932,Male,Yes,1,Graduate,No,6614,0.0,22,360,0.0,Urban,N
LP002933,Male,Yes,0,Graduate,No,5770,3584.38,26,300,1.0,Urban,Y
LP002934,Female,Yes,2,Not Graduate,No,8502,2375.13,14,360,1.0,Urban,Y
LP002935,Male,Yes,3+,Graduate,No,9272,0.0,30,360,,Rural,Y
LP002936,Male,Yes,0,Graduate,No,7139,0.0,,480,1.0,Urban,Y
LP002937,Male,Yes,0,Graduate,No,6780,2672.78,17,180,1.0,Urban,Y
LP002938,Male,Yes,0,Graduate,Yes,8971,724.34,9,360,1.0,Semiurban,Y
LP002939,Male,Yes,2,Graduate,No,9590,0.0,34,360,0.0,Urban,N
LP002940,Male,Yes,0,Graduate,Yes,8371,0.0,16,360,1.0,Semiurban,Y
LP002941,,Yes,1,Graduate,Yes,7283,3983.09,,360,1.0,Rural,N
LP002942,Male,Yes,0,Graduate,Yes,6215,4604.71,11,360,1.0,Semiurban,Y
LP002943,Female,No,1,Graduate,No,5040,0.0,9,240,1.0,Urban,Y
LP002944,Male,Yes,2,Graduate,No,7233,0.0,25,360,1.0,Urban,Y
LP002945,Male,Yes,0,Graduate,No,5560,0.0,24,360,0.0,Urban,N
LP002946,Male,Yes,0,Not Graduate,No,3873,0.0,11,120,1.0,Rural,Y
LP002947,Male,No,0,Graduate,No,6957,0.0,27,360,1.0,Semiurban,N
LP002948,Female,Yes,0,Graduate,No,10898,3102.7,24,360,1.0,Semiurban,Y
LP002949,Female,Yes,0,Graduate,No,3416,5694.64,11,360,1.0,Semiurban,Y
LP002950,Female,No,2,Not Graduate,No,3886,4714.72,19,360,0.0,Urban,N
LP002951,Male,No,0,Not Graduate,No,6587,0.0,11,180,,Semiurban,Y
LP002952,Female,Yes,0,Graduate,No,11352,0.0,35,360,1.0,Urban,Y
LP002953,Male,No,0,Graduate,No,16771,0.0,72,360,,Rural,N
LP002954,Female,Yes,0,Graduate,No,6210,0.0,11,360,1.0,Rural,Y
LP002955,Male,No,3+,Not Graduate,No,16850,2063.87,78,360,0.0,Urban,Y
LP002956,Male,No,0,Graduate,,8759,0.0,25,120,1.0,Rural,Y
LP002957,Male,Yes,0,Graduate,No,10810,1732.44,17,360,0.0,Urban,N
LP002958,Male,Yes,0,Not Graduate,No,3893,6102.86,28,300,0.0,Urban,N
LP002959,Male,Yes,3+,Graduate,No,9251,0.0,24,360,1.0,Urban,Y
LP002960,Female,No,2,Graduate,No,9936,1978.75,43,480,1.0,Urban,Y
LP002961,Female,Yes,0,Graduate,No,5249,3716.41,32,180,,Urban,Y
LP002962,Female,Yes,1,Not Graduate,Yes,1529,1367.78,9,120,1.0,Rural,Y
LP002963,Male,No,2,Graduate,No,7674,1629.05,31,360,1.0,Urban,Y
LP002964,Male,No,2,Not Graduate,,5120,3275.51,26,360,1.0,Semiurban,Y
LP002965,Male,Yes,0,Graduate,No,13809,0.0,25,180,1.0,Urban,Y
LP002966,Male,No,1,Graduate,No,5858,4481.13,43,84,1.0,Urban,Y
LP002967,Male,Yes,1,Not Graduate,,4519,5503.88,17,360,0.0,Urban,N
LP002968,Male,No,0,Graduate,No,4733,5635.34,31,360,,Urban,Y
LP002969,Male,Yes,0,Graduate,Yes,6167,2919.13,33,180,1.0,Semiurban,Y
LP002970,Male,Yes,0,Graduate,No,27147,0.0,35,360,1.0,Urban,Y
LP002971,Male,Yes,0,Not Graduate,Yes,3196,0.0,9,360,0.0,Urban,N
LP002972,,Yes,0,Graduate,No,5005,0.0,9,360,1.0,Semiurban,Y
LP002973,Male,Yes,2,Graduate,No,7557,0.0,13,60,1.0,Rural,Y
LP002974,Female,Yes,2,Not Graduate,Yes,16570,0.0,53,360,,Urban,Y
LP002975,Male,No,0,Not Graduate,No,8468,5832.35,60,180,1.0,Semiurban,Y
LP002976,Female,No,0,Not Graduate,No,12473,0.0,25,360,0.0,Semiurban,N
LP002977,Male,No,1,Graduate,No,6200,0.0,24,360,1.0,Semiurban,Y
LP002978,Male,No,0,Not Graduate,No,2934,0.0,9,60,1.0,Semiurban,Y
LP002979,Male,No,0,Not Graduate,Yes,4553,0.0,16,12,1.0,Semiurban,Y
LP002980,Female,Yes,2,Graduate,Yes,6560,0.0,25,120,1.0,Rural,Y
LP002981,,Yes,0,Not Graduate,No,6247,0.0,20,60,1.0,Urban,N
LP002982,Male,No,0,Graduate,No,6622,0.0,16,240,1.0,Semiurban,Y
LP002983,Male,No,2,Not Graduate,No,7805,0.0,23,360,1.0,Semiurban,Y
LP002984,Male,No,,Graduate,No,5506,0.0,18,360,1.0,Rural,Y
LP002985,Male,No,0,Graduate,No,5117,0.0,20,60,1.0,Semiurban,Y
LP002986,Male,Yes,1,Graduate,No,5185,0.0,15,300,1.0,Rural,Y
LP002987,Male,No,3+,Graduate,,7858,0.0,31,360,1.0,Semiurban,Y
LP002988,Male,No,0,Graduate,No,7536,0.0,17,360,1.0,Semiurban,Y
LP002989,Male,No,1,Graduate,No,11760,8976.42,75,360,1.0,Rural,Y
LP002990,Male,No,0,Not Graduate,No,13234,0.0,41,360,0.0,Rural,N
LP002991,Female,Yes,0,Graduate,No,4381,1268.44,9,84,0.0,Semiurban,N
LP002992,Female,No,0,Graduate,No,6484,0.0,17,180,1.0,Rural,Y
LP002993,Male,Yes,0,Graduate,No,7145,0.0,26,360,,Urban,N
LP002994,Male,No,0,Graduate,Yes,4254,0.0,14,360,1.0,Rural,Y
LP002995,Male,Yes,2,Graduate,No,6379,0.0,18,360,1.0,Rural,Y
LP002996,Male,Yes,0,Graduate,No,15381,1818.82,64,360,1.0,Semiurban,Y
LP002997,Male,Yes,2,Graduate,Yes,6162,0.0,25,360,1.0,Urban,Y
LP002998,Male,Yes,0,Graduate,No,5843,1330.31,10,36,,Urban,Y
LP002999,Female,Yes,2,Not Graduate,No,5263,0.0,9,84,1.0,Urban,Y
LP003000,Male,No,0,Graduate,No,10793,5795.57,73,480,0.0,Urban,N
LP003001,Female,Yes,0,Graduate,No,6093,0.0,11,60,1.0,Semiurban,Y
LP003002,Male,No,1,Not Graduate,Yes,6106,0.0,23,300,0.0,Rural,N
LP003003,Male,Yes,2,Not Graduate,No,2547,0.0,9,360,1.0,Semiurban,Y
LP003004,Female,Yes,0,Graduate,Yes,8928,0.0,20,360,0.0,Semiurban,N
LP003005,Male,No,,Not Graduate,Yes,6412,0.0,22,480,1.0,Rural,Y
LP003006,Female,No,1,Graduate,No,9856,0.0,35,60,,Rural,Y
LP003007,Male,Yes,1,Not Graduate,No,2902,2103.74,9,360,1.0,Semiurban,Y
LP003008,Male,No,0,Graduate,No,6399,2521.52,9,120,0.0,Semiurban,N
LP003009,Male,No,2,Graduate,No,11064,0.0,41,180,,Semiurban,Y
LP003010,Female,Yes,0,Graduate,No,5518,2898.66,28,360,1.0,Semiurban,Y
LP003011,Male,No,0,Graduate,No,7367,0.0,10,360,0.0,Urban,Y
LP003012,Female,No,1,Not Graduate,Yes,3843,3719.82,9,360,1.0,Semiurban,Y
LP003013,Female,No,3+,Graduate,No,5400,2808.07,27,300,1.0,Semiurban,Y
LP003014,Male,Yes,0,Graduate,No,12699,0.0,39,360,1.0,Semiurban,Y
LP003015,Male,Yes,0,Graduate,No,4892,0.0,17,84,1.0,Rural,Y
LP003016,Male,Yes,0,Graduate,No,7568,0.0,30,360,0.0,Rural,N
LP003017,Female,No,,Not Graduate,No,5716,2745.21,28,360,1.0,Semiurban,Y
LP003018,Male,No,0,Graduate,No,10928,3196.65,45,360,1.0,Urban,Y
LP003019,Male,Yes,0,Graduate,No,7367,2742.66,28,360,1.0,Urban,Y
LP003020,Male,Yes,0,Graduate,No,11589,0.0,34,360,1.0,Semiurban,Y
LP003021,Male,Yes,2,Not Graduate,No,6056,0.0,26,360,1.0,Rural,Y
LP003022,Female,Yes,0,Not Graduate,No,5780,0.0,9,60,1.0,Semiurban,Y
LP003023,Male,No,1,Graduate,No,7460,0.0,21,360,1.0,Urban,Y
LP003024,Male,Yes,0,Graduate,No,10082,3590.3,25,360,1.0,Urban,Y
LP003025,Male,Yes,0,Not Graduate,No,8102,0.0,28,360,1.0,Urban,Y
LP003026,Male,Yes,0,Not Graduate,No,3820,0.0,13,300,1.0,Semiurban,Y
LP003027,Male,Yes,0,Graduate,No,8398,0.0,16,360,0.0,Semiurban,N
LP003028,Female,No,0,Graduate,No,8298,0.0,30,360,0.0,Urban,N
LP003029,Male,No,0,Graduate,No,14113,2095.98,52,360,1.0,Semiurban,Y
LP003030,Male,Yes,0,Graduate,No,5483,0.0,23,480,0.0,Rural,N
LP003031,Female,Yes,0,Graduate,No,8789,2894.11,45,60,0.0,Semiurban,N
LP003032,Male,Yes,0,Not Graduate,No,5288,0.0,19,360,1.0,Urban,Y
LP003033,Male,Yes,0,Graduate,Yes,8314,8759.17,25,360,1.0,Semiurban,Y
LP003034,Male,Yes,0,Not Graduate,No,3880,0.0,17,360,1.0,Rural,N
LP003035,Female,Yes,0,Graduate,No,6875,0.0,26,84,1.0,Urban,Y
LP003036,Male,No,1,Graduate,Yes,8251,0.0,32,360,1.0,Urban,Y
LP003037,Male,Yes,3+,Graduate,No,5546,0.0,20,360,1.0,Semiurban,Y
LP003038,Male,Yes,1,Graduate,No,14522,0.0,57,240,1.0,Semiurban,Y
LP003039,Male,Yes,0,Not Graduate,Yes,3245,1885.06,16,300,,Rural,Y
LP003040,Male,No,3+,Graduate,No,9085,1503.81,11,360,1.0,Rural,N
LP003041,Male,Yes,3+,Graduate,No,3944,1571.58,14,360,0.0,Urban,N
LP003042,Female,Yes,0,Not Graduate,No,4717,3767.31,15,360,1.0,Rural,Y
LP003043,Female,,0,Graduate,No,8053,1855.73,20,84,1.0,Semiurban,Y
LP003044,Male,Yes,1,Graduate,No,10336,1356.09,22,360,0.0,Semiurban,Y
LP003045,Female,No,3+,Not Graduate,No,4613,0.0,14,120,1.0,Urban,Y
LP003046,Female,Yes,2,Graduate,No,6251,0.0,23,360,1.0,Semiurban,Y
LP003047,Male,No,1,Graduate,No,9208,1616.47,43,36,1.0,Rural,Y
LP003048,Male,No,1,Graduate,No,10994,0.0,44,360,1.0,Urban,Y
LP003049,Female,Yes,3+,Graduate,No,13246,2955.63,17,300,1.0,Semiurban,Y
LP003050,Male,No,0,Graduate,No,4565,0.0,16,360,1.0,Rural,Y
LP003051,Female,Yes,0,Not Graduate,No,4857,1521.04,27,180,1.0,Semiurban,Y
LP003052,Male,No,2,Graduate,No,3618,1663.63,19,360,,Urban,Y
LP003053,Male,No,0,Not Graduate,No,2963,0.0,9,300,1.0,Urban,Y
LP003054,Female,No,0,Graduate,No,4721,0.0,20,12,0.0,Semiurban,N
LP003055,Male,No,,Graduate,No,10558,0.0,29,360,,Semiurban,Y
LP003056,Male,Yes,0,Graduate,No,6482,0.0,19,120,1.0,Urban,Y
LP003057,Male,Yes,0,Graduate,No,6932,1455.43,16,360,1.0,Urban,Y
LP003058,Male,Yes,0,Graduate,No,8684,0.0,34,360,1.0,Semiurban,Y
LP003059,Male,No,0,Not Graduate,Yes,4086,3125.88,29,12,1.0,Semiurban,Y
LP003060,Male,No,0,Not Graduate,No,2285,665.14,11,360,1.0,Urban,N
LP003061,Male,Yes,0,Graduate,No,5941,3732.91,16,120,0.0,Semiurban,N
LP003062,Male,Yes,3+,Graduate,No,7371,1789.13,13,360,1.0,Semiurban,Y
LP003063,Male,Yes,1,Not Graduate,No,7809,0.0,34,300,1.0,Urban,Y
LP003064,Female,No,3+,Graduate,No,5842,0.0,23,360,1.0,Urban,Y
LP003065,Male,No,0,Graduate,No,8745,0.0,34,360,1.0,Rural,Y
LP003066,Male,Yes,0,Graduate,No,11359,2054.61,50,60,0.0,Rural,N
LP003067,Male,Yes,2,Graduate,No,12427,2866.01,20,360,1.0,Urban,Y
LP003068,Male,Yes,2,Graduate,No,8250,0.0,23,120,1.0,Rural,N
LP003069,Female,Yes,0,Not Graduate,Yes,2984,2785.0,9,360,1.0,Semiurban,Y
LP003070,Male,No,1,Graduate,No,4628,1410.67,,180,0.0,Rural,N
LP003071,Male,Yes,1,Graduate,No,5262,2759.86,12,36,1.0,Rural,Y
LP003072,Female,Yes,0,Not Graduate,No,3078,0.0,9,180,1.0,Semiurban,Y
LP003073,Female,Yes,0,Graduate,No,7216,0.0,24,360,1.0,Semiurban,Y
LP003074,Female,Yes,0,Graduate,,17251,3911.46,83,480,0.0,Urban,Y
LP003075,Female,No,0,Graduate,No,7081,0.0,9,360,1.0,Semiurban,Y
LP003076,Female,Yes,2,Not Graduate,No,5173,0.0,21,360,1.0,Semiurban,Y
LP003077,Male,Yes,0,Graduate,No,11552,5623.83,28,360,1.0,Semiurban,Y
LP003078,Male,Yes,2,Graduate,No,5789,2134.31,34,360,1.0,Urban,Y
LP003079,Male,No,1,Graduate,No,11484,0.0,30,360,1.0,Rural,Y
LP003080,Male,,3+,Not Graduate,No,9584,0.0,11,240,1.0,Rural,Y
LP003081,Male,Yes,0,Not Graduate,No,6391,0.0,24,360,1.0,Urban,Y
LP003082,Male,Yes,0,Graduate,No,20061,1326.46,24,120,1.0,Semiurban,Y
LP003083,Male,Yes,0,Not Graduate,No,10896,666.61,36,360,0.0,Rural,N
LP003084,Female,Yes,1,Graduate,Yes,7050,0.0,26,360,0.0,Semiurban,N
LP003085,Female,Yes,0,Not Graduate,Yes,5008,0.0,13,240,1.0,Rural,Y
LP003086,Male,No,1,Graduate,No,6092,3016.0,30,360,1.0,Semiurban,Y
LP003087,Male,No,0,Graduate,No,6843,906.96,,120,,Urban,Y
LP003088,Male,Yes,,Not Graduate,No,5923,3390.46,11,360,1.0,Semiurban,Y
LP003089,Male,Yes,2,Graduate,No,6857,0.0,,360,0.0,Semiurban,N
LP003090,Female,Yes,2,Graduate,No,6322,0.0,27,360,1.0,Urban,Y
LP003091,Female,Yes,,Graduate,No,4403,2090.59,14,360,1.0,Rural,Y
LP003092,Female,Yes,1,Graduate,No,5495,0.0,9,60,1.0,Semiurban,Y
LP003093,Female,Yes,0,Graduate,Yes,3884,0.0,9,360,1.0,Semiurban,Y
LP003094,Female,No,2,Graduate,No,7802,0.0,25,360,1.0,Semiurban,Y
LP003095,Male,Yes,0,Graduate,Yes,7956,4102.34,53,36,0.0,Semiurban,N
LP003096,Male,No,0,Graduate,No,6866,0.0,,300,1.0,Semiurban,Y
LP003097,Male,Yes,0,Graduate,No,11164,4690.03,59,300,1.0,Semiurban,Y
LP003098,Male,Yes,0,Graduate,No,5727,0.0,12,360,0.0,Semiurban,N
LP003099,Male,Yes,2,Not Graduate,,4508,2164.67,20,360,1.0,Rural,Y
LP003100,Male,No,0,Graduate,No,4320,0.0,10,84,1.0,Rural,N
LP003101,Female,Yes,0,Graduate,No,11079,0.0,13,180,1.0,Semiurban,Y
LP003102,Male,Yes,0,Graduate,No,9867,4522.9,39,360,1.0,Rural,Y
LP003103,Female,No,0,Graduate,No,12413,0.0,36,180,1.0,Rural,Y
LP003104,Female,No,1,Graduate,No,14202,0.0,56,300,,Urban,Y
LP003105,Male,No,0,Graduate,No,6109,0.0,22,180,0.0,Urban,N
LP003106,Male,Yes,2,Graduate,No,6007,2028.24,20,360,0.0,Urban,N
LP003107,Male,Yes,2,Graduate,Yes,4473,5161.24,26,36,1.0,Semiurban,Y
LP003108,Male,No,0,Graduate,Yes,4843,0.0,18,300,1.0,Semiurban,Y
LP003109,Male,Yes,2,Graduate,,6844,3091.01,19,360,1.0,Semiurban,Y
LP003110,Female,Yes,0,Not Graduate,Yes,1927,0.0,9,12,1.0,Semiurban,Y
LP003111,Male,Yes,0,Graduate,No,5374,4108.27,39,360,1.0,Urban,Y
LP003112,Male,Yes,0,Not Graduate,No,5976,0.0,21,360,1.0,Semiurban,Y
LP003113,Male,No,,Graduate,No,10700,0.0,46,360,1.0,Urban,Y
LP003114,Male,No,0,Graduate,No,5496,0.0,22,360,0.0,Semiurban,N
LP003115,Male,Yes,0,Graduate,No,8107,0.0,29,180,1.0,Urban,Y
LP003116,Male,No,2,Graduate,No,17336,0.0,33,360,1.0,Urban,Y
LP003117,Male,Yes,0,Graduate,No,4462,0.0,12,240,0.0,Urban,N
LP003118,Male,Yes,3+,Graduate,Yes,12228,0.0,30,360,0.0,Rural,N
LP003119,Male,Yes,0,Graduate,No,8976,0.0,21,120,1.0,Urban,Y
LP003120,,No,1,Graduate,No,12808,0.0,47,360,1.0,Semiurban,Y
LP003121,Male,Yes,0,Graduate,No,11579,0.0,27,300,0.0,Rural,N
LP003122,Male,Yes,0,Graduate,No,6101,0.0,9,360,1.0,Semiurban,Y
LP003123,Male,No,0,Graduate,Yes,7220,0.0,16,180,1.0,Urban,N
LP003124,Male,Yes,3+,Graduate,No,4846,0.0,18,240,1.0,Semiurban,Y
LP003125,Male,No,,Graduate,No,5891,0.0,16,360,,Urban,Y
LP003126,Male,Yes,0,Graduate,No,7801,0.0,9,360,0.0,Rural,N
LP003127,Male,Yes,1,Graduate,No,8696,0.0,27,480,0.0,Rural,N
LP003128,Male,No,1,Graduate,No,10192,3879.94,22,300,,Semiurban,Y
LP003129,Male,Yes,0,Not Graduate,No,14005,0.0,19,84,1.0,Urban,Y
LP003130,Female,Yes,0,Graduate,No,5784,0.0,11,360,0.0,Semiurban,N
LP003131,Male,Yes,1,Graduate,No,12567,0.0,46,300,1.0,Semiurban,Y
LP003132,Female,No,2,Graduate,No,7269,0.0,9,360,1.0,Urban,Y
LP003133,Male,No,0,Graduate,No,4542,0.0,9,180,1.0,Rural,Y
LP003134,Male,No,0,Graduate,No,6790,2415.55,15,360,1.0,Semiurban,Y
LP003135,Female,Yes,0,Not Graduate,No,5768,0.0,22,360,1.0,Rural,Y
LP003136,Female,Yes,3+,Graduate,No,4974,967.49,,180,1.0,Rural,Y
LP003137,Female,Yes,0,Graduate,No,4632,0.0,14,360,0.0,Urban,N
LP003138,Male,Yes,0,Not Graduate,Yes,3879,2095.83,9,360,0.0,Urban,N
LP003139,Female,No,0,Graduate,No,5047,2892.95,29,360,1.0,Semiurban,Y
LP003140,Male,Yes,2,Graduate,Yes,5725,0.0,10,360,1.0,Rural,Y
LP003141,Male,Yes,1,Graduate,No,13082,0.0,34,360,,Urban,Y
LP003142,Male,Yes,0,Graduate,No,3929,2595.12,14,360,1.0,Urban,Y
LP003143,Female,Yes,0,Not Graduate,No,5754,0.0,18,360,1.0,Semiurban,Y
LP003144,Male,Yes,2,Graduate,No,9547,2227.19,22,360,1.0,Urban,Y
LP003145,Female,Yes,0,Not Graduate,No,3258,1041.3,9,360,1.0,Urban,Y
LP003146,Male,Yes,0,Graduate,Yes,7076,1674.91,24,360,1.0,Rural,Y
LP003147,Female,Yes,3+,Not Graduate,No,4502,6597.17,48,360,0.0,Semiurban,N
LP003148,Male,Yes,0,Not Graduate,No,5991,0.0,23,240,1.0,Semiurban,Y
LP003149,Female,No,0,Not Graduate,No,7315,0.0,32,120,1.0,Urban,N
LP003150,Male,Yes,,Not Graduate,,8232,0.0,21,300,1.0,Semiurban,Y
LP003151,Male,Yes,1,Graduate,No,6228,0.0,18,360,,Semiurban,Y
LP003152,Male,Yes,2,Graduate,No,4792,2140.01,26,360,1.0,Semiurban,Y
LP003153,Male,Yes,,Graduate,,8226,0.0,,180,1.0,Rural,Y
LP003154,Male,No,1,Graduate,No,5614,0.0,9,360,0.0,Urban,N
LP003155,Male,Yes,3+,Graduate,No,6380,0.0,10,84,1.0,Semiurban,Y
LP003156,Male,No,2,Graduate,No,7919,0.0,34,180,1.0,Rural,Y
LP003157,Male,No,0,Graduate,Yes,6085,2041.44,30,300,,Urban,Y
LP003158,Male,Yes,0,Graduate,No,8707,1714.76,20,360,,Rural,Y
LP003159,Female,Yes,2,Not Graduate,No,22697,4223.06,100,180,1.0,Semiurban,Y
LP003160,Male,Yes,0,Graduate,No,10216,0.0,35,120,1.0,Urban,Y
LP003161,Female,Yes,0,Not Graduate,No,11514,3028.06,38,360,1.0,Urban,Y
LP003162,Female,Yes,0,Graduate,No,8677,0.0,9,360,0.0,Urban,N
LP003163,Male,Yes,2,Not Graduate,No,6447,0.0,22,360,1.0,Rural,Y
LP003164,Male,Yes,0,Graduate,No,9538,0.0,19,300,0.0,Rural,N
LP003165,Male,Yes,0,Graduate,No,9344,0.0,18,360,1.0,Semiurban,Y
LP003166,Male,No,1,Graduate,No,10547,1905.54,35,180,1.0,Urban,Y
LP003167,Male,No,0,Not Graduate,No,5892,0.0,,240,1.0,Semiurban,N
LP003168,Male,No,0,Graduate,No,4541,2550.39,,360,1.0,Semiurban,Y
LP003169,Male,Yes,0,Not Graduate,Yes,3336,0.0,9,360,1.0,Urban,Y
LP003170,Male,Yes,0,Not Graduate,No,7781,1135.6,34,360,1.0,Urban,Y
LP003171,Female,No,3+,Graduate,No,4000,0.0,10,360,1.0,Semiurban,Y
LP003172,Male,No,0,Graduate,No,9719,0.0,27,12,1.0,Semiurban,Y
LP003173,Male,Yes,2,Not Graduate,No,12272,3818.75,18,240,1.0,Semiurban,Y
LP003174,Female,Yes,0,Not Graduate,No,4805,3621.36,9,360,0.0,Semiurban,N
LP003175,Male,Yes,0,Graduate,No,12966,0.0,22,300,1.0,Urban,Y
LP003176,Male,No,0,Graduate,No,8040,0.0,17,360,1.0,Urban,Y
LP003177,Female,Yes,0,Graduate,Yes,6991,0.0,11,360,1.0,Semiurban,Y
LP003178,Male,Yes,0,Graduate,No,7934,2295.99,28,360,1.0,Semiurban,Y
LP003179,Male,Yes,0,Not Graduate,No,4285,3798.89,25,12,1.0,Urban,Y
LP003180,,Yes,3+,Not Graduate,No,4065,0.0,15,180,1.0,Rural,Y
LP003181,Female,Yes,0,Graduate,No,3832,1894.67,,120,1.0,Semiurban,Y
LP003182,Male,No,3+,Graduate,No,5465,0.0,12,180,0.0,Urban,N
LP003183,Male,Yes,0,Graduate,No,20541,2482.45,97,120,1.0,Urban,Y
LP003184,Male,Yes,0,Not Graduate,No,3306,0.0,9,360,1.0,Rural,Y
LP003185,Male,Yes,1,Graduate,No,5226,1773.34,13,360,1.0,Semiurban,Y
LP003186,Male,No,0,Graduate,No,5330,0.0,9,84,1.0,Urban,Y
LP003187,Female,Yes,0,Graduate,Yes,5117,0.0,9,84,1.0,Semiurban,Y
LP003188,Female,Yes,,Graduate,No,7776,3637.54,39,360,1.0,Urban,Y
LP003189,Male,Yes,0,Graduate,No,6204,0.0,10,180,1.0,Rural,Y
LP003190,Male,No,2,Not Graduate,No,5162,2087.72,16,240,0.0,Rural,N
LP003191,Male,No,0,Not Graduate,No,3752,0.0,9,360,1.0,Rural,Y
LP003192,Male,No,3+,Graduate,No,5995,2299.93,19,180,1.0,Semiurban,Y
LP003193,Male,Yes,0,Graduate,No,7541,0.0,24,180,1.0,Semiurban,Y
LP003194,Male,No,0,Graduate,No,6833,0.0,12,84,0.0,Urban,N
LP003195,Male,No,0,Graduate,No,18430,1468.05,20,480,1.0,Rural,Y
LP003196,Male,Yes,0,Graduate,Yes,7632,0.0,29,360,1.0,Urban,Y
LP003197,Male,Yes,2,Graduate,No,7133,0.0,25,360,1.0,Urban,Y
LP003198,Male,Yes,2,Graduate,No,3898,0.0,17,360,,Rural,Y
LP003199,Male,Yes,0,Not Graduate,No,6975,0.0,10,360,,Rural,Y
LP003200,Female,Yes,0,Graduate,No,3502,0.0,11,240,0.0,Semiurban,Y
LP003201,Female,Yes,2,Not Graduate,No,7343,4304.33,22,360,1.0,Semiurban,Y
LP003202,Female,No,0,Graduate,,6853,0.0,18,360,0.0,Urban,N
LP003203,Female,Yes,0,Graduate,,9932,2896.24,46,360,1.0,Semiurban,Y
LP003204,Male,Yes,0,Graduate,No,6158,0.0,,360,1.0,Urban,Y
LP003205,Female,Yes,0,Graduate,No,6994,0.0,18,120,1.0,Urban,Y
LP003206,Male,Yes,0,Graduate,No,10172,0.0,19,180,1.0,Semiurban,Y
LP003207,,Yes,0,Not Graduate,No,4113,0.0,9,360,1.0,Rural,Y
LP003208,Male,Yes,2,Not Graduate,No,8387,0.0,29,84,1.0,Rural,N
LP003209,Male,Yes,0,Graduate,No,9695,0.0,18,480,1.0,Rural,Y
LP003210,Male,No,3+,Graduate,No,6832,0.0,19,360,1.0,Rural,Y
LP003211,Male,Yes,1,Graduate,No,15471,1751.21,58,60,1.0,Urban,Y
LP003212,Male,No,0,Graduate,,8996,0.0,22,360,1.0,Urban,Y
LP003213,Female,No,0,Graduate,No,3299,0.0,9,360,1.0,Semiurban,Y
LP003214,Male,Yes,0,Graduate,No,11694,0.0,12,360,1.0,Urban,Y
LP003215,Male,Yes,2,Not Graduate,No,4611,3431.34,18,360,,Semiurban,Y
LP003216,Female,Yes,0,Not Graduate,No,8431,0.0,37,360,1.0,Semiurban,Y
LP003217,Male,No,3+,Graduate,No,8168,0.0,35,240,1.0,Rural,Y
LP003218,Male,Yes,1,Graduate,No,3807,0.0,9,360,1.0,Semiurban,Y
LP003219,Male,Yes,1,Graduate,No,9865,1672.96,28,360,,Semiurban,Y
LP003220,Male,No,0,Graduate,No,6602,0.0,21,360,,Rural,Y
LP003221,Male,Yes,0,Graduate,Yes,6530,2025.09,33,360,0.0,Semiurban,N
LP003222,Female,No,1,Graduate,No,5314,0.0,16,360,1.0,Urban,N
LP003223,Female,Yes,1,Graduate,No,9889,0.0,34,120,1.0,Semiurban,Y
LP003224,Male,No,0,Not Graduate,No,3627,3168.02,9,360,1.0,Semiurban,Y
LP003225,Male,Yes,1,Graduate,Yes,12385,0.0,50,360,1.0,Urban,Y
LP003226,Female,Yes,0,Not Graduate,No,2474,0.0,9,360,1.0,Semiurban,Y
LP003227,Male,No,1,Graduate,No,8168,0.0,22,360,1.0,Rural,Y
LP003228,Male,Yes,0,Graduate,No,10612,0.0,18,360,1.0,Urban,Y
LP003229,Male,No,0,Graduate,No,9998,2048.36,17,360,1.0,Semiurban,Y
LP003230,Male,No,1,Graduate,No,7788,0.0,17,60,,Urban,Y
LP003231,Male,Yes,0,Graduate,No,7141,0.0,30,180,1.0,Semiurban,N
LP003232,Male,Yes,0,Graduate,No,6333,0.0,18,360,1.0,Rural,Y
LP003233,Male,No,1,Not Graduate,No,3160,0.0,9,480,1.0,Urban,Y
LP003234,Male,Yes,1,Graduate,No,6057,0.0,9,240,1.0,Rural,Y
LP003235,Male,No,2,Graduate,No,5060,0.0,9,240,1.0,Rural,Y
LP003236,Male,Yes,0,Graduate,Yes,5301,0.0,16,360,1.0,Urban,Y
LP003237,Female,No,0,Graduate,No,16004,0.0,69,84,,Rural,N
LP003238,Male,Yes,1,Graduate,No,4551,1962.79,16,360,1.0,Rural,Y
LP003239,Male,No,0,Graduate,No,11955,0.0,21,360,1.0,Rural,Y
LP003240,Male,Yes,0,Graduate,No,5140,0.0,11,300,1.0,Semiurban,Y
LP003241,Female,Yes,0,Graduate,No,4661,0.0,12,360,1.0,Urban,Y
LP003242,Male,No,0,Graduate,No,4935,3287.3,29,360,1.0,Urban,Y
LP003243,Female,No,3+,Graduate,No,4024,1579.99,14,300,1.0,Urban,Y
LP003244,Male,Yes,0,Graduate,No,11350,0.0,48,360,1.0,Semiurban,Y
LP003245,Male,No,0,Graduate,No,9295,2579.88,38,360,1.0,Semiurban,Y
LP003246,Male,Yes,3+,Not Graduate,No,5574,0.0,,360,1.0,Semiurban,Y
LP003247,Male,Yes,3+,Graduate,No,27744,0.0,38,360,1.0,Rural,Y
LP003248,Female,Yes,0,Graduate,No,6865,2248.33,26,360,0.0,Urban,N
LP003249,Female,Yes,2,Not Graduate,No,5594,0.0,21,120,,Rural,Y
LP003250,Male,Yes,0,Graduate,No,6057,4164.04,29,360,1.0,Urban,Y
LP003251,Female,Yes,2,Graduate,No,5032,2097.36,27,360,0.0,Urban,N
LP003252,Male,Yes,0,Graduate,No,6369,0.0,,360,,Rural,Y
LP003253,Male,No,0,Graduate,Yes,10493,0.0,22,84,1.0,Urban,Y
LP003254,Male,No,0,Graduate,No,9223,0.0,10,300,1.0,Urban,Y
LP003255,Male,No,1,Not Graduate,Yes,11461,0.0,25,360,0.0,Rural,N
LP003256,Female,Yes,0,Graduate,No,5196,0.0,15,360,1.0,Rural,Y
LP003257,Male,No,0,Graduate,No,9300,1141.09,44,360,1.0,Rural,Y
LP003258,Male,Yes,1,Graduate,No,8703,1015.08,,60,1.0,Urban,N
LP003259,Male,No,,Graduate,No,8677,1809.81,24,300,1.0,Urban,Y
LP003260,Male,Yes,2,Graduate,No,5727,881.06,22,360,1.0,Urban,Y
LP003261,Male,Yes,0,Graduate,No,5435,0.0,19,360,1.0,Urban,Y
LP003262,Male,Yes,0,Graduate,No,9591,0.0,15,360,1.0,Rural,Y
LP003263,Male,No,0,Graduate,No,10597,0.0,36,180,1.0,Urban,Y
LP003264,Male,No,0,Graduate,No,5691,0.0,16,60,1.0,Rural,Y
LP003265,Male,No,0,Graduate,No,9382,1019.53,28,120,1.0,Urban,Y
LP003266,Male,No,0,Graduate,Yes,12393,0.0,54,360,1.0,Semiurban,Y
LP003267,Male,No,1,Graduate,No,6255,0.0,23,84,1.0,Urban,Y
LP003268,Female,Yes,0,Graduate,No,4072,6966.56,42,240,1.0,Urban,Y
LP003269,Female,No,0,Graduate,No,3734,0.0,14,360,1.0,Urban,Y
LP003270,Male,Yes,2,Graduate,No,6075,2436.35,27,360,1.0,Rural,Y
LP003271,Female,Yes,0,Graduate,Yes,5760,0.0,9,480,1.0,Semiurban,Y
LP003272,Male,Yes,1,Not Graduate,No,6109,0.0,13,360,1.0,Semiurban,Y
LP003273,Male,No,2,Graduate,No,7168,0.0,26,240,,Urban,Y
LP003274,Male,No,0,Graduate,No,6473,0.0,10,12,0.0,Rural,N
LP003275,Male,Yes,1,Graduate,No,10187,2226.05,54,360,0.0,Semiurban,Y
LP003276,Female,Yes,3+,Graduate,No,5113,1743.59,9,360,0.0,Semiurban,Y
LP003277,Male,Yes,0,Graduate,No,13296,0.0,39,360,1.0,Semiurban,Y
LP003278,Male,No,3+,Graduate,No,10938,0.0,14,360,1.0,Rural,Y
LP003279,Male,No,0,Graduate,No,10567,0.0,38,360,1.0,Rural,Y
LP003280,Male,Yes,0,Graduate,No,6108,0.0,19,360,1.0,Rural,Y
LP003281,Male,Yes,0,Graduate,No,7383,0.0,17,36,1.0,Semiurban,Y
LP003282,Male,Yes,0,Graduate,No,10383,0.0,14,300,1.0,Urban,Y
LP003283,Male,Yes,3+,Not Graduate,No,5659,0.0,14,360,1.0,Urban,Y
LP003284,Male,Yes,0,Graduate,No,6030,0.0,13,240,1.0,Urban,N
LP003285,Male,Yes,3+,Graduate,No,5954,1738.67,12,360,,Urban,N
LP003286,Male,Yes,1,Graduate,No,6047,2391.08,13,360,1.0,Semiurban,Y
LP003287,Male,Yes,3+,Graduate,Yes,5249,0.0,20,180,1.0,Semiurban,Y
LP003288,Male,No,3+,Not Graduate,No,28307,0.0,60,360,1.0,Semiurban,Y
LP003289,Male,Yes,0,Graduate,No,4323,0.0,9,360,1.0,Semiurban,Y
LP003290,Male,Yes,3+,Not Graduate,Yes,4028,3303.08,11,180,0.0,Rural,N
LP003291,Male,No,2,Graduate,No,9327,0.0,30,360,1.0,Urban,Y
LP003292,Female,No,0,Graduate,No,4765,0.0,10,360,1.0,Urban,Y
LP003293,Male,Yes,1,Not Graduate,No,5279,0.0,9,360,1.0,Semiurban,Y
LP003294,Male,Yes,,Graduate,No,9029,1719.59,12,300,1.0,Semiurban,Y
LP003295,Male,No,0,Not Graduate,Yes,9930,3357.14,,360,1.0,Semiurban,Y
LP003296,Female,Yes,0,Not Graduate,No,4671,1904.49,23,360,0.0,Rural,N
LP003297,Female,No,0,Graduate,No,10045,860.64,43,36,1.0,Urban,Y
LP003298,Male,Yes,0,Graduate,No,4574,0.0,18,240,0.0,Semiurban,N
LP003299,Male,Yes,0,Not Graduate,No,4716,0.0,13,360,1.0,Rural,Y
LP003300,Male,Yes,1,Graduate,No,9413,0.0,22,240,1.0,Semiurban,Y
LP003301,Female,No,1,Graduate,No,17557,0.0,37,360,1.0,Semiurban,Y
LP003302,Male,Yes,2,Graduate,No,5553,1488.22,25,180,1.0,Urban,Y
LP003303,Male,Yes,3+,Graduate,No,5277,0.0,20,360,1.0,Semiurban,Y
LP003304,Female,Yes,2,Graduate,Yes,8032,0.0,34,480,1.0,Urban,Y
LP003305,Male,No,1,Graduate,No,7374,0.0,32,300,1.0,Semiurban,Y
LP003306,Male,Yes,0,Graduate,No,5993,7383.18,46,360,1.0,Semiurban,Y
LP003307,Male,No,3+,Graduate,No,4668,0.0,9,120,1.0,Rural,Y
LP003308,Male,No,0,Graduate,No,5910,0.0,25,360,1.0,Semiurban,Y
LP003309,Male,Yes,0,Graduate,No,9519,0.0,13,480,,Urban,Y
LP003310,Male,No,0,Graduate,No,6324,0.0,12,360,1.0,Rural,Y
LP003311,Female,No,1,Graduate,Yes,11423,0.0,44,360,1.0,Urban,Y
LP003312,Female,Yes,1,Graduate,No,6529,0.0,18,360,0.0,Rural,N
LP003313,Male,Yes,0,Graduate,No,9850,0.0,18,360,1.0,Urban,Y
LP003314,Male,Yes,2,Graduate,No,8608,0.0,24,300,1.0,Rural,Y
LP003315,Male,Yes,0,Graduate,No,6657,0.0,24,360,1.0,Rural,N
LP003316,Male,Yes,0,Graduate,No,10902,1314.95,23,180,1.0,Urban,Y
LP003317,Female,No,0,Graduate,No,3867,2778.0,18,360,1.0,Semiurban,Y
LP003318,Male,No,0,Not Graduate,No,4325,3977.92,16,360,1.0,Semiurban,Y
LP003319,Male,Yes,2,Graduate,Yes,6634,6780.02,32,360,1.0,Urban,Y
LP003320,Male,Yes,0,Graduate,No,8979,0.0,,360,1.0,Semiurban,Y
LP003321,Male,Yes,0,Not Graduate,No,8475,3399.47,41,360,,Semiurban,Y
LP003322,Male,Yes,0,Graduate,No,5813,0.0,12,84,1.0,Urban,Y
LP003323,Male,Yes,2,Not Graduate,Yes,4069,0.0,11,360,,Urban,Y
LP003324,Female,No,3+,Graduate,No,6652,1401.28,30,360,1.0,Rural,Y
LP003325,Male,No,1,Graduate,No,4253,0.0,9,360,1.0,Semiurban,Y
LP003326,Female,Yes,,Graduate,No,10997,2383.39,44,120,1.0,Urban,Y
LP003327,Male,No,3+,Graduate,No,6597,0.0,14,240,1.0,Rural,Y
LP003328,Female,Yes,0,Graduate,Yes,4436,0.0,12,480,1.0,Rural,Y
LP003329,Male,No,0,Graduate,No,4707,1609.45,22,360,,Rural,Y
LP003330,Male,Yes,0,Graduate,No,8730,0.0,36,360,1.0,Semiurban,Y
LP003331,Female,Yes,0,Graduate,Yes,7835,1760.32,38,360,1.0,Urban,Y
LP003332,Male,Yes,0,Not Graduate,No,4399,4676.66,37,360,1.0,Urban,Y
LP003333,Male,Yes,0,Graduate,No,7390,2010.25,,360,1.0,Rural,Y
LP003334,Male,Yes,0,Not Graduate,No,3796,1685.64,13,360,1.0,Rural,Y
LP003335,Male,Yes,0,Graduate,No,7008,3488.6,39,360,0.0,Rural,N
LP003336,,No,0,Graduate,No,14212,0.0,54,240,1.0,Semiurban,Y
LP003337,Male,No,0,Graduate,No,19947,7463.35,67,360,1.0,Semiurban,Y
LP003338,Female,Yes,2,Graduate,,6328,0.0,12,360,1.0,Semiurban,Y
LP003339,Male,Yes,1,Not Graduate,No,7668,817.39,24,360,1.0,Urban,Y
LP003340,Male,No,0,Graduate,No,8519,3800.34,44,360,1.0,Semiurban,Y
LP003341,Male,Yes,0,Graduate,No,4550,0.0,15,360,1.0,Semiurban,Y
LP003342,Female,Yes,0,Graduate,Yes,4465,0.0,9,60,1.0,Rural,Y
LP003343,Male,No,0,Graduate,No,3524,0.0,9,60,1.0,Semiurban,Y
LP003344,Male,Yes,0,Graduate,No,9234,0.0,37,360,,Rural,Y
LP003345,,No,0,Graduate,Yes,18091,0.0,46,360,0.0,Urban,N
LP003346,Male,Yes,2,Graduate,No,12116,0.0,47,240,1.0,Urban,Y
LP003347,Female,Yes,2,Graduate,Yes,7047,1366.2,34,360,1.0,Urban,Y
LP003348,Male,Yes,2,Graduate,No,7438,0.0,31,360,1.0,Semiurban,Y
LP003349,Female,Yes,1,Graduate,Yes,5978,3937.45,22,360,1.0,Semiurban,Y
LP003350,Male,Yes,1,Graduate,No,12081,2445.4,48,84,1.0,Semiurban,N
LP003351,Male,,1,Graduate,No,7893,1206.62,28,180,1.0,Semiurban,Y
LP003352,Male,No,2,Graduate,Yes,7402,0.0,11,360,1.0,Semiurban,Y
LP003353,Male,No,1,Graduate,No,4835,0.0,12,84,0.0,Semiurban,N
LP003354,Male,Yes,1,Graduate,Yes,9849,1563.32,28,360,0.0,Rural,N
LP003355,Male,Yes,2,Graduate,No,7291,979.07,13,360,0.0,Urban,N
LP003356,Male,No,0,Graduate,Yes,8536,0.0,19,360,1.0,Semiurban,Y
LP003357,Male,No,0,Graduate,No,11250,0.0,28,480,1.0,Urban,Y
LP003358,Male,Yes,0,Graduate,No,4642,0.0,17,360,,Urban,Y
LP003359,Male,No,0,Graduate,No,6415,0.0,25,360,1.0,Semiurban,Y
LP003360,Male,Yes,0,Graduate,No,6573,0.0,23,60,1.0,Rural,Y
LP003361,Male,Yes,0,Graduate,No,6378,0.0,24,240,1.0,Urban,Y
LP003362,Male,No,0,Graduate,No,4814,0.0,9,360,1.0,Semiurban,Y
LP003363,Male,Yes,0,Graduate,No,5976,0.0,17,60,1.0,Urban,Y
LP003364,Male,Yes,3+,Graduate,No,5342,0.0,10,60,,Urban,Y
LP003365,Male,Yes,0,Graduate,No,10862,0.0,26,300,1.0,Rural,Y
LP003366,Male,No,0,Graduate,No,8463,0.0,29,360,1.0,Semiurban,Y
LP003367,Male,Yes,0,Not Graduate,No,7212,0.0,31,360,0.0,Semiurban,N
LP003368,Male,No,0,Graduate,No,3846,0.0,9,360,0.0,Rural,N
LP003369,Male,Yes,1,Graduate,No,18624,1413.03,60,360,1.0,Semiurban,Y
LP003370,Male,Yes,1,Graduate,Yes,6646,0.0,9,60,1.0,Urban,Y
LP003371,Female,Yes,0,Graduate,Yes,15999,3279.73,65,360,1.0,Rural,Y
LP003372,Male,Yes,0,Graduate,No,10503,2723.3,24,300,1.0,Rural,Y
LP003373,Female,Yes,0,Not Graduate,No,4776,0.0,12,360,1.0,Semiurban,Y
LP003374,Male,Yes,1,Graduate,No,19546,0.0,41,360,1.0,Semiurban,Y
LP003375,Male,Yes,3+,Graduate,No,9707,0.0,11,300,1.0,Semiurban,Y
LP003376,Male,Yes,3+,Graduate,No,7085,0.0,25,360,1.0,Semiurban,Y
LP003377,Male,No,0,Graduate,No,6186,0.0,19,360,1.0,Semiurban,Y
LP003378,Female,No,2,Graduate,No,10628,1810.22,48,360,1.0,Urban,Y
LP003379,Male,Yes,2,Not Graduate,No,4862,1110.68,25,180,1.0,Urban,Y
LP003380,Female,Yes,,Not Graduate,No,4416,0.0,10,360,1.0,Semiurban,N
LP003381,Male,Yes,0,Graduate,No,6235,1751.26,29,60,0.0,Semiurban,N
LP003382,Female,Yes,0,Graduate,No,5123,3146.39,17,360,1.0,Rural,Y
LP003383,Female,Yes,,Graduate,No,5239,0.0,13,240,,Semiurban,Y
LP003384,Male,Yes,0,Graduate,Yes,17035,2347.23,76,120,1.0,Rural,Y
LP003385,Male,Yes,1,Graduate,No,11796,0.0,48,360,1.0,Urban,Y
LP003386,Male,Yes,0,Graduate,Yes,8460,0.0,19,360,1.0,Semiurban,Y
LP003387,Male,No,0,Not Graduate,No,4338,0.0,16,300,1.0,Urban,Y
LP003388,Female,Yes,2,Graduate,No,5530,0.0,20,360,1.0,Semiurban,Y
LP003389,Male,,0,Not Graduate,No,5244,3939.52,15,360,1.0,Semiurban,Y
LP003390,Male,Yes,3+,Not Graduate,No,15676,1198.09,53,360,1.0,Urban,Y
LP003391,Male,No,2,Graduate,No,8152,2142.66,28,300,1.0,Rural,Y
LP003392,Male,Yes,2,Graduate,No,10496,5372.67,19,360,1.0,Semiurban,Y
LP003393,Female,Yes,2,Graduate,No,7540,1079.78,25,360,1.0,Semiurban,N
LP003394,Male,No,0,Not Graduate,Yes,3688,0.0,,360,1.0,Semiurban,Y
LP003395,Female,Yes,0,Graduate,No,7226,1330.34,31,60,1.0,Rural,Y
LP003396,Female,Yes,3+,Not Graduate,No,3077,0.0,9,180,1.0,Semiurban,Y
LP003397,Male,Yes,0,Graduate,No,12868,2485.35,27,360,1.0,Urban,Y
LP003398,Male,No,0,Graduate,No,5436,0.0,11,360,1.0,Rural,Y
LP003399,Male,No,1,Not Graduate,No,4287,0.0,9,120,,Semiurban,N
LP003400,Male,No,0,Graduate,No,10305,2530.47,16,36,1.0,Semiurban,Y
LP003401,Male,Yes,0,Graduate,No,6032,0.0,21,120,1.0,Semiurban,Y
LP003402,Female,Yes,0,Graduate,No,6309,0.0,18,360,1.0,Urban,Y
LP003403,Male,Yes,0,Graduate,Yes,3809,0.0,13,240,1.0,Rural,Y
LP003404,Female,No,1,Graduate,No,5549,0.0,19,360,1.0,Semiurban,Y
LP003405,Female,No,0,Graduate,No,8520,0.0,10,12,1.0,Rural,Y
LP003406,Female,No,0,Graduate,No,4875,0.0,21,360,1.0,Urban,Y
LP003407,Male,Yes,0,Graduate,No,9674,0.0,42,360,1.0,Rural,Y
LP003408,Male,No,1,Graduate,No,7167,0.0,9,60,1.0,Rural,Y
LP003409,Male,No,0,Graduate,No,11739,0.0,14,360,,Rural,Y
LP003410,Male,No,0,Graduate,No,5462,0.0,21,360,1.0,Rural,Y
LP003411,Male,No,2,Not Graduate,No,5051,0.0,15,360,1.0,Semiurban,N
LP003412,Male,Yes,0,Graduate,No,4834,1655.62,29,300,,Semiurban,Y
LP003413,Male,Yes,1,Not Graduate,No,5950,0.0,11,360,1.0,Urban,Y
LP003414,Male,Yes,0,Graduate,No,6616,1473.4,30,300,1.0,Semiurban,Y
LP003415,Male,Yes,0,Graduate,No,11543,7844.81,54,360,1.0,Semiurban,Y
LP003416,Male,No,0,Graduate,No,5678,4615.62,30,360,1.0,Urban,Y
LP003417,Male,No,2,Graduate,Yes,6111,0.0,10,360,1.0,Semiurban,Y
LP003418,Female,No,0,Graduate,No,4777,0.0,14,360,1.0,Urban,N
LP003419,Male,Yes,0,Not Graduate,,6295,0.0,,300,1.0,Semiurban,Y
LP003420,Female,Yes,0,Graduate,No,18205,0.0,32,360,1.0,Semiurban,Y
LP003421,Female,Yes,0,Not Graduate,Yes,1500,0.0,9,360,1.0,Rural,Y
LP003422,Male,No,2,Graduate,Yes,7075,0.0,12,360,,Urban,Y
LP003423,Male,No,3+,Graduate,No,12243,0.0,25,300,,Urban,Y
LP003424,Male,No,0,Graduate,No,5909,0.0,9,360,0.0,Semiurban,N
LP003425,Male,Yes,0,Graduate,No,9542,0.0,32,300,1.0,Semiurban,Y
LP003426,Male,Yes,0,Graduate,No,12760,3819.38,33,360,1.0,Urban,Y
LP003427,Male,No,3+,Not Graduate,Yes,4964,0.0,21,180,0.0,Semiurban,N
LP003428,Female,Yes,0,Not Graduate,Yes,3822,1402.43,18,360,0.0,Rural,N
LP003429,Female,No,0,Graduate,No,10114,0.0,42,360,1.0,Rural,Y
LP003430,Female,Yes,3+,Graduate,Yes,8615,0.0,14,120,1.0,Urban,Y
LP003431,Male,Yes,3+,Graduate,No,7534,2657.12,33,84,1.0,Urban,Y
LP003432,Male,Yes,0,Graduate,Yes,9892,3056.03,52,300,0.0,Semiurban,N
LP003433,Female,No,0,Graduate,No,10244,0.0,44,360,1.0,Semiurban,Y
LP003434,Male,Yes,1,Graduate,No,7560,0.0,24,360,1.0,Rural,N
LP003435,Male,No,2,Not Graduate,No,6703,0.0,28,240,1.0,Urban,N
LP003436,Male,No,0,Graduate,Yes,9024,6034.16,22,360,1.0,Semiurban,Y
LP003437,Male,Yes,0,Graduate,Yes,6525,2444.88,10,360,1.0,Rural,Y
LP003438,Male,No,0,Not Graduate,No,10824,1808.35,33,120,0.0,Urban,N
LP003439,Male,No,0,Graduate,No,4947,0.0,10,360,1.0,Rural,Y
LP003440,Male,Yes,0,Graduate,No,7342,0.0,31,360,1.0,Semiurban,Y
LP003441,Male,No,2,Not Graduate,No,8589,0.0,9,360,1.0,Rural,Y
LP003442,Male,Yes,0,Graduate,No,5407,0.0,11,360,,Semiurban,Y
LP003443,Male,Yes,0,Graduate,No,11089,1417.42,27,360,1.0,Rural,Y
LP003444,Male,Yes,2,Graduate,No,8309,1106.62,32,360,1.0,Rural,Y
LP003445,Female,No,0,Not Graduate,Yes,10884,0.0,10,360,1.0,Urban,Y
LP003446,Male,Yes,0,Graduate,No,9898,0.0,39,180,1.0,Rural,Y
LP003447,Male,Yes,3+,Graduate,No,7257,0.0,30,360,1.0,Urban,Y
LP003448,Female,No,0,Graduate,No,7147,0.0,19,360,0.0,Urban,N
LP003449,Male,Yes,2,Graduate,No,8570,932.25,13,120,1.0,Semiurban,Y
LP003450,Female,No,0,Graduate,No,18047,0.0,21,360,0.0,Semiurban,N
LP003451,Male,No,0,Graduate,No,7470,1792.29,17,360,1.0,Semiurban,Y
LP003452,Male,Yes,1,Not Graduate,No,5824,6935.28,18,60,1.0,Urban,Y
LP003453,Male,Yes,0,Graduate,Yes,7170,0.0,19,360,1.0,Urban,Y
LP003454,Male,No,0,Not Graduate,No,6304,0.0,,120,0.0,Urban,N
LP003455,Female,Yes,0,Not Graduate,No,2988,0.0,9,180,1.0,Urban,N
LP003456,Female,Yes,0,Not Graduate,No,4406,0.0,17,360,1.0,Urban,Y
LP003457,Female,No,0,Graduate,No,4177,0.0,12,36,1.0,Rural,N
LP003458,Female,No,2,Graduate,No,4396,0.0,14,360,1.0,Urban,Y
LP003459,Male,No,1,Not Graduate,No,8762,0.0,29,36,,Rural,Y
LP003460,Female,Yes,0,Graduate,No,6992,0.0,28,360,1.0,Urban,Y
LP003461,Male,No,0,Graduate,No,5449,3271.51,29,360,1.0,Semiurban,N
LP003462,Female,No,0,Graduate,No,5991,0.0,9,180,0.0,Urban,N
LP003463,Male,No,0,Graduate,No,6540,0.0,15,84,0.0,Urban,N
LP003464,Male,No,0,Graduate,No,7372,3279.49,30,240,0.0,Semiurban,N
LP003465,Female,No,1,Not Graduate,No,1989,1757.71,9,36,1.0,Semiurban,Y
LP003466,Female,Yes,0,Graduate,No,4553,0.0,19,360,1.0,Semiurban,Y
LP003467,Male,Yes,0,Graduate,No,4869,0.0,,360,1.0,Semiurban,Y
LP003468,,Yes,1,Graduate,No,5664,0.0,20,360,0.0,Rural,N
LP003469,Male,Yes,0,Not Graduate,No,4485,0.0,19,360,1.0,Semiurban,N
LP003470,Female,Yes,0,Graduate,No,4641,3555.33,16,360,1.0,Urban,Y
LP003471,Male,Yes,1,Graduate,No,10574,4383.83,,360,1.0,Urban,Y
LP003472,Male,No,1,Graduate,No,17123,0.0,32,360,1.0,Semiurban,Y
LP003473,Male,Yes,0,Not Graduate,No,9365,0.0,36,360,1.0,Rural,Y
LP003474,Male,Yes,0,Graduate,No,6300,0.0,23,360,1.0,Urban,Y
LP003475,Male,Yes,0,Graduate,Yes,8375,0.0,34,180,1.0,Urban,Y
LP003476,Male,Yes,1,Graduate,No,7522,0.0,9,300,1.0,Semiurban,Y
LP003477,Female,No,0,Not Graduate,Yes,3410,2648.4,21,240,1.0,Rural,Y
LP003478,Female,Yes,1,Graduate,No,12881,1577.99,43,180,1.0,Urban,Y
LP003479,Female,Yes,2,Graduate,No,18388,0.0,45,360,0.0,Rural,N
LP003480,Male,No,3+,Graduate,No,4334,0.0,17,360,0.0,Rural,N
LP003481,Male,Yes,0,Graduate,Yes,14462,0.0,58,360,1.0,Urban,Y
LP003482,Male,Yes,0,Graduate,No,6247,0.0,21,480,1.0,Rural,Y
LP003483,Female,No,0,Graduate,No,5699,0.0,9,300,1.0,Semiurban,Y
LP003484,Male,Yes,0,Graduate,No,8623,0.0,16,360,1.0,Urban,Y
LP003485,Male,No,0,Not Graduate,No,13239,0.0,20,180,1.0,Urban,Y
LP003486,Female,No,2,Graduate,No,7318,0.0,13,300,1.0,Urban,Y
LP003487,Male,No,0,Not Graduate,No,7094,0.0,26,180,1.0,Urban,Y
LP003488,Female,Yes,0,Graduate,No,10201,1839.68,26,240,1.0,Rural,Y
LP003489,Male,No,0,Graduate,No,11315,0.0,22,180,0.0,Semiurban,N
LP003490,Male,No,3+,Graduate,Yes,8978,0.0,16,360,1.0,Rural,Y
LP003491,Male,Yes,0,Graduate,No,11848,2313.48,16,180,1.0,Semiurban,Y
LP003492,Male,No,2,Not Graduate,No,4233,0.0,9,84,1.0,Semiurban,Y
LP003493,Female,Yes,2,Graduate,No,3735,1690.29,9,240,1.0,Urban,Y
LP003494,Male,No,0,Not Graduate,No,15491,2442.23,53,360,1.0,Rural,Y
LP003495,Male,Yes,1,Graduate,Yes,5436,1529.87,11,360,1.0,Urban,Y
LP003496,Female,Yes,0,Graduate,Yes,5567,0.0,10,180,1.0,Urban,N
LP003497,Male,Yes,0,Graduate,No,6828,4709.31,30,84,1.0,Semiurban,Y
LP003498,Female,No,0,Graduate,No,5132,0.0,11,360,1.0,Rural,Y
LP003499,Male,Yes,0,Not Graduate,No,4478,12101.76,35,360,1.0,Urban,Y
LP003500,Female,Yes,1,Graduate,No,8490,3059.34,50,360,0.0,Semiurban,Y
LP003501,Male,Yes,2,Graduate,No,9332,6200.43,18,360,1.0,Urban,Y
LP003502,Male,No,0,Not Graduate,No,7929,0.0,32,240,0.0,Rural,N
LP003503,Male,Yes,0,Graduate,Yes,9665,2094.08,49,360,1.0,Rural,Y
LP003504,Male,Yes,0,Graduate,No,6627,0.0,29,360,1.0,Rural,Y
LP003505,Male,No,,Graduate,No,6123,0.0,24,360,1.0,Urban,Y
LP003506,Male,Yes,1,Graduate,No,12419,0.0,47,300,1.0,Semiurban,Y
LP003507,Male,Yes,0,Graduate,No,6394,0.0,11,360,,Urban,N
LP003508,Female,Yes,2,Graduate,No,5551,0.0,9,360,1.0,Semiurban,Y
LP003509,Male,No,0,Graduate,No,10884,0.0,,360,1.0,Rural,Y
LP003510,Male,No,2,Not Graduate,No,5660,0.0,16,360,0.0,Urban,N
LP003511,Female,Yes,0,Graduate,No,5629,6491.89,42,360,0.0,Semiurban,N
LP003512,Male,Yes,0,Graduate,No,6450,0.0,9,180,1.0,Urban,Y
LP003513,Female,Yes,2,Not Graduate,No,10146,0.0,20,300,1.0,Semiurban,Y
LP003514,Female,No,0,Graduate,Yes,8485,0.0,28,240,1.0,Semiurban,Y
LP003515,Female,Yes,0,Graduate,Yes,7664,0.0,24,360,1.0,Semiurban,Y
LP003516,Female,Yes,2,Graduate,Yes,4441,0.0,9,360,1.0,Semiurban,Y
LP003517,Male,No,0,Graduate,No,7978,2399.54,,360,1.0,Rural,Y
LP003518,Male,Yes,0,Not Graduate,Yes,5625,2899.44,,360,1.0,Rural,Y
LP003519,Male,Yes,0,Graduate,,5642,1032.86,26,360,0.0,Rural,N
LP003520,Female,Yes,1,Graduate,No,5425,0.0,9,360,1.0,Urban,Y
LP003521,Male,Yes,1,Graduate,,10262,0.0,37,240,1.0,Rural,Y
LP003522,Female,Yes,2,Graduate,No,12357,2841.91,22,240,0.0,Urban,Y
LP003523,Male,No,0,Not Graduate,No,3405,2326.83,14,180,1.0,Urban,Y
LP003524,Male,Yes,0,Graduate,No,5610,0.0,14,360,1.0,Semiurban,Y
LP003525,Male,Yes,0,Graduate,No,10253,0.0,24,84,0.0,Urban,N
LP003526,Male,No,0,Graduate,No,6144,0.0,13,300,0.0,Rural,N
LP003527,Male,No,1,Graduate,No,9147,2413.66,30,300,,Urban,Y
LP003528,Male,No,0,Graduate,No,6113,0.0,21,360,1.0,Semiurban,Y
LP003529,Female,No,1,Graduate,No,8447,0.0,18,360,1.0,Urban,Y
LP003530,Male,Yes,1,Graduate,No,4955,4460.28,28,360,1.0,Urban,Y
LP003531,Male,Yes,2,Not Graduate,No,8133,2436.72,23,120,1.0,Rural,Y
LP003532,Male,Yes,0,Not Graduate,No,2694,0.0,11,360,1.0,Semiurban,Y
LP003533,Male,Yes,0,Graduate,No,11362,0.0,38,60,1.0,Urban,Y
LP003534,Male,No,3+,Not Graduate,No,5615,0.0,22,360,1.0,Rural,N
LP003535,Male,No,1,Graduate,No,8704,2179.16,27,360,0.0,Rural,N
LP003536,Female,Yes,0,Graduate,No,7666,0.0,14,180,,Semiurban,Y
LP003537,Male,Yes,2,Graduate,Yes,4566,0.0,9,360,1.0,Urban,Y
LP003538,Male,No,3+,Not Graduate,Yes,11960,0.0,46,360,1.0,Rural,Y
LP003539,Male,Yes,0,Graduate,No,8807,0.0,30,360,1.0,Semiurban,Y
LP003540,Male,Yes,3+,Graduate,No,10537,3579.51,54,60,1.0,Urban,Y
LP003541,Female,Yes,0,Graduate,No,5042,0.0,17,360,,Urban,N
LP003542,Male,Yes,3+,Graduate,,8478,0.0,9,240,1.0,Urban,Y
LP003543,Female,Yes,0,Graduate,No,4239,0.0,10,120,1.0,Rural,Y
LP003544,Male,No,0,Graduate,No,7675,0.0,16,360,1.0,Rural,Y
LP003545,Male,Yes,0,Not Graduate,No,4096,0.0,10,360,1.0,Semiurban,Y
LP003546,Male,Yes,2,Graduate,No,81000,0.0,,360,1.0,Semiurban,Y
LP003547,Male,No,3+,Graduate,Yes,9366,2503.39,,360,1.0,Rural,Y
LP003548,Female,Yes,0,Not Graduate,No,11421,0.0,36,360,0.0,Semiurban,Y
LP003549,Male,No,0,Graduate,No,6531,0.0,11,180,1.0,Semiurban,N
LP003550,,No,,Graduate,No,7744,2202.55,27,360,1.0,Rural,Y
LP003551,Female,Yes,0,Graduate,No,10460,0.0,19,360,1.0,Urban,Y
LP003552,Male,Yes,2,Graduate,No,5382,0.0,15,360,1.0,Urban,N
LP003553,Male,No,0,Graduate,No,5582,0.0,11,360,1.0,Rural,Y
LP003554,Male,No,3+,Graduate,No,11108,2772.52,24,120,1.0,Semiurban,Y
LP003555,Male,No,3+,Not Graduate,No,5112,0.0,21,360,0.0,Urban,N
LP003556,Female,Yes,0,Not Graduate,No,3638,0.0,9,360,1.0,Urban,Y
LP003557,Male,No,0,Graduate,No,5665,3836.55,30,360,0.0,Semiurban,Y
LP003558,Female,No,3+,Graduate,No,3860,0.0,12,360,1.0,Semiurban,Y
LP003559,Male,Yes,2,Graduate,Yes,4316,0.0,13,360,1.0,Rural,Y
LP003560,Male,No,1,Graduate,No,4076,0.0,14,360,1.0,Rural,Y
LP003561,Male,Yes,0,Graduate,No,7851,0.0,24,360,0.0,Semiurban,N
LP003562,Male,Yes,0,Graduate,No,10153,0.0,40,12,1.0,Semiurban,Y
LP003563,Female,No,2,Graduate,No,23778,0.0,25,360,1.0,Semiurban,Y
LP003564,Male,Yes,0,Graduate,Yes,7594,1804.43,11,360,1.0,Urban,Y
LP003565,Female,Yes,1,Graduate,No,4280,0.0,12,360,1.0,Semiurban,Y
LP003566,Female,Yes,1,Graduate,Yes,6831,3864.48,25,360,1.0,Semiurban,Y
LP003567,Female,No,0,Graduate,Yes,8993,0.0,15,180,1.0,Rural,Y
LP003568,Male,Yes,0,Graduate,No,11918,0.0,26,36,1.0,Rural,Y
LP003569,Female,No,0,Not Graduate,Yes,8603,2115.27,35,180,1.0,Urban,Y
LP003570,Male,No,2,Graduate,No,9230,1123.16,41,360,1.0,Rural,Y
LP003571,Female,Yes,0,Graduate,No,7203,0.0,11,360,1.0,Semiurban,Y
LP003572,Male,No,0,Graduate,No,9947,2065.06,24,360,1.0,Urban,Y
LP003573,Male,No,3+,Graduate,No,4714,3271.95,11,360,1.0,Semiurban,Y
LP003574,Male,Yes,1,Graduate,No,4273,2180.43,28,360,1.0,Rural,Y
LP003575,Male,No,0,Graduate,Yes,19556,0.0,20,360,0.0,Semiurban,Y
LP003576,Male,Yes,2,Graduate,No,7578,0.0,11,360,1.0,Semiurban,Y
LP003577,Female,Yes,0,Graduate,No,8770,2121.67,25,84,,Semiurban,Y
LP003578,Male,Yes,3+,Graduate,Yes,3715,0.0,9,360,,Semiurban,Y
LP003579,Female,Yes,2,Not Graduate,No,12918,0.0,43,240,1.0,Semiurban,Y
LP003580,Male,Yes,,Graduate,No,12633,0.0,13,120,1.0,Semiurban,Y
LP003581,Female,Yes,0,Graduate,Yes,3921,817.28,13,360,0.0,Rural,N
LP003582,Female,Yes,0,Graduate,No,6062,0.0,10,240,1.0,Semiurban,Y
LP003583,Male,Yes,1,Graduate,No,8566,4318.45,41,360,1.0,Urban,Y
LP003584,Female,Yes,1,Not Graduate,No,2802,0.0,9,120,1.0,Semiurban,Y
LP003585,Female,No,0,Graduate,Yes,8089,2414.01,17,360,0.0,Rural,N
LP003586,Female,Yes,3+,Graduate,No,11203,0.0,43,180,,Semiurban,Y
LP003587,Male,Yes,0,Graduate,No,8770,0.0,,360,1.0,Rural,Y
LP003588,Male,Yes,2,Graduate,No,4720,5663.63,23,360,0.0,Urban,N
LP003589,Female,Yes,1,Graduate,No,4638,3117.59,23,360,1.0,Semiurban,Y
LP003590,Male,Yes,0,Graduate,No,7362,2890.12,34,360,1.0,Rural,Y
LP003591,,,,Graduate,No,6231,1782.54,29,60,0.0,Semiurban,N
LP003592,Male,Yes,1,Graduate,No,7083,0.0,20,360,1.0,Semiurban,Y
LP003593,Female,No,,Graduate,Yes,5693,3168.33,26,60,1.0,Semiurban,Y
LP003594,Male,Yes,0,Graduate,No,4465,3312.27,,360,0.0,Rural,N
LP003595,Male,Yes,2,Graduate,No,10769,0.0,31,360,1.0,Semiurban,Y
LP003596,Female,No,0,Graduate,No,8660,6258.39,43,360,1.0,Semiurban,Y
LP003597,Female,No,0,Graduate,,8223,0.0,16,360,1.0,Semiurban,Y
LP003598,Female,Yes,2,Graduate,No,8360,1741.14,39,180,1.0,Semiurban,Y
LP003599,Female,Yes,0,Graduate,No,6144,3524.68,24,360,1.0,Semiurban,Y
LP003600,Male,Yes,1,Graduate,No,6214,2442.2,25,360,1.0,Semiurban,Y
LP003601,Male,Yes,1,Not Graduate,No,3968,5398.44,30,360,1.0,Urban,Y
LP003602,Male,Yes,0,Graduate,No,15203,2194.11,50,360,1.0,Rural,Y
LP003603,Male,Yes,0,Graduate,No,7654,7336.04,38,360,1.0,Semiurban,Y
LP003604,Male,No,0,Graduate,No,4114,2516.92,17,300,1.0,Urban,Y
LP003605,Female,No,,Graduate,No,6329,0.0,9,360,0.0,Urban,N
LP003606,Male,Yes,1,Graduate,Yes,4207,0.0,16,360,1.0,Semiurban,Y
LP003607,Male,Yes,0,Not Graduate,No,7003,0.0,9,360,0.0,Semiurban,N
LP003608,Male,No,3+,Graduate,No,7655,0.0,34,360,1.0,Rural,Y
LP003609,Male,Yes,0,Not Graduate,No,4850,0.0,21,360,1.0,Semiurban,Y
LP003610,Male,Yes,0,Not Graduate,No,4097,2420.13,26,36,1.0,Rural,Y
LP003611,Male,Yes,3+,Graduate,No,9687,0.0,12,360,1.0,Urban,Y
LP003612,Male,No,0,Graduate,No,6975,0.0,9,300,1.0,Semiurban,Y
LP003613,Male,Yes,1,Graduate,No,4333,0.0,13,360,1.0,Semiurban,Y
LP003614,Female,Yes,1,Not Graduate,No,10620,2281.09,20,360,1.0,Urban,Y
LP003615,Male,Yes,2,Graduate,No,5596,0.0,24,360,0.0,Rural,N
LP003616,Male,Yes,0,Graduate,No,5028,2660.97,25,360,1.0,Rural,Y
LP003617,Male,Yes,0,Graduate,No,13905,8909.81,91,180,0.0,Urban,N
LP003618,Male,No,3+,Graduate,No,11581,0.0,,180,1.0,Urban,Y
LP003619,Male,Yes,0,Graduate,No,6618,0.0,28,360,1.0,Rural,Y
LP003620,,No,1,Not Graduate,No,2318,0.0,9,360,1.0,Urban,Y
LP003621,Male,No,1,Graduate,No,5147,0.0,22,120,1.0,Rural,Y
LP003622,Male,Yes,0,Not Graduate,No,5080,1021.28,9,360,1.0,Urban,Y
LP003623,Male,Yes,2,Graduate,No,12995,0.0,48,360,1.0,Semiurban,Y
LP003624,Female,No,3+,Graduate,No,12189,4963.63,,84,1.0,Urban,Y
LP003625,Male,Yes,0,Graduate,No,8229,0.0,14,60,1.0,Semiurban,Y
LP003626,Male,Yes,1,Graduate,No,10059,0.0,23,360,1.0,Urban,Y
LP003627,Female,Yes,1,Graduate,Yes,6334,2105.11,27,360,1.0,Semiurban,Y
LP003628,Male,No,0,Graduate,Yes,5211,2820.35,,360,0.0,Rural,N
LP003629,Male,Yes,2,Graduate,No,4797,0.0,16,360,1.0,Urban,Y
LP003630,Male,No,0,Not Graduate,No,6765,2157.75,13,84,1.0,Semiurban,Y
LP003631,Male,Yes,0,Graduate,No,11235,1265.94,30,360,1.0,Urban,Y
LP003632,Female,Yes,2,Graduate,No,5617,0.0,,120,1.0,Semiurban,N
LP003633,Male,Yes,3+,Graduate,No,12821,1394.15,14,360,1.0,Urban,Y
LP003634,Male,Yes,0,Graduate,No,6701,0.0,21,360,1.0,Semiurban,N
LP003635,Male,Yes,2,Not Graduate,No,6468,2908.88,27,360,1.0,Rural,Y
LP003636,Male,Yes,0,Not Graduate,No,5604,3055.89,36,360,1.0,Rural,Y
LP003637,Female,Yes,0,Not Graduate,,10820,3139.85,60,12,1.0,Rural,Y
LP003638,Male,Yes,0,Not Graduate,No,7905,3956.2,40,360,0.0,Urban,N
LP003639,Female,Yes,2,Graduate,No,6745,0.0,19,180,1.0,Urban,Y
LP003640,Male,Yes,0,Not Graduate,No,6445,0.0,18,300,1.0,Urban,Y
LP003641,Male,Yes,0,Graduate,Yes,5208,0.0,13,360,1.0,Rural,Y
LP003642,Male,No,1,Graduate,No,3586,0.0,13,360,1.0,Urban,Y
LP003643,Female,Yes,0,Graduate,No,5572,3288.08,19,360,1.0,Rural,Y
LP003644,Male,Yes,0,Graduate,Yes,7174,0.0,13,84,1.0,Rural,Y
LP003645,Male,Yes,0,Graduate,No,9559,1489.52,28,360,1.0,Urban,Y
LP003646,Female,Yes,2,Graduate,No,6456,1229.76,16,360,1.0,Urban,Y
LP003647,Male,No,1,Graduate,No,6008,0.0,23,360,1.0,Semiurban,Y
LP003648,Male,Yes,2,Not Graduate,No,2138,0.0,9,360,1.0,Semiurban,Y
LP003649,Male,Yes,0,Graduate,No,9543,1419.64,26,360,1.0,Semiurban,Y
LP003650,Female,Yes,0,Graduate,,7578,882.21,16,360,0.0,Urban,Y
LP003651,Male,Yes,2,Graduate,Yes,10808,0.0,31,360,1.0,Rural,Y
LP003652,Male,No,0,Not Graduate,No,5795,0.0,12,360,1.0,Semiurban,Y
LP003653,Male,No,0,Not Graduate,No,10580,0.0,33,60,1.0,Urban,Y
LP003654,Male,Yes,0,Graduate,No,6332,0.0,24,60,0.0,Urban,N
LP003655,Male,Yes,0,Not Graduate,No,6096,2743.24,32,360,1.0,Rural,Y
LP003656,Male,Yes,0,Graduate,Yes,8477,0.0,17,180,1.0,Urban,Y
LP003657,Male,Yes,3+,Not Graduate,No,8602,2348.05,32,180,0.0,Rural,N
LP003658,Male,Yes,0,Graduate,No,9109,0.0,21,180,1.0,Semiurban,Y
LP003659,Female,Yes,1,Graduate,No,8545,0.0,27,360,0.0,Rural,N
LP003660,Male,Yes,0,Graduate,No,8574,0.0,34,360,1.0,Rural,Y
LP003661,Male,Yes,1,Graduate,No,7178,2492.12,38,360,1.0,Rural,Y
LP003662,Female,Yes,0,Graduate,No,10440,0.0,42,240,1.0,Rural,Y
LP003663,Female,No,3+,Graduate,No,3299,1571.01,11,360,1.0,Semiurban,Y
LP003664,Male,No,0,Graduate,No,5669,0.0,21,180,1.0,Urban,Y
LP003665,Male,,2,Graduate,Yes,15573,2642.81,42,36,1.0,Rural,N
LP003666,Male,No,0,Graduate,No,5582,1517.97,9,360,1.0,Semiurban,Y
LP003667,Male,Yes,1,Graduate,No,7489,2065.3,29,120,1.0,Semiurban,Y
LP003668,Male,No,3+,Not Graduate,No,12101,0.0,37,360,0.0,Semiurban,N
LP003669,Male,Yes,1,Graduate,No,7356,1973.08,34,360,,Urban,Y
LP003670,Male,No,1,Graduate,No,5279,0.0,20,360,1.0,Semiurban,Y
LP003671,Male,Yes,2,Not Graduate,No,11387,7849.86,79,360,1.0,Urban,Y
LP003672,Male,Yes,3+,Graduate,Yes,6931,0.0,23,360,,Semiurban,N
LP003673,Male,No,0,Graduate,No,6604,0.0,21,84,0.0,Semiurban,N
LP003674,Male,Yes,0,Graduate,No,4297,1546.17,9,360,0.0,Rural,N
LP003675,,Yes,0,Not Graduate,No,5053,0.0,9,84,1.0,Semiurban,N
LP003676,Female,No,3+,Graduate,No,8904,830.31,14,360,1.0,Rural,Y
LP003677,Male,No,0,Graduate,No,6095,0.0,,360,1.0,Rural,Y
LP003678,Male,No,0,Graduate,No,4578,1171.7,23,240,1.0,Urban,Y
LP003679,Male,No,0,Not Graduate,No,4483,1566.39,21,360,1.0,Semiurban,Y
LP003680,Male,No,0,Graduate,No,5697,0.0,,360,1.0,Urban,Y
LP003681,Female,Yes,0,Not Graduate,No,4720,5206.11,14,360,1.0,Rural,N
LP003682,Male,Yes,0,Graduate,Yes,6402,1525.62,26,60,1.0,Semiurban,Y
LP003683,Male,No,0,Graduate,No,15643,2202.46,63,360,1.0,Urban,Y
LP003684,Male,No,1,Graduate,No,8192,0.0,17,180,1.0,Urban,Y
LP003685,Male,Yes,0,Not Graduate,No,3029,0.0,9,36,1.0,Semiurban,Y
LP003686,Male,Yes,0,Graduate,No,7930,0.0,26,360,1.0,Urban,Y
LP003687,Male,No,0,Graduate,,7098,0.0,10,360,1.0,Semiurban,Y
LP003688,Female,Yes,0,Graduate,No,12063,0.0,,360,1.0,Rural,Y
LP003689,Male,Yes,0,Graduate,No,7275,0.0,32,360,1.0,Urban,N
LP003690,Male,No,0,Graduate,,6699,0.0,9,360,1.0,Semiurban,Y
LP003691,Male,,0,Graduate,No,17829,0.0,29,360,1.0,Semiurban,Y
LP003692,Male,Yes,1,Graduate,No,5388,0.0,15,300,,Urban,Y
LP003693,Male,Yes,0,Graduate,No,10731,2171.56,16,360,1.0,Urban,Y
LP003694,Male,Yes,0,Graduate,Yes,7906,0.0,27,360,1.0,Urban,Y
LP003695,Female,No,0,Graduate,No,5139,0.0,9,180,1.0,Rural,Y
LP003696,Male,Yes,0,Not Graduate,No,4631,1947.85,10,360,1.0,Semiurban,Y
LP003697,Male,Yes,0,Graduate,No,13903,0.0,40,180,1.0,Semiurban,Y
LP003698,Male,Yes,0,Graduate,No,9297,0.0,35,360,1.0,Rural,Y
LP003699,Male,Yes,0,Graduate,No,9849,0.0,22,240,1.0,Urban,Y
LP003700,Male,Yes,0,Graduate,No,11182,0.0,13,360,,Urban,Y
LP003701,Female,Yes,2,Graduate,No,8033,4132.79,26,360,1.0,Urban,Y
LP003702,Male,Yes,,Graduate,No,5400,0.0,9,480,1.0,Rural,Y
LP003703,Male,Yes,0,Not Graduate,No,3214,8183.33,18,360,1.0,Semiurban,Y
LP003704,Male,Yes,0,Graduate,No,15179,2872.62,47,360,0.0,Semiurban,Y
LP003705,Male,Yes,0,Graduate,Yes,8368,0.0,34,360,0.0,Urban,N
LP003706,Male,Yes,2,Graduate,No,7954,0.0,32,12,1.0,Rural,Y
LP003707,Male,Yes,0,Graduate,No,17312,0.0,59,360,1.0,Rural,Y
LP003708,Male,Yes,0,Graduate,No,5395,0.0,21,360,1.0,Semiurban,N
LP003709,Male,Yes,3+,Not Graduate,No,2381,0.0,9,120,1.0,Urban,N
LP003710,Female,Yes,0,Not Graduate,No,2157,0.0,9,360,1.0,Semiurban,N
LP003711,Female,No,0,Graduate,No,5074,0.0,,120,1.0,Urban,Y
LP003712,Female,Yes,1,Graduate,No,7272,3666.95,36,360,0.0,Urban,N
LP003713,Female,No,3+,Graduate,No,12827,0.0,23,360,1.0,Semiurban,Y
LP003714,Female,No,0,Graduate,No,9651,0.0,35,180,,Semiurban,N
LP003715,Female,Yes,1,Graduate,No,3056,0.0,12,360,,Rural,N
LP003716,,Yes,0,Not Graduate,Yes,26881,847.27,74,360,1.0,Urban,Y
LP003717,Female,Yes,1,Graduate,No,5841,0.0,13,360,1.0,Urban,Y
LP003718,Female,Yes,0,Graduate,No,12266,4768.43,38,360,1.0,Semiurban,Y
LP003719,Female,Yes,1,Graduate,No,8819,5247.77,51,360,1.0,Semiurban,Y
LP003720,Male,Yes,0,Graduate,No,7730,2007.79,42,300,0.0,Semiurban,Y
LP003721,Male,No,0,Not Graduate,No,5063,0.0,12,360,0.0,Semiurban,N
LP003722,Male,Yes,0,Not Graduate,No,3821,0.0,9,360,1.0,Urban,Y
LP003723,Female,No,1,Not Graduate,No,2269,0.0,9,360,,Semiurban,Y
LP003724,Male,No,2,Not Graduate,No,5248,0.0,20,84,1.0,Rural,Y
LP003725,Female,Yes,2,Graduate,No,4136,0.0,9,360,1.0,Urban,Y
LP003726,Female,No,3+,Graduate,No,14710,2304.22,66,240,1.0,Semiurban,Y
LP003727,,No,0,Graduate,No,6709,0.0,9,360,1.0,Urban,Y
LP003728,Male,Yes,1,Graduate,Yes,20051,5407.72,28,300,1.0,Urban,Y
LP003729,Male,Yes,0,Graduate,No,6584,0.0,13,360,1.0,Rural,Y
LP003730,Female,Yes,3+,Graduate,Yes,5448,4259.82,20,360,1.0,Semiurban,Y
LP003731,Female,Yes,1,Not Graduate,No,7505,2235.59,43,180,1.0,Urban,N
LP003732,Female,Yes,0,Graduate,No,6206,0.0,11,360,,Semiurban,Y
LP003733,Male,Yes,0,Not Graduate,No,10111,0.0,36,300,1.0,Urban,Y
LP003734,Male,Yes,2,Not Graduate,No,12948,0.0,54,360,1.0,Semiurban,Y
LP003735,Male,No,2,Not Graduate,No,10304,0.0,38,240,1.0,Rural,Y
LP003736,Female,Yes,2,Graduate,No,13143,2568.85,69,360,,Urban,Y
LP003737,Male,Yes,0,Graduate,No,10826,0.0,17,300,,Semiurban,N
LP003738,Female,Yes,0,Graduate,No,5535,2529.58,27,360,1.0,Semiurban,Y
LP003739,Female,No,3+,Graduate,Yes,11239,0.0,31,360,1.0,Rural,Y
LP003740,Male,Yes,1,Graduate,Yes,10269,1811.05,48,360,0.0,Urban,N
LP003741,Male,Yes,0,Graduate,No,6192,1522.65,27,12,1.0,Semiurban,Y
LP003742,Male,No,1,Graduate,No,5960,0.0,22,84,1.0,Urban,N
LP003743,Female,Yes,1,Graduate,No,6651,0.0,15,240,0.0,Urban,N
LP003744,Male,No,1,Not Graduate,No,10374,4061.35,48,360,1.0,Urban,N
LP003745,Male,Yes,0,Graduate,No,8071,0.0,32,360,1.0,Rural,Y
LP003746,Male,,2,Not Graduate,No,6198,0.0,10,360,1.0,Urban,Y
LP003747,Male,,2,Graduate,No,6767,1294.96,9,360,1.0,Rural,Y
LP003748,Female,No,0,Graduate,Yes,5475,0.0,11,300,1.0,Semiurban,Y
LP003749,Male,No,0,Graduate,No,4744,0.0,,360,1.0,Rural,Y
LP003750,Male,Yes,1,Graduate,No,10719,0.0,28,360,0.0,Urban,N
LP003751,Male,No,1,Graduate,No,4969,3912.59,16,360,1.0,Semiurban,Y
LP003752,Male,Yes,0,Not Graduate,No,6418,0.0,26,120,0.0,Rural,N
LP003753,Male,No,2,Not Graduate,No,4645,0.0,9,360,1.0,Semiurban,Y
LP003754,Female,No,0,Graduate,No,9283,0.0,35,360,1.0,Semiurban,Y
LP003755,Male,Yes,0,Graduate,No,6802,0.0,25,360,1.0,Rural,Y
LP003756,Male,Yes,2,Graduate,No,5487,2849.27,23,360,1.0,Semiurban,Y
LP003757,Male,Yes,3+,Graduate,No,11698,0.0,22,360,1.0,Rural,Y
LP003758,Male,Yes,0,Graduate,Yes,5794,0.0,14,360,0.0,Urban,N
LP003759,Female,Yes,0,Graduate,No,7392,2798.88,22,240,1.0,Semiurban,Y
LP003760,Male,Yes,0,Graduate,No,13354,0.0,19,360,1.0,Semiurban,Y
LP003761,Female,Yes,0,Graduate,No,5171,2798.97,24,120,1.0,Semiurban,Y
LP003762,Male,Yes,0,Graduate,No,7418,0.0,12,360,1.0,Semiurban,Y
LP003763,Male,Yes,0,Graduate,No,6594,1201.33,34,300,1.0,Rural,Y
LP003764,Male,No,0,Graduate,No,7618,0.0,22,360,1.0,Rural,Y
LP003765,Male,Yes,1,Graduate,No,7516,1098.41,12,360,1.0,Urban,Y
LP003766,Female,Yes,1,Graduate,No,10537,0.0,33,360,1.0,Urban,Y
LP003767,Male,No,1,Graduate,No,5686,0.0,,180,1.0,Urban,Y
LP003768,Male,No,0,Not Graduate,No,11356,0.0,18,360,1.0,Urban,Y
LP003769,Male,Yes,0,Graduate,No,15671,3419.17,38,180,0.0,Semiurban,Y
LP003770,Male,Yes,0,Not Graduate,No,7032,0.0,13,120,1.0,Semiurban,Y
LP003771,Female,Yes,3+,Graduate,No,5059,3098.94,,360,1.0,Semiurban,Y
LP003772,Female,No,0,Graduate,,6295,0.0,12,480,0.0,Rural,N
LP003773,Male,No,1,Graduate,No,6859,0.0,9,480,1.0,Rural,N
LP003774,Female,No,0,Graduate,Yes,15734,0.0,60,360,1.0,Semiurban,Y
LP003775,Female,No,2,Graduate,Yes,6119,2270.93,16,360,1.0,Semiurban,Y
LP003776,,Yes,0,Graduate,Yes,14067,1701.1,32,240,0.0,Urban,N
LP003777,Male,Yes,0,Graduate,No,8054,0.0,20,240,1.0,Semiurban,Y
LP003778,Male,No,2,Graduate,No,7351,0.0,27,360,0.0,Semiurban,N
LP003779,Female,No,0,Graduate,,5473,0.0,17,360,0.0,Urban,N
LP003780,Female,Yes,1,Graduate,No,6202,0.0,9,360,0.0,Rural,Y
LP003781,Male,Yes,0,Graduate,No,11181,0.0,29,120,1.0,Semiurban,Y
LP003782,Female,Yes,3+,Not Graduate,Yes,3670,0.0,13,300,1.0,Urban,Y
LP003783,Female,No,1,Graduate,No,10241,0.0,11,60,0.0,Semiurban,N
LP003784,Male,Yes,0,Graduate,No,14467,0.0,16,360,1.0,Semiurban,Y
LP003785,Male,No,2,Graduate,No,5745,2554.04,28,300,1.0,Urban,Y
LP003786,Female,Yes,1,Graduate,No,12145,2866.03,41,360,1.0,Urban,Y
LP003787,Female,Yes,0,Graduate,No,11218,2871.67,22,360,1.0,Urban,Y
LP003788,Male,No,0,Graduate,No,10579,6525.94,57,12,1.0,Semiurban,Y
LP003789,Male,Yes,0,Not Graduate,No,4655,0.0,9,300,0.0,Semiurban,N
LP003790,Male,No,1,Not Graduate,Yes,5374,0.0,13,360,1.0,Urban,Y
LP003791,Male,No,0,Graduate,No,6871,0.0,26,300,1.0,Rural,Y
LP003792,Male,No,2,Not Graduate,Yes,18029,0.0,29,360,1.0,Rural,Y
LP003793,Male,Yes,0,Graduate,No,7685,3788.51,35,360,1.0,Semiurban,Y
LP003794,Male,No,1,Not Graduate,Yes,5202,3841.74,20,120,1.0,Rural,Y
LP003795,Male,Yes,0,Graduate,No,5268,2167.02,30,240,1.0,Semiurban,Y
LP003796,Male,Yes,1,Not Graduate,No,4043,0.0,13,360,1.0,Urban,Y
LP003797,Male,Yes,0,Graduate,No,6060,0.0,13,360,0.0,Semiurban,N
LP003798,Female,Yes,0,Graduate,No,8104,2432.25,28,360,0.0,Urban,N
LP003799,Male,Yes,0,Not Graduate,No,3391,2560.9,16,60,1.0,Semiurban,N
LP003800,Male,Yes,1,Graduate,No,6096,0.0,27,360,1.0,Rural,Y
LP003801,Male,Yes,0,Graduate,No,4409,1965.88,23,360,1.0,Semiurban,Y
LP003802,Male,Yes,2,Graduate,Yes,14197,4966.36,67,240,1.0,Urban,Y
LP003803,Male,Yes,0,Graduate,No,8038,0.0,35,360,1.0,Urban,Y
LP003804,Male,Yes,0,Graduate,No,8720,0.0,13,360,0.0,Rural,N
LP003805,Male,No,1,Graduate,No,4855,0.0,12,180,1.0,Urban,Y
LP003806,Male,Yes,0,Graduate,No,12665,0.0,55,180,0.0,Rural,N
LP003807,Male,Yes,0,Not Graduate,No,13410,0.0,53,300,1.0,Urban,Y
LP003808,Male,No,0,Graduate,No,7416,0.0,12,360,0.0,Rural,Y
LP003809,Female,No,1,Not Graduate,Yes,3686,1746.07,13,84,1.0,Urban,Y
LP003810,Female,No,3+,Graduate,No,8345,0.0,13,84,0.0,Urban,N
LP003811,Male,No,0,Graduate,Yes,9937,0.0,34,300,1.0,Urban,Y
LP003812,Male,No,1,Graduate,No,10584,0.0,33,360,1.0,Urban,Y
LP003813,Male,Yes,1,Not Graduate,Yes,8619,0.0,26,360,1.0,Urban,N
LP003814,Male,No,1,Graduate,No,11063,2926.42,58,36,,Urban,Y
LP003815,,No,0,Graduate,No,5543,0.0,9,360,0.0,Semiurban,N
LP003816,Male,Yes,3+,Not Graduate,Yes,9794,0.0,42,360,0.0,Semiurban,N
LP003817,Male,No,0,Graduate,No,6043,0.0,16,360,1.0,Urban,Y
LP003818,Male,No,2,Graduate,No,3390,1740.25,9,360,1.0,Semiurban,Y
LP003819,Male,No,0,Graduate,No,6022,0.0,25,360,0.0,Rural,N
LP003820,Female,No,2,Not Graduate,No,3525,0.0,15,360,1.0,Rural,Y
LP003821,Female,Yes,,Graduate,No,7679,0.0,33,360,1.0,Semiurban,Y
LP003822,Male,Yes,3+,Graduate,No,10925,0.0,42,360,1.0,Semiurban,Y
LP003823,Male,Yes,0,Not Graduate,No,6817,0.0,13,360,1.0,Rural,Y
LP003824,Male,No,2,Graduate,,18702,0.0,37,360,,Rural,Y
LP003825,Female,No,0,Graduate,No,5086,4147.81,,360,1.0,Rural,Y
LP003826,Male,No,1,Graduate,No,3791,3678.34,13,360,1.0,Semiurban,Y
LP003827,Male,No,0,Graduate,No,8106,0.0,33,360,1.0,Semiurban,Y
LP003828,Male,No,1,Graduate,No,5844,0.0,16,360,1.0,Rural,Y
LP003829,Female,Yes,0,Graduate,,4562,0.0,9,360,0.0,Semiurban,N
LP003830,Male,No,0,Graduate,Yes,6411,0.0,23,84,1.0,Urban,Y
LP003831,Male,Yes,0,Not Graduate,No,4371,5028.27,30,360,0.0,Rural,N
LP003832,Male,Yes,0,Not Graduate,No,4558,0.0,10,300,1.0,Rural,Y
LP003833,Male,Yes,0,Not Graduate,No,13552,1115.57,61,240,1.0,Urban,Y
LP003834,Male,Yes,2,Graduate,Yes,8095,1273.99,27,180,1.0,Urban,Y
LP003835,Male,Yes,1,Graduate,No,6991,0.0,22,84,0.0,Rural,N
LP003836,Male,Yes,2,Graduate,No,15617,0.0,17,360,1.0,Urban,Y
LP003837,Male,Yes,2,Graduate,No,6916,1637.8,27,60,1.0,Semiurban,Y
LP003838,Male,No,0,Graduate,No,4649,0.0,11,180,1.0,Urban,Y
LP003839,Female,Yes,0,Graduate,No,4217,0.0,15,12,1.0,Urban,Y
LP003840,Male,No,0,Graduate,Yes,6984,0.0,9,180,0.0,Rural,N
LP003841,Male,Yes,0,Graduate,No,4634,3065.58,18,480,1.0,Rural,Y
LP003842,Male,Yes,1,Graduate,No,5232,0.0,9,360,1.0,Semiurban,Y
LP003843,Male,Yes,1,Graduate,No,6709,3033.89,41,84,1.0,Urban,Y
LP003844,Male,Yes,1,Graduate,No,12493,5934.59,45,360,1.0,Urban,Y
LP003845,Female,No,,Graduate,Yes,12168,2189.32,21,360,0.0,Urban,N
LP003846,Male,Yes,0,Graduate,No,10101,2545.4,45,360,1.0,Rural,Y
LP003847,Female,No,2,Not Graduate,No,4903,2805.56,31,300,0.0,Semiurban,N
LP003848,Male,Yes,0,Not Graduate,Yes,4790,2565.34,27,360,,Rural,Y
LP003849,Male,No,2,Not Graduate,No,7004,0.0,27,120,1.0,Rural,Y
LP003850,Male,No,0,Graduate,No,16616,2370.19,75,180,,Semiurban,Y
LP003851,Male,Yes,0,Graduate,Yes,8149,1030.61,40,480,1.0,Urban,Y
LP003852,Male,Yes,0,Graduate,No,6524,0.0,14,360,1.0,Rural,Y
LP003853,Male,Yes,0,Graduate,No,7271,0.0,16,120,1.0,Urban,Y
LP003854,Male,Yes,0,Graduate,No,6988,0.0,9,180,1.0,Rural,Y
LP003855,Male,Yes,0,Not Graduate,Yes,8131,3589.07,46,360,,Semiurban,Y
LP003856,Male,Yes,1,Graduate,No,5908,0.0,25,120,1.0,Urban,Y
LP003857,Female,No,3+,Graduate,No,7771,0.0,15,300,1.0,Semiurban,Y
LP003858,Male,No,0,Not Graduate,No,7711,2902.93,33,300,1.0,Semiurban,Y
LP003859,Male,Yes,0,Graduate,No,8841,0.0,16,240,1.0,Semiurban,Y
LP003860,Male,Yes,2,Not Graduate,No,3861,0.0,15,360,1.0,Semiurban,Y
LP003861,Male,Yes,0,Graduate,Yes,7293,0.0,9,120,0.0,Urban,N
LP003862,Male,Yes,2,Graduate,No,6382,1489.2,27,360,1.0,Semiurban,Y
LP003863,Male,No,0,Not Graduate,No,5501,3203.83,25,60,1.0,Semiurban,Y
LP003864,Male,Yes,0,Not Graduate,No,4594,0.0,9,360,1.0,Rural,Y
LP003865,Female,Yes,0,Graduate,No,12363,0.0,52,360,,Rural,Y
LP003866,Male,Yes,0,Graduate,No,8297,0.0,22,84,1.0,Semiurban,Y
LP003867,Male,Yes,1,Graduate,No,4661,1802.29,18,180,1.0,Rural,Y
LP003868,Male,Yes,2,Graduate,Yes,5013,1131.92,9,360,1.0,Semiurban,Y
LP003869,Male,Yes,0,Graduate,No,12925,2569.35,37,360,,Urban,Y
LP003870,Male,Yes,,Graduate,No,7211,0.0,11,360,1.0,Urban,Y
LP003871,Male,Yes,0,Graduate,No,6689,0.0,19,120,0.0,Rural,N
LP003872,Male,No,0,Graduate,No,11973,5340.61,52,360,1.0,Semiurban,Y
LP003873,Male,Yes,2,Graduate,No,7287,0.0,13,240,1.0,Rural,Y
LP003874,Male,No,2,Graduate,No,4699,0.0,20,84,1.0,Semiurban,Y
LP003875,Female,Yes,0,Graduate,No,4498,0.0,9,300,1.0,Urban,Y
LP003876,Male,Yes,0,Graduate,No,9961,0.0,32,360,1.0,Semiurban,Y
LP003877,Male,No,0,Graduate,No,18908,0.0,83,300,1.0,Semiurban,Y
LP003878,Female,No,0,Graduate,No,9633,0.0,36,60,0.0,Semiurban,N
LP003879,Male,Yes,2,Graduate,No,6708,0.0,24,120,1.0,Rural,Y
LP003880,Male,Yes,0,Graduate,No,7089,4172.7,13,360,1.0,Semiurban,Y
LP003881,Male,No,1,Graduate,,7359,0.0,,360,1.0,Semiurban,Y
LP003882,Female,No,0,Graduate,Yes,2962,2049.79,18,360,0.0,Rural,N
LP003883,Male,Yes,0,Graduate,Yes,7784,793.7,28,360,1.0,Urban,Y
LP003884,Male,Yes,0,Graduate,No,9777,963.82,32,360,1.0,Rural,Y
LP003885,Female,Yes,0,Graduate,No,16239,0.0,68,360,0.0,Urban,N
LP003886,Male,Yes,0,Graduate,,12256,0.0,36,360,0.0,Semiurban,N
LP003887,Female,Yes,3+,Graduate,No,17645,0.0,69,360,1.0,Semiurban,Y
LP003888,Female,Yes,2,Graduate,No,15471,9972.88,104,360,1.0,Urban,Y
LP003889,Female,No,1,Graduate,No,12848,2052.93,55,360,1.0,Semiurban,Y
LP003890,Male,Yes,0,Not Graduate,No,6292,2319.24,13,36,,Semiurban,Y
LP003891,Male,No,3+,Graduate,No,8344,1011.42,34,36,1.0,Semiurban,Y
LP003892,Male,No,2,Graduate,No,4104,2137.45,23,300,1.0,Semiurban,Y
LP003893,Male,No,2,Not Graduate,No,6114,2106.82,27,360,0.0,Urban,Y
LP003894,Male,Yes,0,Graduate,No,9702,0.0,22,360,1.0,Urban,Y
LP003895,Female,Yes,0,Not Graduate,,4646,0.0,9,360,1.0,Semiurban,Y
LP003896,Male,Yes,2,Graduate,No,4748,3715.95,27,360,0.0,Semiurban,N
LP003897,Male,Yes,0,Graduate,No,15504,4159.32,69,60,1.0,Semiurban,Y
LP003898,Male,Yes,0,Not Graduate,No,7570,0.0,31,360,0.0,Urban,N
LP003899,Male,Yes,0,Not Graduate,No,15099,0.0,33,84,1.0,Urban,Y
LP003900,Male,Yes,0,Graduate,Yes,10471,0.0,21,360,1.0,Semiurban,Y
LP003901,Male,Yes,0,Graduate,Yes,13970,0.0,50,120,1.0,Rural,Y
LP003902,Female,No,,Graduate,No,11375,2673.01,62,60,1.0,Semiurban,Y
LP003903,Male,No,1,Graduate,No,5569,2290.95,15,360,1.0,Semiurban,Y
LP003904,Male,Yes,0,Not Graduate,No,4921,4556.87,18,120,1.0,Semiurban,Y
LP003905,Male,No,0,Graduate,No,6100,0.0,25,36,1.0,Semiurban,Y
LP003906,Male,Yes,3+,Not Graduate,No,4052,0.0,9,360,1.0,Rural,Y
LP003907,Female,Yes,0,Graduate,No,16172,3193.83,47,360,1.0,Urban,Y
LP003908,Female,No,0,Graduate,No,6541,0.0,29,300,1.0,Rural,Y
LP003909,Male,Yes,0,Graduate,No,9275,0.0,35,360,1.0,Urban,Y
LP003910,,Yes,0,Graduate,No,4211,0.0,9,360,1.0,Urban,Y
LP003911,Male,Yes,1,Graduate,,10831,0.0,46,180,1.0,Urban,Y
LP003912,Male,Yes,0,Graduate,No,6644,0.0,26,360,1.0,Urban,Y
LP003913,Female,,2,Not Graduate,No,10973,0.0,48,360,0.0,Urban,N
LP003914,Male,Yes,,Not Graduate,No,4557,0.0,10,360,1.0,Urban,Y
LP003915,Male,Yes,3+,Graduate,No,13728,0.0,45,360,1.0,Urban,Y
LP003916,Male,Yes,1,Graduate,No,11443,1537.81,30,360,1.0,Urban,Y
LP003917,Male,Yes,0,Graduate,No,6516,0.0,16,360,1.0,Urban,Y
LP003918,Male,Yes,0,Graduate,No,14306,0.0,47,360,1.0,Semiurban,Y
LP003919,Male,No,0,Graduate,No,12091,0.0,29,360,1.0,Rural,Y
LP003920,Male,No,3+,Graduate,No,8893,4723.71,33,360,1.0,Semiurban,Y
LP003921,Male,Yes,2,Not Graduate,Yes,4007,2064.29,17,84,,Urban,Y
LP003922,Female,No,0,Graduate,No,9443,3067.14,17,360,1.0,Semiurban,Y
LP003923,Male,Yes,0,Not Graduate,No,6413,0.0,,360,0.0,Semiurban,N
LP003924,Female,Yes,3+,Graduate,No,7062,0.0,27,360,,Urban,Y
LP003925,Male,Yes,1,Graduate,No,7937,2717.9,28,360,0.0,Semiurban,N
LP003926,Male,Yes,0,Graduate,No,7626,0.0,27,180,1.0,Semiurban,Y
LP003927,Male,No,0,Not Graduate,No,3723,0.0,16,360,1.0,Semiurban,Y
LP003928,Female,No,0,Graduate,No,3479,0.0,9,360,1.0,Semiurban,Y
LP003929,Male,Yes,1,Graduate,No,4549,0.0,16,360,1.0,Semiurban,Y
LP003930,Female,Yes,1,Graduate,No,7881,0.0,10,120,1.0,Urban,Y
LP003931,Male,Yes,2,Not Graduate,No,2447,783.32,14,360,1.0,Urban,Y
LP003932,Male,Yes,0,Graduate,No,10398,1461.48,18,360,1.0,Rural,Y
LP003933,Male,Yes,1,Graduate,No,9458,0.0,35,360,,Semiurban,Y
LP003934,Male,No,0,Graduate,No,6398,2428.75,23,60,,Semiurban,Y
LP003935,Male,No,2,Graduate,No,11398,3323.47,47,360,1.0,Rural,N
LP003936,Male,No,0,Graduate,No,6504,3068.32,29,84,0.0,Semiurban,N
LP003937,Male,Yes,2,Graduate,No,9117,0.0,22,360,1.0,Urban,Y
LP003938,Male,Yes,0,Not Graduate,No,2817,0.0,12,360,1.0,Rural,Y
LP003939,Male,Yes,1,Graduate,No,4080,0.0,9,360,1.0,Urban,Y
LP003940,Male,No,2,Not Graduate,No,5067,7166.15,22,360,0.0,Semiurban,Y
LP003941,Male,Yes,2,Graduate,No,9134,1820.2,45,300,0.0,Semiurban,N
LP003942,Male,Yes,0,Graduate,No,11491,0.0,23,360,1.0,Urban,Y
LP003943,Male,Yes,1,Graduate,Yes,7218,1942.2,12,360,1.0,Urban,Y
LP003944,Male,No,0,Graduate,No,7998,0.0,12,360,1.0,Semiurban,Y
LP003945,Male,No,0,Graduate,No,10177,2545.39,28,360,1.0,Semiurban,Y
LP003946,Female,No,2,Not Graduate,Yes,4552,0.0,18,360,1.0,Urban,Y
LP003947,Male,Yes,2,Graduate,No,9790,0.0,32,360,1.0,Urban,Y
LP003948,Male,No,,Graduate,No,4796,0.0,9,180,1.0,Semiurban,Y
LP003949,Female,Yes,3+,Graduate,Yes,3819,0.0,10,180,1.0,Rural,Y
LP003950,Male,Yes,0,Not Graduate,No,4867,2982.23,24,360,1.0,Rural,N
LP003951,Male,Yes,3+,Not Graduate,Yes,9123,2761.8,45,60,1.0,Semiurban,Y
LP003952,Female,Yes,2,Graduate,Yes,5207,0.0,15,360,,Semiurban,Y
LP003953,Female,Yes,3+,Not Graduate,No,7762,0.0,17,360,1.0,Semiurban,Y
LP003954,Male,No,2,Graduate,No,4953,0.0,22,360,0.0,Urban,Y
LP003955,Male,Yes,3+,Graduate,No,6265,0.0,11,120,1.0,Urban,Y
LP003956,Male,Yes,1,Not Graduate,No,6982,0.0,30,360,1.0,Urban,Y
LP003957,Female,No,0,Graduate,No,4792,7240.22,20,360,1.0,Rural,Y
LP003958,Female,No,0,Graduate,No,5145,3161.97,23,360,0.0,Semiurban,Y
LP003959,Male,Yes,2,Graduate,No,3827,1891.02,9,360,1.0,Urban,Y
LP003960,Male,Yes,0,Graduate,No,10931,0.0,45,360,1.0,Semiurban,Y
LP003961,Male,Yes,3+,Graduate,No,7377,3231.23,28,12,1.0,Urban,Y
LP003962,Male,Yes,0,Graduate,No,5587,6492.2,49,240,1.0,Semiurban,Y
LP003963,Male,No,2,Graduate,No,17058,879.86,69,360,1.0,Semiurban,Y
LP003964,Male,Yes,0,Graduate,No,5861,2068.69,13,360,1.0,Rural,Y
LP003965,Male,Yes,2,Graduate,No,6407,0.0,9,360,1.0,Semiurban,Y
LP003966,Male,Yes,3+,Not Graduate,No,4059,863.84,20,360,1.0,Rural,Y
LP003967,Male,Yes,0,Graduate,No,12330,0.0,,60,1.0,Urban,Y
LP003968,,Yes,1,Graduate,No,14417,0.0,57,300,1.0,Semiurban,Y
LP003969,Male,No,0,Graduate,No,13241,812.89,47,360,1.0,Rural,Y
LP003970,Male,Yes,2,Graduate,No,13679,1601.28,56,360,1.0,Urban,Y
LP003971,Female,No,2,Graduate,No,4934,5231.81,27,360,1.0,Rural,Y
LP003972,Male,Yes,0,Graduate,No,16205,0.0,57,360,0.0,Rural,Y
LP003973,Male,No,0,Graduate,No,6670,0.0,28,84,1.0,Semiurban,Y
LP003974,Male,Yes,0,Graduate,No,4747,1623.79,22,360,1.0,Urban,Y
LP003975,Male,Yes,0,Graduate,No,6605,3918.5,44,360,1.0,Urban,Y
LP003976,Male,Yes,2,Graduate,Yes,8776,827.93,17,360,,Semiurban,Y
LP003977,Male,Yes,0,Graduate,No,6137,0.0,23,360,1.0,Rural,Y
LP003978,Male,No,,Not Graduate,Yes,6167,0.0,17,360,1.0,Urban,Y
LP003979,Male,No,3+,Graduate,No,9081,0.0,11,360,1.0,Urban,Y
LP003980,Male,Yes,3+,Graduate,No,9087,0.0,29,360,1.0,Urban,Y
LP003981,Male,Yes,,Graduate,No,10081,885.16,35,12,1.0,Semiurban,Y
LP003982,Male,Yes,0,Graduate,No,7211,0.0,32,300,1.0,Rural,Y
LP003983,Male,Yes,2,Graduate,No,5976,0.0,19,360,1.0,Semiurban,Y
LP003984,Male,No,1,Graduate,No,4334,0.0,9,360,0.0,Semiurban,N
LP003985,Male,Yes,3+,Not Graduate,No,5961,0.0,26,360,1.0,Semiurban,Y
LP003986,Male,No,0,Graduate,No,5860,0.0,12,300,1.0,Semiurban,Y
LP003987,Male,Yes,0,Graduate,No,7377,0.0,25,360,,Semiurban,N
LP003988,Male,No,3+,Graduate,No,3718,3678.89,22,240,0.0,Urban,N
LP003989,Female,Yes,2,Graduate,No,3976,2278.78,14,240,1.0,Urban,Y
LP003990,Female,Yes,0,Graduate,No,8674,4040.99,30,360,1.0,Rural,Y
LP003991,Female,No,1,Graduate,No,3342,2145.3,18,360,1.0,Semiurban,Y
LP003992,Male,Yes,0,Graduate,No,7185,1364.58,34,300,1.0,Urban,Y
LP003993,Male,Yes,0,Graduate,No,5785,1293.24,,360,1.0,Semiurban,Y
LP003994,Male,Yes,0,Not Graduate,No,4173,0.0,18,360,1.0,Semiurban,Y
LP003995,Male,Yes,0,Graduate,No,7972,0.0,11,180,1.0,Urban,Y
LP003996,Male,No,0,Not Graduate,No,5799,0.0,9,300,1.0,Semiurban,Y
LP003997,Male,No,0,Graduate,No,9121,2093.06,19,360,0.0,Urban,N
LP003998,Male,Yes,0,Graduate,No,5337,1034.65,28,360,1.0,Rural,Y
LP003999,Male,No,0,Graduate,No,5190,0.0,9,360,1.0,Semiurban,Y
LP004000,Male,,0,Graduate,No,12442,1055.42,46,120,1.0,Rural,Y
LP004001,Male,No,1,Graduate,No,6595,2958.59,41,360,1.0,Rural,Y
LP004002,Male,Yes,1,Not Graduate,No,7421,0.0,22,360,1.0,Rural,Y
LP004003,Female,Yes,1,Not Graduate,No,4147,3687.34,9,240,1.0,Semiurban,Y
LP004004,Male,Yes,0,Graduate,No,9258,2066.51,13,360,1.0,Urban,Y
LP004005,Male,Yes,0,Graduate,No,3904,0.0,13,360,1.0,Rural,Y
LP004006,Male,No,2,Graduate,No,12106,0.0,28,360,1.0,Rural,Y
LP004007,Male,Yes,2,Not Graduate,Yes,5039,0.0,13,60,1.0,Rural,Y
LP004008,Male,Yes,3+,Graduate,No,5123,0.0,9,300,1.0,Rural,Y
LP004009,Male,No,3+,Graduate,No,4898,5915.23,44,300,1.0,Semiurban,Y
LP004010,Male,Yes,1,Graduate,No,6995,0.0,29,360,1.0,Semiurban,Y
LP004011,Male,Yes,2,Graduate,,7399,0.0,22,120,1.0,Rural,Y
LP004012,Male,,0,Graduate,No,7649,0.0,20,360,1.0,Urban,Y
LP004013,Female,No,2,Graduate,No,3902,0.0,9,360,1.0,Rural,Y
LP004014,Male,Yes,3+,Graduate,No,11089,1211.76,20,36,1.0,Rural,Y
LP004015,Male,No,2,Graduate,No,5888,0.0,25,300,1.0,Semiurban,Y
LP004016,Male,No,0,Graduate,No,5782,6834.17,34,180,1.0,Semiurban,Y
LP004017,Male,No,0,Graduate,No,6590,3291.58,,360,1.0,Semiurban,Y
LP004018,Male,Yes,,Graduate,No,10115,2025.59,45,120,1.0,Rural,Y
LP004019,Male,No,0,Graduate,No,7115,1700.86,38,360,,Urban,Y
LP004020,Female,No,2,Graduate,No,5049,0.0,10,360,1.0,Urban,Y
LP004021,Male,Yes,1,Not Graduate,No,5347,0.0,18,300,0.0,Semiurban,N
LP004022,,No,0,Graduate,No,12513,0.0,56,360,1.0,Rural,Y
LP004023,Male,No,1,Graduate,No,11557,0.0,16,360,0.0,Semiurban,N
LP004024,Female,Yes,0,Graduate,No,8121,0.0,31,360,0.0,Semiurban,Y
LP004025,Female,No,0,Not Graduate,No,5373,1204.82,18,84,,Urban,Y
LP004026,Female,Yes,0,Graduate,No,21695,0.0,72,240,1.0,Semiurban,Y
LP004027,Male,No,0,Graduate,No,8790,0.0,14,240,1.0,Rural,Y
LP004028,Male,No,1,Graduate,No,7777,2304.61,17,360,1.0,Semiurban,Y
LP004029,Male,Yes,1,Graduate,No,7153,1420.19,25,360,0.0,Semiurban,N
LP004030,Female,Yes,2,Not Graduate,No,6588,0.0,12,360,0.0,Semiurban,N
LP004031,Male,Yes,0,Graduate,No,3590,0.0,11,300,1.0,Semiurban,Y
LP004032,Male,No,1,Graduate,No,11405,992.67,16,84,,Semiurban,N
LP004033,Male,Yes,0,Graduate,No,5091,0.0,19,360,1.0,Rural,Y
LP004034,Male,No,0,Not Graduate,No,3994,0.0,9,60,1.0,Semiurban,Y
LP004035,Male,Yes,1,Not Graduate,No,3421,0.0,12,360,0.0,Semiurban,N
LP004036,Male,Yes,1,Graduate,No,5959,0.0,9,360,1.0,Semiurban,Y
LP004037,Male,No,3+,Graduate,Yes,6307,4499.93,41,360,1.0,Rural,Y
LP004038,Female,Yes,0,Graduate,No,10380,0.0,10,180,1.0,Urban,Y
LP004039,Male,Yes,2,Graduate,No,13451,0.0,21,300,1.0,Urban,Y
LP004040,Female,Yes,0,Graduate,No,17751,2841.03,44,360,1.0,Semiurban,Y
LP004041,Male,Yes,0,Graduate,No,8025,0.0,29,36,1.0,Rural,Y
LP004042,Female,Yes,2,Graduate,No,6309,0.0,9,360,1.0,Semiurban,Y
LP004043,Male,Yes,1,Graduate,No,10645,0.0,38,360,1.0,Semiurban,Y
LP004044,Female,Yes,2,Graduate,No,4943,0.0,9,360,1.0,Semiurban,Y
LP004045,Male,Yes,2,Graduate,No,5553,0.0,24,360,,Urban,Y
LP004046,Male,Yes,0,Not Graduate,Yes,5242,1758.69,14,180,1.0,Rural,Y
LP004047,Male,Yes,3+,Graduate,No,7615,0.0,11,36,1.0,Semiurban,Y
LP004048,Male,Yes,3+,Graduate,Yes,4222,0.0,14,360,1.0,Rural,Y
LP004049,Male,No,0,Graduate,No,11622,0.0,22,180,0.0,Rural,N
LP004050,Male,Yes,0,Graduate,No,8476,4356.79,37,36,1.0,Semiurban,Y
LP004051,Female,Yes,0,Graduate,No,9934,0.0,36,360,1.0,Urban,Y
LP004052,Male,Yes,2,Graduate,No,4715,3717.26,32,360,1.0,Urban,Y
LP004053,Male,No,3+,Graduate,No,5597,0.0,9,120,1.0,Urban,N
LP004054,Male,No,2,Graduate,Yes,5498,0.0,9,360,1.0,Rural,Y
LP004055,Female,No,0,Graduate,No,5851,0.0,11,84,1.0,Rural,Y
LP004056,Female,No,0,Graduate,No,6316,0.0,15,360,1.0,Semiurban,N
LP004057,Male,Yes,0,Graduate,Yes,11081,5921.94,61,360,1.0,Rural,Y
LP004058,Female,No,0,Graduate,Yes,6714,0.0,19,360,1.0,Urban,Y
LP004059,Male,,0,Graduate,No,5950,3644.31,39,360,1.0,Urban,Y
LP004060,Female,No,0,Graduate,No,19762,1682.51,73,84,1.0,Urban,Y
LP004061,Female,No,0,Graduate,Yes,5690,5571.94,35,360,1.0,Rural,Y
LP004062,Male,No,0,Not Graduate,No,3652,0.0,10,120,1.0,Urban,Y
LP004063,Male,Yes,2,Graduate,No,4385,0.0,10,360,1.0,Urban,Y
LP004064,Male,No,0,Not Graduate,No,5988,0.0,13,84,1.0,Urban,Y
LP004065,Male,Yes,0,Graduate,No,10238,0.0,16,180,1.0,Semiurban,Y
LP004066,Female,Yes,1,Graduate,No,4480,0.0,9,60,1.0,Semiurban,Y
LP004067,Male,Yes,3+,Graduate,No,9950,0.0,41,360,1.0,Urban,Y
LP004068,Male,Yes,2,Graduate,No,7967,0.0,31,360,1.0,Rural,Y
LP004069,Female,No,,Not Graduate,Yes,1695,1019.0,9,360,1.0,Rural,Y
LP004070,Male,Yes,2,Graduate,No,9953,0.0,17,360,1.0,Urban,Y
LP004071,Male,Yes,1,Graduate,No,6992,0.0,26,360,1.0,Rural,N
LP004072,Male,Yes,1,Not Graduate,No,3800,0.0,11,360,1.0,Rural,Y
LP004073,Male,No,0,Not Graduate,No,9526,0.0,11,300,1.0,Rural,Y
LP004074,Male,No,0,Not Graduate,No,9427,0.0,36,360,1.0,Urban,Y
LP004075,Male,No,0,Graduate,Yes,4768,0.0,17,360,1.0,Rural,Y
LP004076,Male,Yes,0,Graduate,No,8660,2056.96,21,300,,Semiurban,Y
LP004077,Male,No,0,Graduate,No,7852,0.0,28,300,1.0,Urban,Y
LP004078,Male,No,0,Graduate,No,7018,0.0,28,300,1.0,Rural,Y
LP004079,Male,Yes,0,Graduate,No,6406,0.0,20,240,0.0,Urban,N
LP004080,Male,Yes,1,Graduate,No,7296,0.0,26,360,1.0,Rural,N
LP004081,Male,Yes,,Graduate,No,11430,1920.81,15,120,1.0,Semiurban,Y
LP004082,Male,Yes,0,Graduate,No,9082,2046.14,33,360,,Semiurban,Y
LP004083,Female,Yes,0,Graduate,No,3545,4422.01,28,120,1.0,Urban,Y
LP004084,Male,Yes,0,Graduate,Yes,4158,0.0,10,180,1.0,Rural,Y
LP004085,Male,Yes,1,Not Graduate,No,2912,0.0,9,84,1.0,Urban,Y
LP004086,Female,Yes,0,Graduate,No,4175,0.0,12,360,1.0,Rural,Y
LP004087,Male,Yes,0,Graduate,No,5924,2747.91,29,360,0.0,Semiurban,Y
LP004088,Male,No,0,Graduate,No,6045,2198.56,31,360,1.0,Urban,Y
LP004089,Male,Yes,0,Graduate,No,7525,0.0,29,360,1.0,Semiurban,Y
LP004090,Male,Yes,0,Graduate,No,7615,0.0,26,240,1.0,Rural,Y
LP004091,Male,No,,Not Graduate,No,5573,1015.08,29,360,1.0,Rural,Y
LP004092,Female,Yes,,Graduate,No,11761,2675.14,41,360,1.0,Urban,Y
LP004093,Female,Yes,3+,Graduate,No,3797,2511.54,16,360,1.0,Urban,Y
LP004094,Male,Yes,1,Graduate,No,8805,0.0,18,360,0.0,Urban,N
LP004095,Male,Yes,0,Graduate,No,8787,0.0,12,360,1.0,Rural,Y
LP004096,Male,Yes,0,Graduate,No,5103,0.0,9,84,1.0,Urban,Y
LP004097,Male,Yes,2,Graduate,No,9570,0.0,,240,1.0,Urban,Y
LP004098,Male,Yes,0,Graduate,No,8945,0.0,24,360,1.0,Semiurban,Y
LP004099,Male,Yes,3+,Graduate,No,7588,0.0,34,60,0.0,Rural,Y
LP004100,Female,No,0,Graduate,No,2652,2432.29,18,300,1.0,Urban,Y
LP004101,Male,Yes,0,Graduate,No,11562,6596.28,74,240,0.0,Rural,N
LP004102,Male,Yes,0,Graduate,No,8430,3300.21,19,120,0.0,Urban,N
LP004103,Male,Yes,3+,Graduate,No,9061,1271.46,11,360,1.0,Semiurban,Y
LP004104,Male,No,3+,Graduate,No,2942,3159.99,9,120,1.0,Semiurban,Y
LP004105,Female,No,2,Graduate,No,5072,4190.34,25,360,0.0,Rural,N
LP004106,Male,No,0,Graduate,No,4379,945.05,9,360,1.0,Rural,Y
LP004107,Male,Yes,2,Graduate,No,13479,0.0,22,12,1.0,Urban,Y
LP004108,Female,Yes,0,Graduate,No,4532,0.0,9,120,,Semiurban,Y
LP004109,Female,No,0,Not Graduate,No,11938,1055.41,45,300,1.0,Urban,Y
LP004110,Male,Yes,1,Graduate,Yes,11505,2092.33,58,120,1.0,Urban,Y
LP004111,Male,No,3+,Graduate,No,7912,0.0,11,180,1.0,Rural,Y
LP004112,Female,Yes,,Graduate,Yes,11713,0.0,,360,0.0,Semiurban,N
LP004113,Female,Yes,0,Graduate,No,4788,5201.58,21,180,1.0,Rural,Y
LP004114,Male,Yes,0,Graduate,Yes,5905,0.0,19,360,1.0,Urban,Y
LP004115,Female,Yes,0,Graduate,Yes,10547,0.0,24,360,1.0,Rural,Y
LP004116,Male,No,0,Graduate,No,5096,0.0,10,240,0.0,Rural,N
LP004117,,Yes,2,Graduate,Yes,5018,0.0,9,180,1.0,Semiurban,Y
LP004118,Female,Yes,0,Graduate,No,6053,3737.62,25,36,1.0,Urban,Y
LP004119,Male,Yes,1,Graduate,No,5694,2418.15,9,36,1.0,Rural,Y
LP004120,Male,No,0,Graduate,No,17351,0.0,55,360,1.0,Rural,Y
LP004121,Female,Yes,0,Graduate,No,9826,0.0,,360,1.0,Urban,Y
LP004122,Female,No,,Graduate,Yes,4978,0.0,21,180,0.0,Rural,N
LP004123,Female,No,0,Not Graduate,No,2695,1760.42,9,300,1.0,Rural,Y
LP004124,Male,Yes,0,Graduate,No,8822,2448.18,43,120,1.0,Urban,Y
LP004125,Female,No,1,Graduate,No,11521,842.74,34,360,0.0,Semiurban,N
LP004126,Male,No,3+,Not Graduate,No,6652,0.0,12,360,1.0,Semiurban,Y
LP004127,Male,Yes,0,Graduate,No,5577,1578.47,9,360,1.0,Semiurban,Y
LP004128,Male,Yes,1,Graduate,No,4875,2681.87,19,360,1.0,Rural,Y
LP004129,Female,Yes,3+,Graduate,No,5917,0.0,23,360,1.0,Rural,Y
LP004130,Female,Yes,0,Graduate,No,7940,3090.75,47,360,1.0,Urban,Y
LP004131,Female,Yes,2,Graduate,No,5706,2758.36,22,12,0.0,Semiurban,N
LP004132,Male,No,3+,Not Graduate,Yes,9796,2307.66,44,360,1.0,Semiurban,Y
LP004133,Male,Yes,2,Graduate,No,9543,0.0,16,360,1.0,Semiurban,Y
LP004134,Male,Yes,0,Graduate,Yes,8466,3380.54,42,360,1.0,Rural,Y
LP004135,Male,Yes,1,Graduate,No,9463,2141.26,12,360,0.0,Semiurban,Y
LP004136,Male,No,0,Not Graduate,No,2935,0.0,9,360,1.0,Urban,Y
LP004137,Male,Yes,1,Not Graduate,Yes,4944,0.0,18,360,1.0,Semiurban,Y
LP004138,Female,Yes,3+,Not Graduate,No,3132,0.0,9,120,1.0,Rural,Y
LP004139,Male,Yes,0,Graduate,No,8989,0.0,12,360,0.0,Urban,N
LP004140,Female,Yes,2,Graduate,No,4657,0.0,20,84,1.0,Semiurban,Y
LP004141,Male,Yes,0,Graduate,No,7962,0.0,16,240,1.0,Rural,Y
LP004142,Male,No,0,Not Graduate,No,5252,2339.13,9,180,1.0,Rural,Y
LP004143,Male,Yes,1,Graduate,No,9844,2993.91,31,360,1.0,Semiurban,Y
LP004144,Male,No,2,Not Graduate,No,3197,0.0,10,360,0.0,Urban,N
LP004145,Male,Yes,0,Graduate,No,9244,1907.82,26,360,1.0,Semiurban,Y
LP004146,Male,No,2,Not Graduate,No,3387,4086.12,31,360,1.0,Semiurban,Y
LP004147,Male,Yes,0,Graduate,No,5555,1077.04,11,360,1.0,Semiurban,Y
LP004148,Male,Yes,3+,Not Graduate,No,5811,0.0,17,360,1.0,Urban,N
LP004149,Male,Yes,1,Graduate,No,12862,0.0,17,120,1.0,Semiurban,Y
LP004150,Male,Yes,2,Graduate,No,5766,808.38,9,360,1.0,Semiurban,Y
LP004151,Male,Yes,0,Graduate,No,4491,2334.02,11,300,,Rural,Y
LP004152,Male,Yes,0,Not Graduate,Yes,4087,1293.43,9,240,1.0,Rural,Y
LP004153,Male,Yes,3+,Graduate,No,6700,1172.23,26,360,1.0,Urban,Y
LP004154,Male,No,0,Graduate,No,17384,10174.95,109,180,0.0,Urban,Y
LP004155,Male,Yes,0,Not Graduate,No,7504,3288.36,43,360,1.0,Semiurban,Y
LP004156,Male,No,2,Not Graduate,Yes,3927,0.0,12,360,1.0,Semiurban,Y
LP004157,Female,Yes,,Graduate,No,6515,0.0,15,360,1.0,Urban,Y
LP004158,Male,Yes,2,Not Graduate,No,13914,1265.5,29,360,1.0,Rural,Y
LP004159,Male,Yes,1,Graduate,No,7054,2228.26,18,360,1.0,Rural,Y
LP004160,Male,Yes,3+,Graduate,No,7085,0.0,18,360,1.0,Rural,Y
LP004161,Male,Yes,0,Graduate,No,6653,846.96,24,360,1.0,Semiurban,Y
LP004162,Male,No,1,Not Graduate,No,8262,6536.86,,360,,Rural,Y
LP004163,Female,No,2,Graduate,Yes,5085,2323.48,27,360,0.0,Semiurban,Y
LP004164,Male,Yes,1,Graduate,No,11094,0.0,16,360,0.0,Semiurban,N
LP004165,Male,Yes,0,Graduate,No,12099,2611.65,20,480,1.0,Urban,N
LP004166,Male,Yes,0,Graduate,No,9901,1143.39,49,300,1.0,Urban,Y
LP004167,Male,Yes,0,Not Graduate,No,5596,0.0,11,360,1.0,Urban,N
LP004168,Male,Yes,2,Graduate,No,4923,5681.99,46,240,1.0,Rural,Y
LP004169,Male,Yes,0,Not Graduate,No,5596,0.0,11,36,1.0,Semiurban,Y
LP004170,Male,Yes,2,Graduate,No,6090,0.0,9,360,1.0,Rural,Y
LP004171,Female,Yes,,Not Graduate,No,3579,2583.57,,360,0.0,Semiurban,N
LP004172,Male,No,0,Graduate,No,6557,2217.76,14,360,1.0,Urban,Y
LP004173,Female,Yes,1,Graduate,No,8552,0.0,35,12,1.0,Semiurban,Y
LP004174,Male,Yes,0,Graduate,Yes,6182,8501.55,36,84,1.0,Urban,Y
LP004175,Female,No,0,Not Graduate,No,2154,1623.66,9,360,1.0,Rural,Y
LP004176,Male,No,0,Graduate,No,5064,1492.72,15,360,1.0,Urban,Y
LP004177,Male,Yes,0,Graduate,No,16350,0.0,22,360,1.0,Urban,Y
LP004178,Female,Yes,2,Graduate,No,8831,0.0,28,240,1.0,Semiurban,Y
LP004179,Male,No,0,Graduate,No,5066,0.0,9,360,,Rural,N
LP004180,Female,Yes,0,Graduate,No,12650,2185.07,48,360,1.0,Semiurban,Y
LP004181,Female,Yes,0,Graduate,No,6255,2620.09,21,360,1.0,Urban,Y
LP004182,Male,Yes,2,Graduate,No,22079,2871.36,99,180,1.0,Rural,Y
LP004183,Male,Yes,1,Graduate,No,8551,2024.84,,480,1.0,Urban,Y
LP004184,Male,No,0,Graduate,No,9200,0.0,37,360,1.0,Semiurban,Y
LP004185,Female,No,3+,Not Graduate,Yes,8122,0.0,9,360,1.0,Semiurban,Y
LP004186,Female,No,0,Graduate,Yes,13487,3242.32,59,360,1.0,Urban,Y
LP004187,Male,No,0,Not Graduate,No,4576,0.0,13,360,1.0,Semiurban,Y
LP004188,Male,Yes,0,Not Graduate,No,12681,2014.73,23,180,1.0,Urban,Y
LP004189,Male,No,1,Graduate,No,5680,0.0,9,360,1.0,Urban,Y
LP004190,Male,No,2,Graduate,Yes,6256,6346.93,45,360,1.0,Semiurban,Y
LP004191,Male,Yes,0,Not Graduate,No,6241,0.0,14,360,1.0,Urban,N
LP004192,,Yes,2,Graduate,No,10537,1718.14,15,360,0.0,Urban,N
LP004193,Male,Yes,1,Graduate,No,6831,4424.32,38,360,1.0,Semiurban,Y
LP004194,Female,Yes,2,Not Graduate,No,13732,0.0,27,360,1.0,Rural,Y
LP004195,Male,Yes,3+,Not Graduate,No,12192,0.0,24,180,,Rural,N
LP004196,Male,Yes,2,Graduate,No,7832,0.0,10,360,1.0,Rural,Y
LP004197,Male,Yes,0,Graduate,No,5552,0.0,,180,1.0,Semiurban,N
LP004198,Female,Yes,0,Graduate,No,10961,3912.29,62,180,1.0,Semiurban,Y
LP004199,Male,Yes,3+,Graduate,Yes,4197,3631.48,31,360,0.0,Semiurban,N
LP004200,Male,Yes,1,Graduate,No,10467,2602.94,28,84,1.0,Rural,Y
LP004201,Male,Yes,0,Graduate,No,5798,2566.51,17,180,1.0,Semiurban,Y
LP004202,Female,No,3+,Graduate,No,11943,0.0,48,360,1.0,Rural,Y
LP004203,Male,Yes,2,Graduate,No,4939,0.0,17,300,1.0,Semiurban,Y
LP004204,Male,Yes,1,Graduate,Yes,6103,0.0,10,360,,Urban,Y
LP004205,Female,Yes,2,Graduate,Yes,8392,0.0,34,180,1.0,Rural,Y
LP004206,Female,No,0,Not Graduate,No,7051,0.0,29,360,1.0,Urban,Y
LP004207,Male,Yes,2,Graduate,No,6175,0.0,13,360,1.0,Rural,Y
LP004208,Male,Yes,3+,Not Graduate,No,5326,0.0,,360,1.0,Semiurban,Y
LP004209,Male,Yes,0,Graduate,No,11504,3184.23,48,360,1.0,Semiurban,Y
LP004210,Male,No,0,Not Graduate,No,9791,0.0,,360,0.0,Semiurban,N
LP004211,Male,No,2,Graduate,No,6279,0.0,14,300,1.0,Urban,Y
LP004212,Male,Yes,0,Graduate,No,6214,0.0,14,36,1.0,Rural,Y
LP004213,Male,Yes,0,Not Graduate,No,3461,0.0,9,360,0.0,Urban,N
LP004214,Male,Yes,,Graduate,No,8522,0.0,16,360,0.0,Semiurban,N
LP004215,Male,Yes,0,Graduate,No,10803,0.0,31,360,,Urban,N
LP004216,Male,No,0,Not Graduate,Yes,6181,0.0,17,180,1.0,Rural,Y
LP004217,Male,No,2,Not Graduate,No,3621,0.0,9,360,0.0,Rural,N
LP004218,Male,No,1,Graduate,No,16655,1196.62,73,240,,Urban,Y
LP004219,Female,No,1,Not Graduate,Yes,1500,0.0,9,360,1.0,Rural,Y
LP004220,Male,,0,Graduate,No,11124,7413.51,75,180,1.0,Rural,Y
LP004221,Male,No,0,Graduate,Yes,7897,12912.5,59,360,0.0,Urban,Y
LP004222,Male,Yes,0,Graduate,,9310,0.0,25,360,0.0,Rural,N
LP004223,Male,Yes,2,Graduate,No,5865,0.0,23,360,1.0,Urban,Y
LP004224,,No,3+,Graduate,No,6785,0.0,17,300,1.0,Rural,Y
LP004225,Male,Yes,0,Graduate,No,8660,1358.57,20,360,1.0,Semiurban,Y
LP004226,Female,No,3+,Graduate,No,6168,3736.04,15,300,1.0,Rural,Y
LP004227,Male,No,0,Graduate,No,3975,0.0,13,360,,Semiurban,Y
LP004228,Male,No,0,Graduate,No,16032,0.0,62,36,,Semiurban,Y
LP004229,Male,No,2,Graduate,Yes,9559,2709.39,34,360,1.0,Rural,Y
LP004230,Male,Yes,0,Graduate,No,7817,1467.83,18,360,1.0,Rural,Y
LP004231,Female,Yes,3+,Graduate,Yes,7215,2085.76,39,360,0.0,Semiurban,N
LP004232,Male,No,0,Graduate,No,15797,0.0,51,360,0.0,Semiurban,N
LP004233,Female,Yes,2,Graduate,No,5147,3965.82,,360,1.0,Semiurban,Y
LP004234,Female,No,0,Not Graduate,No,2749,0.0,10,360,1.0,Urban,Y
LP004235,Male,Yes,0,Not Graduate,No,9484,0.0,20,180,1.0,Urban,Y
LP004236,Male,Yes,0,Graduate,No,9287,2839.26,43,360,1.0,Urban,Y
LP004237,Male,Yes,3+,Graduate,No,5481,0.0,12,360,1.0,Urban,Y
LP004238,Female,No,1,Graduate,No,10944,0.0,20,240,1.0,Rural,Y
LP004239,Male,No,1,Graduate,,8166,0.0,14,360,1.0,Semiurban,Y
LP004240,Male,No,0,Graduate,No,5167,0.0,21,120,0.0,Semiurban,N
LP004241,Female,Yes,0,Graduate,No,8595,1587.61,38,360,1.0,Urban,Y
LP004242,Female,Yes,0,Not Graduate,Yes,6529,0.0,11,360,1.0,Rural,N
LP004243,Male,Yes,2,Graduate,No,7461,5802.65,16,360,1.0,Urban,Y
LP004244,Male,Yes,0,Graduate,Yes,8989,2679.97,17,360,1.0,Urban,Y
LP004245,Male,Yes,0,Graduate,No,9956,2379.63,25,360,1.0,Rural,Y
LP004246,Male,Yes,1,Graduate,No,11305,0.0,35,84,1.0,Urban,Y
LP004247,Female,Yes,1,Graduate,No,7241,2702.44,33,300,1.0,Rural,Y
LP004248,Male,Yes,0,Graduate,No,6978,4569.64,16,360,1.0,Semiurban,Y
LP004249,Male,Yes,0,Graduate,No,8472,2587.61,28,300,0.0,Rural,N
LP004250,Female,No,0,Graduate,,11541,3369.06,42,300,1.0,Urban,Y
LP004251,Male,Yes,1,Graduate,No,9972,6332.26,31,300,1.0,Semiurban,Y
LP004252,Male,Yes,0,Graduate,,6839,0.0,24,120,0.0,Semiurban,N
LP004253,Male,No,1,Graduate,No,7381,0.0,22,120,,Semiurban,Y
LP004254,Male,No,0,Graduate,No,15651,0.0,55,240,0.0,Rural,N
LP004255,Female,No,3+,Graduate,No,9204,0.0,31,84,1.0,Urban,Y
LP004256,Male,Yes,3+,Graduate,No,8183,2185.23,42,360,1.0,Semiurban,Y
LP004257,Male,Yes,0,Graduate,No,12542,3860.16,55,180,1.0,Urban,Y
LP004258,Male,No,0,Graduate,No,5848,0.0,22,84,0.0,Rural,N
LP004259,Female,Yes,0,Not Graduate,No,6486,0.0,18,360,,Rural,Y
LP004260,Male,Yes,2,Graduate,Yes,17944,0.0,32,360,0.0,Urban,Y
LP004261,Female,No,0,Graduate,No,8774,2444.69,14,360,1.0,Urban,Y
LP004262,Female,Yes,1,Graduate,No,14997,2319.93,46,480,1.0,Rural,Y
LP004263,Male,No,0,Graduate,No,6973,0.0,26,360,0.0,Rural,N
LP004264,Female,No,0,Graduate,No,5193,0.0,15,360,1.0,Semiurban,Y
LP004265,Male,Yes,,Graduate,No,12658,0.0,13,180,1.0,Semiurban,Y
LP004266,Male,No,1,Not Graduate,No,2440,0.0,9,360,1.0,Rural,Y
LP004267,Male,Yes,2,Not Graduate,No,6775,0.0,17,360,1.0,Urban,Y
LP004268,Female,No,2,Graduate,No,10622,0.0,25,360,1.0,Rural,Y
LP004269,Female,No,,Graduate,No,8387,0.0,28,120,1.0,Rural,Y
LP004270,Female,No,0,Graduate,No,2892,0.0,9,360,1.0,Rural,Y
LP004271,Female,Yes,,Graduate,No,4191,1833.61,13,360,1.0,Rural,Y
LP004272,Male,No,2,Graduate,No,6888,2174.76,26,360,1.0,Rural,Y
LP004273,Female,No,2,Graduate,No,8034,0.0,35,480,1.0,Urban,Y
LP004274,Female,Yes,3+,Graduate,No,8690,0.0,36,360,1.0,Rural,Y
LP004275,Male,Yes,0,Graduate,No,7696,0.0,17,300,1.0,Urban,Y
LP004276,Male,Yes,1,Graduate,No,10417,0.0,22,360,1.0,Semiurban,Y
LP004277,Male,No,1,Graduate,No,8687,4082.57,55,360,1.0,Semiurban,Y
LP004278,Female,Yes,0,Graduate,No,6549,0.0,26,360,1.0,Urban,Y
LP004279,Male,Yes,1,Graduate,No,9585,0.0,33,360,1.0,Semiurban,Y
LP004280,Male,No,0,Graduate,No,5632,0.0,17,360,1.0,Semiurban,Y
LP004281,Male,No,0,Graduate,No,9501,0.0,33,360,1.0,Urban,Y
LP004282,Male,No,0,Graduate,No,5256,2122.47,25,300,1.0,Semiurban,Y
LP004283,Male,Yes,2,Graduate,No,9384,0.0,36,120,1.0,Semiurban,Y
LP004284,Male,Yes,1,Graduate,No,9288,0.0,32,360,1.0,Semiurban,Y
LP004285,Female,Yes,,Graduate,No,6107,0.0,20,360,1.0,Semiurban,Y
LP004286,Male,,0,Not Graduate,No,8493,2931.2,48,360,1.0,Rural,Y
LP004287,Female,No,0,Graduate,No,13902,0.0,59,360,1.0,Rural,Y
LP004288,Male,Yes,0,Graduate,No,5465,0.0,,360,1.0,Semiurban,Y
LP004289,Female,Yes,0,Graduate,No,10712,0.0,48,360,0.0,Urban,N
LP004290,Male,Yes,0,Graduate,Yes,12232,0.0,29,360,0.0,Semiurban,N
LP004291,Male,Yes,2,Graduate,No,7140,0.0,13,300,0.0,Semiurban,N
LP004292,Male,No,0,Not Graduate,Yes,8746,904.71,16,36,1.0,Urban,Y
LP004293,Male,No,1,Graduate,No,6518,0.0,9,360,,Rural,Y
LP004294,Male,Yes,2,Graduate,No,13243,0.0,30,36,1.0,Urban,Y
LP004295,Female,Yes,0,Graduate,No,2950,0.0,12,360,1.0,Rural,Y
LP004296,Male,Yes,2,Graduate,No,14495,0.0,30,180,1.0,Urban,Y
LP004297,Male,Yes,0,Graduate,No,5321,0.0,22,360,1.0,Rural,Y
LP004298,Male,No,0,Graduate,No,7487,0.0,10,360,0.0,Urban,Y
LP004299,Male,No,0,Graduate,No,5315,0.0,9,84,0.0,Rural,N
LP004300,Male,Yes,0,Not Graduate,No,13363,1372.94,,12,1.0,Rural,Y
LP004301,Male,No,,Graduate,No,6583,0.0,19,120,0.0,Urban,N
LP004302,Male,Yes,1,Not Graduate,Yes,4850,3345.27,36,480,0.0,Urban,N
LP004303,Female,Yes,1,Not Graduate,No,10124,0.0,17,360,1.0,Semiurban,Y
LP004304,Male,Yes,0,Not Graduate,Yes,8925,545.48,20,360,1.0,Urban,Y
LP004305,Male,Yes,3+,Not Graduate,Yes,5323,3235.25,34,360,1.0,Urban,Y
LP004306,Male,Yes,0,Graduate,No,5511,0.0,15,360,1.0,Rural,N
LP004307,Male,No,0,Graduate,No,4800,0.0,10,84,,Semiurban,N
LP004308,Male,No,3+,Graduate,No,12862,0.0,31,240,1.0,Urban,Y
LP004309,Female,Yes,0,Graduate,No,8319,0.0,29,360,1.0,Semiurban,Y
LP004310,Male,Yes,0,Graduate,No,8253,0.0,18,180,1.0,Urban,Y
LP004311,Male,Yes,0,Graduate,No,9403,2315.56,38,360,1.0,Rural,Y
LP004312,Female,Yes,0,Not Graduate,No,2026,0.0,9,240,1.0,Urban,Y
LP004313,Male,Yes,2,Not Graduate,No,5345,3106.26,10,360,0.0,Semiurban,N
LP004314,Female,Yes,0,Graduate,No,6110,0.0,22,180,1.0,Urban,N
LP004315,Male,Yes,3+,Graduate,No,11655,5807.06,75,180,1.0,Rural,Y
LP004316,Male,No,0,Graduate,No,4335,0.0,,60,,Urban,Y
LP004317,Female,No,1,Graduate,No,10748,2088.54,16,480,1.0,Rural,Y
LP004318,Female,Yes,1,Graduate,Yes,16424,2096.54,58,120,1.0,Semiurban,Y
LP004319,Female,No,1,Graduate,No,3252,0.0,,360,,Rural,Y
LP004320,Male,Yes,0,Graduate,No,7764,0.0,20,360,1.0,Urban,Y
LP004321,Female,No,1,Graduate,No,8131,1283.24,40,300,1.0,Rural,Y
LP004322,Male,Yes,1,Graduate,No,11098,0.0,,360,1.0,Rural,Y
LP004323,Male,Yes,2,Graduate,No,4141,2437.04,9,300,1.0,Urban,Y
LP004324,Male,No,0,Graduate,No,8318,2741.98,11,360,0.0,Urban,N
LP004325,Male,Yes,0,Not Graduate,No,5610,5005.09,41,360,1.0,Rural,Y
LP004326,Male,Yes,1,Graduate,No,6946,1114.28,10,360,1.0,Semiurban,Y
LP004327,Male,Yes,0,Not Graduate,No,18307,4128.87,69,360,1.0,Rural,Y
LP004328,Female,Yes,0,Graduate,No,6318,0.0,26,180,1.0,Rural,Y
LP004329,Female,Yes,3+,Graduate,No,8437,0.0,9,360,1.0,Urban,Y
LP004330,Female,,0,Not Graduate,No,5072,3802.67,12,360,0.0,Urban,N
LP004331,Male,Yes,0,Graduate,Yes,8480,1976.9,,360,1.0,Semiurban,Y
LP004332,Female,Yes,1,Graduate,No,8847,900.73,19,360,1.0,Semiurban,Y
LP004333,Male,Yes,0,Graduate,No,11200,0.0,27,360,1.0,Semiurban,Y
LP004334,Male,Yes,0,Graduate,No,5883,1250.09,21,360,,Rural,N
LP004335,Female,No,0,Not Graduate,No,5386,1809.31,25,300,1.0,Semiurban,Y
LP004336,Male,No,0,Graduate,No,7801,0.0,12,360,1.0,Rural,Y
LP004337,Male,Yes,0,Not Graduate,Yes,3128,0.0,12,360,1.0,Urban,Y
LP004338,Male,Yes,2,Not Graduate,No,4073,2117.67,22,84,1.0,Semiurban,Y
LP004339,Male,Yes,0,Not Graduate,No,9687,0.0,12,360,1.0,Urban,Y
LP004340,Female,Yes,0,Graduate,No,5725,1979.74,10,120,0.0,Urban,N
LP004341,Male,Yes,1,Graduate,No,26357,2164.52,99,240,1.0,Semiurban,Y
LP004342,Male,Yes,0,Graduate,Yes,11559,0.0,,360,1.0,Rural,Y
LP004343,Male,No,0,Graduate,No,8745,0.0,22,300,0.0,Semiurban,N
LP004344,Male,Yes,0,Not Graduate,No,13464,0.0,23,360,1.0,Urban,Y
LP004345,Female,Yes,0,Graduate,No,9813,0.0,34,84,1.0,Semiurban,Y
LP004346,Female,Yes,0,Graduate,No,7489,3579.83,15,360,1.0,Semiurban,Y
LP004347,Female,Yes,0,Not Graduate,No,2603,0.0,9,360,1.0,Semiurban,N
LP004348,Female,No,,Graduate,No,8826,0.0,31,360,1.0,Urban,Y
LP004349,Male,No,3+,Not Graduate,No,12161,0.0,,84,1.0,Urban,Y
LP004350,Female,Yes,2,Not Graduate,No,3943,2980.67,12,300,1.0,Urban,Y
LP004351,Male,No,0,Graduate,No,3943,0.0,,360,1.0,Semiurban,Y
LP004352,Male,Yes,2,Graduate,No,5387,0.0,9,360,1.0,Urban,Y
LP004353,Male,Yes,1,Graduate,No,16921,4261.31,40,360,1.0,Semiurban,Y
LP004354,Male,No,0,Graduate,No,7457,0.0,9,360,1.0,Rural,Y
LP004355,Female,No,3+,Not Graduate,No,11800,0.0,46,360,0.0,Urban,N
LP004356,Male,Yes,2,Graduate,No,7771,1629.2,,300,1.0,Urban,Y
LP004357,Female,No,0,Graduate,No,5148,0.0,21,180,1.0,Rural,Y
LP004358,Male,Yes,3+,Graduate,No,20490,1152.57,24,360,0.0,Semiurban,Y
LP004359,Male,Yes,0,Not Graduate,No,5232,1808.77,24,360,1.0,Rural,Y
LP004360,Female,Yes,0,Graduate,,6232,0.0,,240,0.0,Rural,N
LP004361,Male,Yes,,Not Graduate,No,7779,0.0,26,360,1.0,Semiurban,Y
LP004362,Male,Yes,0,Not Graduate,No,5429,2095.94,32,240,1.0,Rural,Y
LP004363,Male,Yes,3+,Graduate,No,10639,0.0,46,360,0.0,Semiurban,N
LP004364,Female,Yes,1,Graduate,Yes,8422,0.0,32,360,1.0,Rural,Y
LP004365,Female,No,0,Graduate,No,8076,0.0,14,360,0.0,Semiurban,N
LP004366,,Yes,2,Not Graduate,Yes,4694,0.0,17,360,,Urban,Y
LP004367,Male,No,2,Graduate,No,4112,0.0,17,360,1.0,Semiurban,Y
LP004368,Male,No,3+,Not Graduate,No,3783,0.0,9,120,1.0,Urban,N
LP004369,Male,No,3+,Not Graduate,No,3945,0.0,9,360,1.0,Semiurban,Y
LP004370,Male,No,3+,Graduate,No,8158,0.0,21,360,1.0,Urban,Y
LP004371,Male,No,1,Graduate,Yes,5313,1766.71,24,360,1.0,Semiurban,Y
LP004372,Male,Yes,0,Not Graduate,No,3340,1466.18,9,240,1.0,Semiurban,N
LP004373,Male,No,3+,Graduate,No,4770,2860.6,11,240,1.0,Semiurban,Y
LP004374,Male,No,0,Graduate,Yes,8501,0.0,17,360,1.0,Semiurban,Y
LP004375,Male,Yes,0,Graduate,No,10223,0.0,33,360,1.0,Urban,Y
LP004376,Male,Yes,0,Graduate,No,6426,0.0,,360,1.0,Urban,Y
LP004377,Female,No,0,Graduate,Yes,5365,2643.62,34,360,1.0,Semiurban,Y
LP004378,Male,,1,Not Graduate,No,8403,0.0,24,120,0.0,Semiurban,Y
LP004379,Female,Yes,3+,Graduate,Yes,7427,0.0,10,84,1.0,Rural,Y
LP004380,Male,Yes,0,Not Graduate,No,11313,0.0,39,180,1.0,Semiurban,Y
LP004381,Male,Yes,0,Graduate,No,7271,3885.87,22,84,1.0,Semiurban,Y
LP004382,Male,Yes,0,Not Graduate,Yes,4284,3229.33,27,360,1.0,Rural,Y
LP004383,Male,Yes,1,Graduate,No,12231,2016.41,58,120,1.0,Rural,Y
LP004384,Male,No,0,Graduate,No,6377,1615.76,22,240,1.0,Urban,Y
LP004385,Female,Yes,0,Graduate,No,5061,0.0,9,360,1.0,Semiurban,N
LP004386,Female,Yes,1,Not Graduate,No,8897,0.0,23,360,0.0,Rural,N
LP004387,Male,No,0,Graduate,No,14025,0.0,42,60,1.0,Semiurban,Y
LP004388,Male,No,0,Graduate,No,7785,0.0,17,180,1.0,Urban,Y
LP004389,Female,Yes,0,Graduate,Yes,4690,0.0,17,360,1.0,Semiurban,Y
LP004390,Male,Yes,0,Graduate,Yes,15143,0.0,29,360,1.0,Urban,Y
LP004391,Male,Yes,1,Graduate,No,8961,0.0,35,360,1.0,Semiurban,Y
LP004392,Female,No,0,Graduate,Yes,7107,0.0,17,36,1.0,Rural,Y
LP004393,Male,Yes,0,Graduate,Yes,6656,0.0,20,360,1.0,Rural,Y
LP004394,Male,Yes,2,Graduate,No,12480,1423.95,16,360,1.0,Semiurban,Y
LP004395,Male,No,1,Graduate,No,4827,2311.49,12,360,1.0,Rural,Y
LP004396,Male,No,0,Graduate,No,4686,3052.7,19,360,0.0,Rural,N
LP004397,Male,Yes,1,Graduate,No,18116,0.0,64,360,1.0,Rural,Y
LP004398,Female,No,0,Graduate,Yes,4429,1706.37,,60,0.0,Rural,N
LP004399,Male,No,,Not Graduate,No,9541,0.0,11,360,0.0,Rural,Y
LP004400,Female,No,1,Graduate,No,12738,0.0,54,360,1.0,Urban,Y
LP004401,Female,No,0,Graduate,No,7075,1439.31,17,120,0.0,Urban,N
LP004402,Female,No,0,Not Graduate,Yes,2896,1874.56,21,240,0.0,Urban,N
LP004403,,Yes,2,Graduate,,9971,0.0,11,180,1.0,Semiurban,Y
LP004404,Male,Yes,1,Graduate,No,14128,0.0,39,360,1.0,Rural,Y
LP004405,Male,No,3+,Graduate,No,8335,3449.71,43,360,,Rural,Y
LP004406,Male,Yes,2,Not Graduate,Yes,4440,0.0,9,360,1.0,Rural,Y
LP004407,Female,Yes,0,Not Graduate,No,6405,819.51,31,360,1.0,Rural,Y
LP004408,Male,Yes,1,Graduate,Yes,4941,0.0,20,360,1.0,Semiurban,Y
LP004409,Female,No,0,Graduate,No,4240,0.0,9,360,1.0,Semiurban,Y
LP004410,Male,Yes,1,Not Graduate,,5508,0.0,9,240,1.0,Semiurban,Y
LP004411,Male,Yes,0,Not Graduate,No,6399,0.0,10,240,1.0,Urban,Y
LP004412,Male,Yes,0,Graduate,No,5189,2240.24,9,360,1.0,Rural,Y
LP004413,Female,Yes,0,Graduate,No,7709,0.0,26,360,1.0,Semiurban,Y
LP004414,Male,No,2,Graduate,No,9021,970.64,,360,0.0,Urban,N
LP004415,Male,No,0,Graduate,No,6620,0.0,17,360,1.0,Semiurban,Y
LP004416,Female,Yes,1,Graduate,,3346,1735.26,9,360,1.0,Semiurban,Y
LP004417,Male,Yes,2,Graduate,No,8032,0.0,32,240,1.0,Rural,N
LP004418,Male,No,2,Graduate,No,16902,0.0,34,240,1.0,Rural,Y
LP004419,Male,Yes,0,Graduate,No,9268,0.0,31,360,1.0,Urban,Y
LP004420,Male,No,0,Not Graduate,No,5761,0.0,17,360,0.0,Rural,N
LP004421,Male,Yes,3+,Not Graduate,No,5230,0.0,12,360,1.0,Urban,Y
LP004422,Male,Yes,0,Not Graduate,No,8248,0.0,30,84,1.0,Semiurban,Y
LP004423,Male,Yes,0,Not Graduate,No,6869,0.0,9,360,0.0,Semiurban,N
LP004424,Male,Yes,3+,Not Graduate,No,8812,1307.33,35,360,1.0,Rural,Y
LP004425,Male,Yes,0,Graduate,,5345,4061.33,15,240,1.0,Rural,Y
LP004426,Male,No,0,Graduate,No,7585,2116.49,12,360,1.0,Urban,Y
LP004427,Male,Yes,0,Not Graduate,No,5026,0.0,22,240,1.0,Rural,Y
LP004428,Male,Yes,0,Graduate,No,8942,0.0,14,360,1.0,Rural,N
LP004429,Male,No,0,Graduate,No,3829,0.0,9,360,1.0,Rural,Y
LP004430,Male,No,1,Not Graduate,No,4682,0.0,9,180,1.0,Urban,Y
LP004431,Male,Yes,0,Graduate,No,9605,1797.11,38,360,1.0,Urban,Y
LP004432,Female,Yes,1,Not Graduate,No,7996,0.0,29,360,1.0,Semiurban,Y
LP004433,Female,Yes,,Graduate,No,6825,0.0,9,300,1.0,Rural,Y
LP004434,Male,Yes,2,Graduate,Yes,4144,0.0,11,360,1.0,Urban,Y
LP004435,Male,No,0,Not Graduate,Yes,8021,0.0,31,360,1.0,Semiurban,Y
LP004436,Male,Yes,2,Graduate,No,15514,0.0,58,360,1.0,Rural,Y
LP004437,Female,Yes,0,Graduate,No,4971,0.0,18,84,1.0,Semiurban,Y
LP004438,Male,No,1,Graduate,Yes,6106,6388.75,15,360,1.0,Semiurban,Y
LP004439,Male,Yes,0,Graduate,No,10773,0.0,21,300,1.0,Rural,Y
LP004440,Male,Yes,1,Graduate,Yes,10902,0.0,30,240,1.0,Semiurban,Y
LP004441,Male,Yes,0,Graduate,No,12292,2416.7,41,360,1.0,Urban,Y
LP004442,Male,No,1,Graduate,No,11334,0.0,41,360,1.0,Urban,Y
LP004443,Female,No,0,Graduate,No,3459,2267.29,,120,,Semiurban,Y
LP004444,Female,Yes,0,Graduate,No,5686,0.0,19,360,,Urban,Y
LP004445,Male,No,1,Graduate,No,9457,2954.42,33,360,1.0,Urban,Y
LP004446,Male,Yes,0,Graduate,No,7467,2015.79,29,360,1.0,Urban,Y
LP004447,Male,Yes,1,Graduate,No,8921,0.0,9,360,1.0,Semiurban,Y
LP004448,Male,Yes,1,Graduate,No,7344,0.0,18,360,1.0,Rural,Y
LP004449,Male,Yes,1,Not Graduate,No,5083,1782.22,9,360,1.0,Semiurban,Y
LP004450,Male,Yes,1,Not Graduate,No,5550,0.0,19,240,1.0,Rural,Y
LP004451,Female,No,2,Not Graduate,No,2507,0.0,9,300,0.0,Rural,N
LP004452,Female,Yes,3+,Graduate,No,5184,1716.35,31,360,1.0,Rural,Y
LP004453,Male,No,0,Graduate,No,7021,0.0,18,12,0.0,Semiurban,N
LP004454,Male,No,1,Graduate,No,7073,0.0,9,240,1.0,Urban,Y
LP004455,Male,Yes,2,Graduate,No,9708,3090.3,19,180,1.0,Semiurban,Y
LP004456,Male,Yes,0,Not Graduate,No,5441,0.0,22,120,1.0,Urban,Y
LP004457,Male,Yes,0,Graduate,No,16232,0.0,27,360,,Semiurban,Y
LP004458,Male,Yes,0,Not Graduate,No,11579,0.0,26,120,1.0,Rural,Y
LP004459,Male,Yes,1,Graduate,No,6435,0.0,9,180,1.0,Urban,Y
LP004460,Female,No,0,Graduate,No,7034,0.0,27,360,1.0,Urban,N
LP004461,Male,No,1,Graduate,No,12475,0.0,25,360,1.0,Rural,Y
LP004462,Male,Yes,1,Not Graduate,Yes,4646,2715.48,16,360,1.0,Rural,Y
LP004463,Male,Yes,1,Graduate,No,5938,0.0,21,360,1.0,Rural,Y
LP004464,Female,Yes,0,Graduate,Yes,12717,2277.29,46,360,0.0,Urban,N
LP004465,Male,No,2,Graduate,Yes,9741,0.0,30,360,1.0,Semiurban,Y
LP004466,Male,Yes,1,Not Graduate,No,10660,2181.07,15,240,0.0,Semiurban,N
LP004467,Male,Yes,0,Graduate,Yes,8738,0.0,15,180,1.0,Semiurban,Y
LP004468,Male,Yes,0,Not Graduate,,5517,0.0,10,360,1.0,Semiurban,Y
LP004469,Female,Yes,,Graduate,No,4197,0.0,18,360,1.0,Rural,Y
LP004470,Male,Yes,3+,Graduate,No,8135,0.0,14,360,1.0,Urban,Y
LP004471,Female,No,0,Graduate,No,11793,823.54,29,360,,Rural,Y
LP004472,Male,Yes,0,Graduate,No,13165,3433.96,27,12,1.0,Urban,Y
LP004473,Male,Yes,0,Graduate,No,12143,0.0,32,120,1.0,Urban,Y
LP004474,Male,Yes,0,Graduate,No,10681,0.0,10,360,1.0,Rural,Y
LP004475,Male,Yes,0,Graduate,No,21320,0.0,81,180,1.0,Semiurban,Y
LP004476,Male,No,2,Not Graduate,No,2737,0.0,11,360,1.0,Semiurban,Y
LP004477,Male,Yes,0,Graduate,No,8445,0.0,22,360,1.0,Urban,Y
LP004478,Male,No,2,Graduate,No,5101,0.0,20,360,0.0,Urban,N
LP004479,Female,Yes,0,Graduate,No,14474,1718.74,16,360,1.0,Urban,Y
LP004480,Female,No,0,Graduate,No,5027,1581.18,16,240,1.0,Rural,Y
LP004481,Male,No,2,Not Graduate,No,9801,0.0,15,360,0.0,Urban,N
LP004482,Male,Yes,1,Graduate,No,6553,0.0,15,360,0.0,Rural,N
LP004483,Female,No,2,Not Graduate,No,6324,1370.69,19,360,1.0,Rural,Y
LP004484,Male,Yes,0,Not Graduate,No,5904,0.0,19,480,1.0,Rural,Y
LP004485,Female,No,0,Graduate,No,6374,0.0,24,240,1.0,Rural,Y
LP004486,Male,Yes,1,Not Graduate,No,7303,0.0,31,84,1.0,Rural,Y
LP004487,Female,Yes,0,Graduate,No,10533,0.0,21,360,1.0,Semiurban,Y
LP004488,Male,Yes,2,Graduate,No,7402,1336.42,29,360,1.0,Rural,Y
LP004489,Male,No,0,Graduate,No,10690,0.0,42,360,1.0,Semiurban,Y
LP004490,Male,No,0,Not Graduate,Yes,9960,0.0,23,300,1.0,Urban,N
LP004491,Male,Yes,2,Graduate,No,6626,2913.83,28,240,1.0,Semiurban,Y
LP004492,Female,No,1,Not Graduate,Yes,15231,0.0,51,360,1.0,Urban,Y
LP004493,Female,No,2,Graduate,No,9185,0.0,11,360,1.0,Semiurban,Y
LP004494,Male,Yes,2,Graduate,No,6593,0.0,20,120,1.0,Rural,Y
LP004495,Male,Yes,0,Not Graduate,No,8404,0.0,24,360,1.0,Semiurban,Y
LP004496,Male,Yes,1,Graduate,No,11964,0.0,24,360,1.0,Urban,Y
LP004497,Male,Yes,3+,Graduate,No,9800,1563.01,50,120,1.0,Urban,Y
LP004498,Male,Yes,0,Not Graduate,No,6847,0.0,9,36,1.0,Semiurban,Y
LP004499,Female,No,0,Graduate,No,2119,2107.9,18,60,1.0,Urban,Y
LP004500,Female,Yes,3+,Not Graduate,No,3250,0.0,10,84,1.0,Semiurban,N
LP004501,Male,No,0,Not Graduate,No,8184,1537.59,11,360,1.0,Rural,N
LP004502,Male,Yes,3+,Graduate,No,5518,4150.93,15,360,,Semiurban,Y
LP004503,Male,Yes,0,Graduate,No,9489,0.0,35,120,1.0,Semiurban,Y
LP004504,Male,Yes,2,Not Graduate,No,9656,2124.15,19,300,1.0,Semiurban,Y
LP004505,Male,Yes,1,Not Graduate,No,5893,0.0,,360,1.0,Urban,Y
LP004506,Male,Yes,1,Graduate,No,4504,0.0,13,360,1.0,Semiurban,Y
LP004507,Male,Yes,2,Graduate,No,5958,0.0,26,360,1.0,Semiurban,Y
LP004508,Male,Yes,0,Graduate,No,10212,2388.08,29,360,1.0,Urban,Y
LP004509,Female,No,1,Graduate,No,11948,0.0,30,120,1.0,Semiurban,Y
LP004510,Male,Yes,3+,Graduate,No,4209,0.0,15,180,1.0,Semiurban,Y
LP004511,,Yes,3+,Graduate,No,7958,2405.9,32,360,0.0,Urban,Y
LP004512,Male,Yes,3+,Graduate,No,4837,2827.73,14,360,1.0,Semiurban,Y
LP004513,Female,Yes,1,Graduate,No,7188,0.0,20,300,0.0,Urban,N
LP004514,Male,No,,Not Graduate,No,5272,0.0,13,360,1.0,Rural,Y
LP004515,Male,Yes,0,Graduate,No,23056,0.0,24,360,1.0,Urban,N
LP004516,Male,No,1,Graduate,No,5857,2589.45,11,120,1.0,Rural,Y
LP004517,Male,No,1,Graduate,No,11521,1136.92,39,360,1.0,Semiurban,Y
LP004518,Male,Yes,0,Graduate,No,11803,2074.23,21,360,1.0,Urban,Y
LP004519,Female,Yes,0,Not Graduate,No,4872,0.0,17,360,1.0,Urban,Y
LP004520,Male,Yes,1,Graduate,No,8078,0.0,21,36,1.0,Rural,Y
LP004521,Male,No,0,Graduate,Yes,7216,0.0,9,300,1.0,Semiurban,Y
LP004522,Male,Yes,0,Not Graduate,No,4445,0.0,19,360,1.0,Rural,Y
LP004523,Female,Yes,0,Graduate,No,4986,0.0,,180,1.0,Rural,Y
LP004524,Female,Yes,2,Graduate,No,5843,0.0,18,360,1.0,Urban,N
LP004525,Female,Yes,3+,Not Graduate,No,2982,0.0,10,360,1.0,Semiurban,Y
LP004526,Male,Yes,1,Graduate,No,6440,0.0,,360,1.0,Semiurban,Y
LP004527,Female,Yes,3+,Graduate,No,6370,0.0,9,360,1.0,Rural,Y
LP004528,Male,Yes,2,Graduate,No,8215,1132.51,29,360,1.0,Semiurban,Y
LP004529,Male,No,0,Graduate,No,8713,0.0,16,360,1.0,Rural,Y
LP004530,Male,Yes,0,Graduate,No,7168,3310.15,45,360,1.0,Semiurban,Y
LP004531,Female,Yes,0,Graduate,No,5098,0.0,12,360,1.0,Rural,Y
LP004532,Male,Yes,0,Not Graduate,No,7644,0.0,26,300,1.0,Urban,Y
LP004533,Male,No,1,Graduate,No,10199,0.0,15,120,0.0,Semiurban,N
LP004534,Male,Yes,0,Graduate,No,6471,4471.11,29,360,0.0,Urban,Y
LP004535,Male,No,,Not Graduate,No,3525,0.0,9,480,0.0,Rural,N
LP004536,Male,Yes,1,Not Graduate,No,5060,1448.5,15,60,1.0,Urban,Y
LP004537,Male,No,0,Not Graduate,No,5207,0.0,15,360,,Rural,N
LP004538,Female,Yes,3+,Graduate,No,11769,2310.98,45,360,1.0,Urban,Y
LP004539,Male,No,3+,Graduate,No,9752,0.0,23,360,1.0,Urban,Y
LP004540,Male,Yes,,Graduate,No,7705,0.0,11,60,1.0,Urban,Y
LP004541,Male,No,2,Graduate,No,17673,6251.8,79,36,1.0,Rural,Y
LP004542,Male,No,3+,Graduate,No,7113,0.0,9,360,1.0,Urban,Y
LP004543,Female,Yes,1,Graduate,No,13478,0.0,51,360,0.0,Rural,Y
LP004544,Male,Yes,2,Graduate,No,13026,0.0,43,240,,Rural,N
LP004545,Male,Yes,0,Graduate,No,12602,0.0,46,300,1.0,Rural,Y
LP004546,Male,Yes,0,Not Graduate,No,7259,0.0,31,360,1.0,Semiurban,Y
LP004547,Female,No,0,Graduate,No,6771,2127.01,19,360,0.0,Semiurban,N
LP004548,Male,No,0,Graduate,No,7229,0.0,20,360,1.0,Semiurban,Y
LP004549,Female,Yes,0,Graduate,No,10185,0.0,32,360,1.0,Urban,Y
LP004550,Male,Yes,0,Graduate,No,5860,0.0,17,360,1.0,Semiurban,Y
LP004551,Male,No,0,Graduate,Yes,6497,0.0,20,360,,Rural,Y
LP004552,Male,Yes,0,Graduate,Yes,16162,0.0,69,360,,Urban,Y
LP004553,Male,Yes,0,Graduate,No,9944,4173.3,38,360,1.0,Urban,Y
LP004554,Male,Yes,2,Graduate,No,11512,0.0,46,36,1.0,Semiurban,Y
LP004555,Male,Yes,1,Graduate,No,5162,0.0,16,360,1.0,Rural,Y
LP004556,Female,Yes,1,Graduate,No,5792,0.0,21,60,1.0,Urban,Y
LP004557,Female,Yes,0,Graduate,Yes,8004,0.0,17,360,1.0,Rural,Y
LP004558,Female,Yes,2,Not Graduate,Yes,5293,0.0,11,36,1.0,Semiurban,N
LP004559,Male,Yes,0,Not Graduate,No,3656,5313.56,38,300,,Semiurban,Y
LP004560,Male,No,0,Graduate,No,10053,0.0,39,480,,Rural,Y
LP004561,Female,No,0,Graduate,No,10881,1399.96,34,360,1.0,Semiurban,Y
LP004562,Male,Yes,3+,Not Graduate,No,5441,0.0,,360,1.0,Semiurban,Y
LP004563,Male,Yes,3+,Graduate,No,10722,0.0,20,360,,Rural,Y
LP004564,Female,Yes,2,Graduate,No,18604,1442.68,34,60,1.0,Urban,Y
LP004565,Male,No,1,Graduate,No,14573,0.0,,300,,Urban,Y
LP004566,Male,Yes,0,Graduate,Yes,7054,0.0,30,360,1.0,Rural,Y
LP004567,Female,Yes,1,Not Graduate,No,3034,3092.31,11,360,1.0,Semiurban,Y
LP004568,Male,No,,Graduate,No,7942,969.13,22,300,1.0,Rural,Y
LP004569,Male,Yes,,Not Graduate,No,21394,0.0,72,240,1.0,Rural,Y
LP004570,Male,Yes,3+,Not Graduate,No,12269,0.0,39,240,1.0,Semiurban,Y
LP004571,Male,Yes,3+,Not Graduate,No,6196,9555.97,58,360,1.0,Semiurban,Y
LP004572,Female,No,0,Graduate,Yes,14048,0.0,32,300,1.0,Semiurban,Y
LP004573,Male,Yes,0,Not Graduate,No,11209,0.0,24,36,1.0,Urban,Y
LP004574,Male,No,0,Graduate,No,3872,0.0,10,360,1.0,Semiurban,Y
LP004575,Female,Yes,0,Not Graduate,No,9792,0.0,31,360,1.0,Rural,Y
LP004576,Male,Yes,0,Graduate,Yes,8077,1988.74,,360,1.0,Rural,Y
LP004577,Female,Yes,1,Graduate,No,4922,0.0,15,300,1.0,Rural,Y
LP004578,Male,No,0,Graduate,No,7491,0.0,27,300,1.0,Rural,N
LP004579,Male,Yes,0,Graduate,No,9101,0.0,38,300,1.0,Urban,Y
LP004580,Male,Yes,0,Graduate,No,5851,3311.08,9,360,1.0,Semiurban,Y
LP004581,Male,No,2,Graduate,No,6873,0.0,12,300,1.0,Urban,Y
LP004582,Female,Yes,0,Graduate,Yes,6030,0.0,9,360,0.0,Semiurban,N
LP004583,Female,Yes,0,Graduate,No,9920,1086.43,45,300,1.0,Rural,Y
LP004584,Female,No,1,Graduate,,5601,3113.44,20,360,1.0,Rural,Y
LP004585,Male,No,2,Graduate,No,4072,0.0,12,300,1.0,Rural,Y
LP004586,Female,No,0,Graduate,No,5257,0.0,14,360,1.0,Semiurban,Y
LP004587,Male,Yes,1,Graduate,No,5585,0.0,20,360,1.0,Semiurban,Y
LP004588,Female,Yes,0,Graduate,Yes,4261,2855.23,16,180,1.0,Urban,Y
LP004589,Male,No,1,Graduate,Yes,12278,0.0,12,360,1.0,Semiurban,Y
LP004590,Female,Yes,0,Graduate,No,9959,0.0,22,120,1.0,Urban,Y
LP004591,Male,No,3+,Graduate,No,5051,0.0,13,360,1.0,Rural,Y
LP004592,Male,Yes,3+,Not Graduate,Yes,3594,5539.38,22,360,1.0,Semiurban,Y
LP004593,Female,No,2,Graduate,No,6121,2084.51,16,360,1.0,Semiurban,Y
LP004594,Male,Yes,3+,Graduate,No,5021,0.0,9,360,0.0,Rural,N
LP004595,Male,Yes,0,Graduate,No,7050,0.0,,300,1.0,Urban,Y
LP004596,Female,Yes,1,Not Graduate,No,5627,0.0,23,360,1.0,Semiurban,Y
LP004597,Male,Yes,0,Graduate,No,8699,0.0,10,360,0.0,Rural,N
LP004598,Male,Yes,0,Graduate,No,8827,0.0,21,120,0.0,Rural,N
LP004599,Male,No,0,Graduate,No,5376,0.0,9,120,1.0,Urban,Y
LP004600,Male,Yes,2,Graduate,No,7927,0.0,11,240,1.0,Semiurban,Y
LP004601,Male,Yes,1,Graduate,No,13397,1829.9,49,240,1.0,Semiurban,Y
LP004602,Female,Yes,2,Not Graduate,Yes,1896,1984.17,16,360,1.0,Urban,Y
LP004603,Female,No,0,Not Graduate,No,5975,0.0,13,180,0.0,Urban,N
LP004604,Male,Yes,3+,Graduate,No,5223,1180.41,23,120,1.0,Semiurban,Y
LP004605,Male,Yes,2,Graduate,Yes,14211,0.0,53,120,1.0,Semiurban,Y
LP004606,Male,No,2,Graduate,No,10324,0.0,33,180,0.0,Semiurban,Y
LP004607,Female,Yes,0,Not Graduate,No,8372,5516.11,56,360,,Urban,Y
LP004608,Male,Yes,0,Not Graduate,No,4245,5027.2,15,180,0.0,Urban,N
LP004609,Male,No,1,Graduate,No,8057,0.0,10,84,1.0,Rural,Y
LP004610,Female,Yes,3+,Graduate,No,8155,0.0,21,120,1.0,Urban,Y
LP004611,Female,No,0,Graduate,No,2684,0.0,9,360,0.0,Urban,N
LP004612,Male,No,0,Not Graduate,No,6166,3053.78,21,360,1.0,Urban,Y
LP004613,Male,Yes,0,Graduate,Yes,9900,0.0,41,360,1.0,Semiurban,Y
LP004614,Male,Yes,0,Graduate,No,4903,0.0,9,180,1.0,Semiurban,Y
LP004615,Male,Yes,2,Graduate,No,9852,0.0,,300,1.0,Rural,Y
LP004616,Male,Yes,0,Graduate,No,8017,0.0,19,480,1.0,Semiurban,N
LP004617,Male,Yes,0,Not Graduate,No,12557,0.0,49,84,1.0,Urban,Y
LP004618,Male,Yes,1,Graduate,No,6635,0.0,15,360,0.0,Urban,Y
LP004619,Male,Yes,0,Graduate,No,8267,0.0,22,300,1.0,Rural,Y
LP004620,Male,No,0,Graduate,No,8331,0.0,28,12,1.0,Urban,Y
LP004621,Male,Yes,1,Graduate,No,3711,0.0,9,360,1.0,Urban,Y
LP004622,Female,No,0,Graduate,No,5472,0.0,22,360,0.0,Urban,N
LP004623,Male,No,3+,Not Graduate,No,5975,1685.87,22,300,1.0,Rural,Y
LP004624,Female,No,2,Graduate,No,2695,0.0,9,360,0.0,Rural,N
LP004625,Male,No,3+,Graduate,Yes,9665,0.0,36,360,0.0,Semiurban,N
LP004626,Male,No,0,Graduate,Yes,7474,0.0,20,360,1.0,Urban,Y
LP004627,Female,Yes,2,Graduate,No,7157,0.0,24,360,1.0,Rural,Y
LP004628,Male,Yes,,Not Graduate,No,8875,0.0,18,360,1.0,Urban,Y
LP004629,Male,No,1,Graduate,No,6141,0.0,21,300,1.0,Semiurban,Y
LP004630,Male,No,0,Not Graduate,Yes,5844,1330.31,25,240,1.0,Rural,Y
LP004631,Male,No,,Graduate,No,10558,0.0,47,360,1.0,Urban,Y
LP004632,Male,No,0,Not Graduate,No,5881,1637.88,17,240,1.0,Semiurban,Y
LP004633,Male,Yes,2,Graduate,No,4425,0.0,9,360,1.0,Semiurban,Y
LP004634,Male,Yes,2,Graduate,No,7869,0.0,21,360,1.0,Semiurban,Y
LP004635,Male,Yes,0,Graduate,No,7906,1569.1,32,240,1.0,Semiurban,Y
LP004636,Male,,1,Not Graduate,,9736,0.0,26,360,1.0,Semiurban,N
LP004637,Male,Yes,1,Graduate,No,6800,0.0,27,180,1.0,Semiurban,Y
LP004638,Male,No,0,Not Graduate,,3533,0.0,15,36,1.0,Semiurban,Y
LP004639,Male,Yes,0,Graduate,No,5538,4247.84,43,360,1.0,Semiurban,Y
LP004640,Male,Yes,2,Graduate,No,14479,2621.69,24,360,1.0,Urban,Y
LP004641,Male,No,1,Graduate,No,8146,0.0,15,360,1.0,Urban,Y
LP004642,Male,Yes,1,Graduate,No,14126,0.0,28,360,1.0,Semiurban,Y
LP004643,Male,No,1,Graduate,No,14654,0.0,62,84,1.0,Semiurban,Y
LP004644,Male,Yes,1,Graduate,No,5945,0.0,22,360,1.0,Semiurban,Y
LP004645,Male,No,0,Graduate,No,5304,0.0,9,360,1.0,Semiurban,Y
LP004646,Female,Yes,3+,Graduate,No,6552,0.0,16,360,,Rural,N
LP004647,Female,Yes,0,Not Graduate,No,7605,2527.02,43,360,,Semiurban,Y
LP004648,Male,Yes,2,Graduate,No,4919,2498.16,12,300,0.0,Rural,N
LP004649,Male,Yes,2,Graduate,No,9257,0.0,27,360,1.0,Urban,Y
LP004650,Male,Yes,1,Graduate,No,9063,5281.74,48,300,0.0,Rural,N
LP004651,Female,No,1,Graduate,No,4001,0.0,9,360,1.0,Semiurban,Y
LP004652,Female,No,0,Graduate,No,4054,0.0,,300,1.0,Rural,Y
LP004653,Male,Yes,0,Graduate,Yes,9216,2009.85,47,120,1.0,Rural,Y
LP004654,Male,No,1,Not Graduate,No,17848,861.88,,240,1.0,Urban,Y
LP004655,Male,No,0,Graduate,No,6417,8678.48,48,360,1.0,Rural,Y
LP004656,Female,No,0,Graduate,No,7490,4078.07,46,120,,Semiurban,Y
LP004657,Female,Yes,3+,Graduate,No,5418,3243.76,21,360,1.0,Rural,Y
LP004658,Male,Yes,0,Graduate,No,8464,3754.05,23,360,1.0,Semiurban,Y
LP004659,Male,No,0,Graduate,No,5677,0.0,20,84,0.0,Semiurban,N
LP004660,Male,Yes,0,Graduate,No,7007,0.0,16,360,1.0,Rural,Y
LP004661,Male,Yes,1,Graduate,No,24164,2001.08,56,360,0.0,Urban,Y
LP004662,Female,No,0,Not Graduate,No,5240,0.0,10,360,1.0,Semiurban,Y
LP004663,Male,Yes,2,Graduate,No,4722,0.0,20,360,1.0,Urban,Y
LP004664,Male,No,0,Graduate,Yes,9527,1465.35,39,360,,Urban,Y
LP004665,Male,Yes,0,Graduate,No,12477,1823.96,21,360,,Rural,Y
LP004666,Male,No,0,Graduate,,9670,0.0,19,360,1.0,Rural,Y
LP004667,Female,No,0,Not Graduate,No,4420,4029.11,34,120,,Rural,Y
LP004668,Male,No,2,Graduate,No,5134,0.0,20,360,1.0,Rural,Y
LP004669,Female,No,0,Graduate,No,4376,0.0,9,120,1.0,Semiurban,Y
LP004670,Male,No,0,Graduate,Yes,6685,0.0,23,360,1.0,Rural,Y
LP004671,Male,Yes,0,Graduate,No,6743,0.0,9,360,1.0,Semiurban,Y
LP004672,Male,No,0,Graduate,No,5815,3123.98,13,360,0.0,Semiurban,N
LP004673,Male,No,0,Not Graduate,No,10990,0.0,45,360,1.0,Rural,Y
LP004674,Male,Yes,0,Graduate,No,11341,1456.51,37,360,1.0,Rural,Y
LP004675,Male,Yes,3+,Graduate,No,13311,0.0,19,60,0.0,Rural,N
LP004676,Male,Yes,0,Graduate,No,5862,3276.05,,360,1.0,Semiurban,Y
LP004677,Male,Yes,1,Graduate,Yes,5628,4179.01,,360,1.0,Semiurban,Y
LP004678,,No,1,Graduate,No,7448,0.0,33,360,0.0,Semiurban,N
LP004679,Male,Yes,0,Graduate,No,9104,6962.93,16,12,1.0,Semiurban,Y
LP004680,Female,Yes,,Graduate,No,7130,4507.34,41,360,0.0,Semiurban,N
LP004681,Female,Yes,2,Graduate,No,8051,0.0,29,120,0.0,Urban,N
LP004682,Male,Yes,2,Not Graduate,No,14021,1658.2,58,360,1.0,Urban,Y
LP004683,Female,No,3+,Graduate,No,5811,4546.61,38,60,1.0,Semiurban,Y
LP004684,Female,Yes,1,Graduate,No,9976,1599.2,40,360,1.0,Urban,Y
LP004685,Female,Yes,0,Graduate,No,8706,0.0,21,360,0.0,Semiurban,N
LP004686,Male,Yes,,Graduate,No,8004,0.0,9,120,1.0,Urban,Y
LP004687,Male,No,0,Graduate,No,10059,0.0,44,360,1.0,Urban,Y
LP004688,Male,No,1,Graduate,,5400,0.0,9,240,1.0,Rural,Y
LP004689,Female,Yes,2,Graduate,No,4747,0.0,9,240,1.0,Semiurban,Y
LP004690,Female,Yes,2,Graduate,No,8372,0.0,12,360,1.0,Rural,Y
LP004691,Male,Yes,3+,Graduate,No,4639,0.0,10,360,0.0,Urban,N
LP004692,Male,Yes,0,Not Graduate,No,7980,0.0,17,360,1.0,Urban,Y
LP004693,Female,No,1,Graduate,Yes,3997,1706.92,,240,1.0,Urban,Y
LP004694,Female,Yes,0,Graduate,,14219,0.0,34,84,0.0,Urban,Y
LP004695,Male,Yes,2,Graduate,No,6674,2753.74,,360,1.0,Urban,Y
LP004696,Male,Yes,1,Graduate,No,14553,0.0,64,360,,Semiurban,Y
LP004697,Male,Yes,0,Graduate,No,7130,0.0,20,360,1.0,Urban,Y
LP004698,Male,Yes,2,Graduate,No,7021,0.0,31,360,0.0,Rural,N
LP004699,Male,Yes,0,Graduate,Yes,11063,0.0,13,360,,Semiurban,N
LP004700,Female,Yes,0,Graduate,No,7859,2816.15,24,60,1.0,Urban,Y
LP004701,Female,Yes,3+,Graduate,No,6721,1018.61,9,480,1.0,Rural,Y
LP004702,Male,Yes,1,Graduate,No,6656,0.0,20,360,1.0,Semiurban,Y
LP004703,Male,No,1,Graduate,No,6178,2326.74,37,60,1.0,Semiurban,Y
LP004704,Male,Yes,0,Graduate,No,23021,1861.58,43,300,1.0,Semiurban,Y
LP004705,Male,Yes,0,Graduate,No,4598,6476.16,38,360,1.0,Semiurban,Y
LP004706,Male,Yes,0,Graduate,Yes,5188,0.0,19,360,1.0,Semiurban,Y
LP004707,Male,No,0,Graduate,No,12257,0.0,16,12,1.0,Rural,Y
LP004708,Male,No,0,Not Graduate,No,10319,3461.38,34,300,,Semiurban,Y
LP004709,Male,No,0,Graduate,No,5125,0.0,9,360,1.0,Semiurban,Y
LP004710,Male,Yes,1,Not Graduate,Yes,3017,0.0,9,360,0.0,Rural,N
LP004711,Female,No,0,Graduate,No,12044,0.0,46,360,1.0,Semiurban,Y
LP004712,Male,Yes,1,Graduate,No,5422,1445.49,13,360,1.0,Rural,Y
LP004713,Male,No,3+,Graduate,No,5960,3262.78,39,360,1.0,Rural,Y
LP004714,Female,No,0,Graduate,No,6706,0.0,24,360,0.0,Semiurban,N
LP004715,Male,Yes,1,Graduate,,5382,2086.09,14,120,1.0,Semiurban,Y
LP004716,Male,Yes,,Graduate,No,11358,5032.52,40,360,0.0,Semiurban,Y
LP004717,Male,Yes,0,Not Graduate,No,6276,0.0,19,360,1.0,Urban,Y
LP004718,Male,Yes,2,Not Graduate,No,4195,0.0,13,360,1.0,Semiurban,Y
LP004719,Male,No,0,Not Graduate,No,3852,5526.06,27,360,1.0,Urban,Y
LP004720,Male,Yes,0,Graduate,No,13502,0.0,31,120,1.0,Semiurban,Y
LP004721,Male,No,2,Graduate,No,6457,0.0,27,180,1.0,Semiurban,Y
LP004722,Male,No,0,Not Graduate,No,7905,0.0,10,360,1.0,Rural,Y
LP004723,Male,Yes,1,Graduate,No,7685,0.0,24,300,1.0,Urban,Y
LP004724,Male,Yes,,Graduate,No,4515,0.0,9,300,1.0,Semiurban,Y
LP004725,Male,Yes,0,Graduate,No,10493,0.0,30,360,1.0,Semiurban,Y
LP004726,Male,No,2,Graduate,No,11661,1292.71,21,36,1.0,Semiurban,Y
LP004727,,Yes,0,Graduate,No,16845,0.0,21,360,1.0,Urban,Y
LP004728,Male,Yes,0,Graduate,No,4371,0.0,9,240,1.0,Semiurban,Y
LP004729,Male,Yes,3+,Graduate,No,3538,9046.18,,36,0.0,Semiurban,N
LP004730,Male,No,0,Graduate,No,9511,2797.63,17,180,1.0,Urban,Y
LP004731,Male,Yes,2,Graduate,No,6230,2220.78,19,180,0.0,Semiurban,N
LP004732,Female,,0,Graduate,No,4083,2391.5,17,360,1.0,Urban,Y
LP004733,Male,,0,Graduate,Yes,7542,5159.81,13,360,1.0,Semiurban,Y
LP004734,Male,Yes,2,Not Graduate,No,5053,0.0,21,360,0.0,Rural,N
LP004735,Female,Yes,1,Graduate,No,4285,0.0,9,360,1.0,Urban,Y
LP004736,Female,Yes,0,Graduate,No,6676,0.0,27,360,1.0,Urban,Y
LP004737,Male,Yes,2,Graduate,No,9704,2667.48,13,360,0.0,Rural,Y
LP004738,Male,Yes,0,Not Graduate,Yes,6758,0.0,,360,1.0,Urban,Y
LP004739,Male,Yes,0,Graduate,No,8283,0.0,30,360,1.0,Semiurban,Y
LP004740,Male,No,2,Graduate,No,8712,0.0,9,300,1.0,Semiurban,Y
LP004741,Male,Yes,1,Graduate,No,4581,0.0,17,360,1.0,Semiurban,Y
LP004742,Male,Yes,0,Not Graduate,Yes,6065,0.0,16,360,1.0,Semiurban,Y
LP004743,Female,Yes,2,Graduate,No,7675,0.0,20,360,1.0,Semiurban,Y
LP004744,Male,Yes,0,Graduate,No,6717,0.0,11,360,1.0,Rural,Y
LP004745,Male,No,3+,Graduate,No,5287,0.0,9,360,1.0,Semiurban,Y
LP004746,Male,No,2,Graduate,No,5440,1618.67,26,360,1.0,Semiurban,Y
LP004747,Male,No,0,Graduate,Yes,6421,1324.51,9,360,1.0,Rural,Y
LP004748,Male,No,0,Graduate,No,10806,0.0,22,360,0.0,Urban,N
LP004749,Female,No,3+,Graduate,No,13787,0.0,29,360,0.0,Rural,N
LP004750,Male,Yes,2,Graduate,Yes,13673,0.0,26,300,0.0,Rural,N
LP004751,Male,No,0,Graduate,No,4226,4880.91,19,360,0.0,Rural,N
LP004752,Male,No,0,Graduate,Yes,5097,0.0,9,360,,Urban,Y
LP004753,Male,Yes,0,Graduate,No,10091,0.0,15,120,1.0,Semiurban,Y
LP004754,Male,Yes,2,Not Graduate,No,12026,870.79,38,300,1.0,Rural,Y
LP004755,Female,Yes,3+,Graduate,Yes,4751,2870.95,22,360,1.0,Urban,N
LP004756,Male,Yes,2,Graduate,Yes,8286,0.0,35,240,0.0,Semiurban,N
LP004757,Male,No,0,Graduate,No,4792,3945.22,25,300,1.0,Urban,Y
LP004758,Female,Yes,2,Graduate,No,7801,0.0,19,180,1.0,Urban,Y
LP004759,Male,Yes,0,Graduate,No,6140,0.0,9,60,1.0,Rural,Y
LP004760,Female,Yes,0,Graduate,No,7484,0.0,26,360,1.0,Rural,Y
LP004761,Male,No,0,Graduate,Yes,4675,0.0,11,360,1.0,Urban,Y
LP004762,Male,Yes,0,Graduate,No,4643,2592.2,26,360,1.0,Urban,Y
LP004763,Female,No,0,Graduate,Yes,33038,2253.66,59,36,1.0,Semiurban,Y
LP004764,Male,Yes,0,Not Graduate,No,6423,0.0,20,360,0.0,Urban,N
LP004765,Male,Yes,0,Graduate,No,20491,0.0,72,300,1.0,Semiurban,Y
LP004766,Male,Yes,2,Not Graduate,No,13454,0.0,30,360,1.0,Rural,Y
LP004767,Male,Yes,0,Graduate,No,4642,1402.96,16,360,1.0,Semiurban,Y
LP004768,Male,No,0,Graduate,No,8406,0.0,10,480,1.0,Rural,Y
LP004769,,No,0,Graduate,No,4560,829.77,10,360,1.0,Urban,Y
LP004770,,Yes,0,Graduate,,6914,0.0,10,360,1.0,Urban,Y
LP004771,Male,Yes,0,Graduate,No,4386,0.0,10,360,1.0,Rural,Y
LP004772,Male,No,1,Graduate,No,4211,4621.54,11,360,1.0,Urban,Y
LP004773,Male,No,0,Graduate,Yes,5242,3793.62,35,360,0.0,Urban,N
LP004774,Male,Yes,0,Graduate,Yes,6342,3211.1,34,360,1.0,Semiurban,N
LP004775,Male,No,2,Graduate,No,7330,0.0,29,360,0.0,Urban,N
LP004776,Male,Yes,0,Graduate,No,5439,2651.68,34,480,1.0,Semiurban,Y
LP004777,Male,Yes,2,Graduate,No,8175,0.0,24,360,0.0,Rural,Y
LP004778,Male,No,0,Graduate,No,12015,1843.89,50,360,0.0,Urban,N
LP004779,Male,No,3+,Graduate,No,8092,0.0,21,360,1.0,Semiurban,Y
LP004780,Male,No,0,Graduate,No,7020,0.0,26,12,1.0,Urban,Y
LP004781,Male,Yes,0,Not Graduate,No,7332,7401.06,42,360,1.0,Semiurban,Y
LP004782,Female,Yes,1,Graduate,No,4077,1724.15,20,360,1.0,Semiurban,Y
LP004783,Female,No,1,Graduate,No,10201,4955.54,29,360,0.0,Rural,N
LP004784,Male,Yes,2,Graduate,No,5195,0.0,17,360,1.0,Urban,Y
LP004785,Female,Yes,0,Graduate,No,14470,0.0,43,360,0.0,Rural,N
LP004786,Female,Yes,0,Graduate,No,9804,2208.62,22,360,1.0,Rural,Y
LP004787,Male,Yes,2,Graduate,No,9663,0.0,32,360,1.0,Rural,Y
LP004788,Female,Yes,2,Not Graduate,No,7544,1693.49,21,360,1.0,Rural,Y
LP004789,Male,Yes,0,Graduate,No,7709,0.0,24,180,1.0,Urban,Y
LP004790,Male,No,0,Graduate,No,5366,2028.28,24,360,1.0,Semiurban,Y
LP004791,,Yes,2,Graduate,No,5593,0.0,18,300,1.0,Semiurban,Y
LP004792,Male,Yes,2,Graduate,No,16856,0.0,57,360,0.0,Urban,N
LP004793,Male,Yes,2,Not Graduate,No,6529,0.0,16,360,1.0,Semiurban,N
LP004794,Female,Yes,2,Graduate,No,4517,2928.27,23,360,1.0,Semiurban,Y
LP004795,Male,Yes,0,Not Graduate,No,8001,4452.62,51,240,,Semiurban,N
LP004796,Male,Yes,1,Graduate,No,8837,5711.27,18,360,0.0,Rural,N
LP004797,Male,Yes,0,Graduate,No,6833,0.0,25,360,1.0,Semiurban,Y
LP004798,Male,Yes,0,Graduate,No,5667,0.0,9,360,1.0,Semiurban,Y
LP004799,Female,Yes,2,Graduate,No,9641,970.39,27,120,0.0,Semiurban,Y
LP004800,Female,Yes,1,Graduate,Yes,10670,0.0,16,360,1.0,Semiurban,Y
LP004801,Male,Yes,0,Graduate,No,8763,0.0,32,360,1.0,Semiurban,Y
LP004802,,Yes,1,Graduate,No,7930,0.0,9,36,,Urban,N
LP004803,Male,No,0,Graduate,No,5373,0.0,18,360,1.0,Semiurban,Y
LP004804,Male,No,0,Graduate,No,8854,0.0,21,360,1.0,Semiurban,Y
LP004805,Female,Yes,1,Graduate,Yes,5358,0.0,10,360,1.0,Semiurban,Y
LP004806,Female,No,1,Graduate,No,3790,0.0,16,360,1.0,Urban,Y
LP004807,Male,No,0,Graduate,No,11956,0.0,24,360,1.0,Urban,Y
LP004808,Male,Yes,0,Graduate,No,5449,1542.39,12,360,1.0,Semiurban,Y
LP004809,Male,Yes,1,Graduate,No,4374,2164.78,16,360,0.0,Urban,N
LP004810,Male,No,0,Graduate,Yes,13079,0.0,26,60,0.0,Rural,N
LP004811,Male,Yes,3+,Graduate,No,4525,3519.69,28,36,1.0,Semiurban,Y
LP004812,Male,Yes,0,Not Graduate,No,5189,0.0,9,360,1.0,Urban,Y
LP004813,Male,Yes,2,Graduate,No,5346,1178.84,22,240,0.0,Rural,N
LP004814,Female,Yes,0,Graduate,No,5183,0.0,12,300,1.0,Semiurban,Y
LP004815,Male,No,0,Graduate,No,20965,2945.07,,360,1.0,Urban,Y
LP004816,Male,Yes,0,Graduate,Yes,7424,0.0,16,120,1.0,Rural,Y
LP004817,Male,Yes,2,Graduate,No,8899,0.0,9,300,1.0,Rural,Y
LP004818,Male,Yes,3+,Graduate,No,10697,2491.22,48,360,1.0,Semiurban,Y
LP004819,Male,Yes,0,Graduate,No,6133,1592.64,11,60,1.0,Urban,Y
LP004820,Male,No,0,Not Graduate,No,10168,2768.62,34,360,1.0,Rural,Y
LP004821,Male,No,0,Not Graduate,No,6958,2323.23,36,84,1.0,Urban,Y
LP004822,Male,No,1,Graduate,No,10025,0.0,42,360,1.0,Semiurban,Y
LP004823,Male,Yes,0,Graduate,No,5981,1602.83,14,360,1.0,Rural,Y
LP004824,Male,Yes,3+,Not Graduate,Yes,7714,0.0,30,360,1.0,Rural,Y
LP004825,Male,Yes,0,Graduate,No,7688,3014.74,39,240,0.0,Semiurban,Y
LP004826,Male,Yes,2,Graduate,No,12480,2796.23,64,360,1.0,Urban,Y
LP004827,Male,No,2,Not Graduate,No,4353,0.0,16,300,1.0,Semiurban,Y
LP004828,Male,Yes,0,Graduate,No,19436,0.0,25,360,1.0,Rural,Y
LP004829,Female,Yes,0,Graduate,No,8022,1789.33,,84,1.0,Rural,N
LP004830,Female,Yes,2,Not Graduate,No,5059,0.0,9,84,0.0,Rural,N
LP004831,Male,No,,Graduate,No,6550,1719.73,18,180,1.0,Urban,Y
LP004832,Male,Yes,0,Not Graduate,No,6194,0.0,14,180,1.0,Rural,Y
LP004833,Male,No,2,Graduate,No,5670,0.0,15,120,1.0,Urban,Y
LP004834,Female,No,0,Graduate,No,8832,0.0,16,120,1.0,Semiurban,Y
LP004835,Male,No,2,Not Graduate,Yes,5679,0.0,9,360,0.0,Rural,N
LP004836,Female,Yes,0,Graduate,No,17774,0.0,69,360,0.0,Semiurban,N
LP004837,Male,Yes,,Not Graduate,Yes,5089,2648.36,25,360,1.0,Semiurban,Y
LP004838,Male,Yes,0,Graduate,No,7371,0.0,19,300,1.0,Semiurban,Y
LP004839,Male,No,0,Graduate,No,6087,3586.33,35,60,1.0,Rural,Y
LP004840,Male,No,0,Graduate,No,17384,4738.21,92,360,1.0,Urban,Y
LP004841,Female,Yes,0,Graduate,No,4064,0.0,9,60,1.0,Urban,Y
LP004842,Male,Yes,0,Not Graduate,No,6498,6423.3,27,360,1.0,Semiurban,Y
LP004843,Male,Yes,0,Not Graduate,No,7230,1523.52,37,360,0.0,Rural,N
LP004844,Male,Yes,1,Graduate,No,5297,2205.38,21,360,0.0,Rural,N
LP004845,Male,Yes,0,Not Graduate,No,25302,0.0,50,360,1.0,Semiurban,Y
LP004846,Male,Yes,0,Graduate,No,5612,5592.97,17,360,1.0,Rural,Y
LP004847,Male,No,0,Not Graduate,No,5814,0.0,25,360,0.0,Semiurban,N
LP004848,Male,Yes,0,Graduate,Yes,16299,3621.52,57,360,,Urban,Y
LP004849,Male,Yes,0,Graduate,No,6724,0.0,,180,,Urban,Y
LP004850,Female,Yes,0,Graduate,No,7357,3818.5,36,360,1.0,Urban,Y
LP004851,Male,Yes,1,Graduate,No,6796,0.0,17,84,1.0,Urban,Y
LP004852,Female,No,2,Not Graduate,No,4760,0.0,19,360,1.0,Urban,Y
LP004853,Female,Yes,1,Graduate,Yes,11403,0.0,25,360,1.0,Urban,Y
LP004854,,Yes,0,Not Graduate,No,5116,0.0,18,240,1.0,Rural,Y
LP004855,Male,Yes,2,Graduate,No,3799,2007.75,15,360,1.0,Urban,Y
LP004856,Female,Yes,1,Graduate,No,6818,1074.92,32,360,1.0,Rural,Y
LP004857,Male,No,1,Graduate,No,7403,1584.97,24,84,1.0,Rural,Y
LP004858,Male,Yes,0,Graduate,No,8326,0.0,17,180,1.0,Semiurban,Y
LP004859,Male,Yes,0,Not Graduate,No,5702,0.0,20,360,1.0,Rural,Y
LP004860,Male,Yes,0,Graduate,No,5729,1580.0,29,60,0.0,Urban,N
LP004861,Male,Yes,0,Graduate,No,7042,0.0,28,84,1.0,Urban,Y
LP004862,Female,Yes,1,Graduate,No,16173,3193.04,51,360,1.0,Semiurban,Y
LP004863,Male,Yes,0,Not Graduate,,6092,3489.72,24,60,1.0,Semiurban,Y
LP004864,Female,No,0,Not Graduate,No,7271,0.0,11,240,1.0,Semiurban,Y
LP004865,Male,Yes,0,Not Graduate,No,3943,0.0,9,360,1.0,Rural,Y
LP004866,Male,Yes,0,Graduate,No,6926,2507.51,40,36,0.0,Rural,N
LP004867,Male,Yes,0,Not Graduate,No,3996,0.0,14,360,0.0,Semiurban,N
LP004868,Male,No,0,Graduate,No,12980,3945.76,51,360,1.0,Urban,Y
LP004869,Male,Yes,0,Not Graduate,No,3232,0.0,9,360,,Rural,Y
LP004870,Male,No,0,Graduate,,8445,1954.14,11,180,1.0,Rural,Y
LP004871,Male,Yes,0,Graduate,No,8829,1016.18,25,360,1.0,Semiurban,Y
LP004872,Male,No,3+,Graduate,No,8099,0.0,34,360,,Rural,Y
LP004873,Male,No,2,Not Graduate,No,2003,7684.56,25,360,1.0,Semiurban,Y
LP004874,Male,Yes,1,Graduate,No,4260,0.0,12,360,1.0,Urban,Y
LP004875,Male,Yes,0,Graduate,,8072,0.0,18,360,1.0,Rural,Y
LP004876,Male,Yes,1,Graduate,No,5624,3585.87,12,240,1.0,Semiurban,Y
LP004877,Male,No,3+,Not Graduate,Yes,4141,0.0,9,360,1.0,Semiurban,Y
LP004878,Male,No,0,Graduate,No,6109,0.0,9,360,1.0,Semiurban,Y
LP004879,Male,Yes,0,Graduate,No,5412,1217.25,20,360,0.0,Semiurban,N
LP004880,Male,Yes,2,Graduate,No,5156,2204.68,32,360,1.0,Urban,Y
LP004881,Male,Yes,0,Graduate,No,7714,774.51,19,360,1.0,Semiurban,Y
LP004882,Male,Yes,2,Graduate,,4366,0.0,17,360,1.0,Urban,Y
LP004883,Male,Yes,0,Graduate,No,6428,998.12,9,360,1.0,Urban,Y
LP004884,Male,Yes,0,Graduate,No,6092,0.0,16,180,1.0,Urban,Y
LP004885,Female,Yes,2,Graduate,No,6845,0.0,,360,1.0,Semiurban,N
LP004886,Female,No,1,Graduate,No,22084,2983.01,53,360,1.0,Rural,Y
LP004887,Male,No,,Graduate,No,5026,0.0,9,84,1.0,Urban,Y
LP004888,Male,No,2,Graduate,No,8571,0.0,15,360,1.0,Semiurban,Y
LP004889,Male,Yes,2,Graduate,No,8410,0.0,10,360,,Rural,Y
LP004890,Female,No,0,Graduate,Yes,8376,0.0,34,360,1.0,Rural,Y
LP004891,Male,Yes,3+,Graduate,No,7124,0.0,9,120,1.0,Rural,Y
LP004892,Male,Yes,0,Graduate,No,14471,0.0,17,360,0.0,Rural,N
LP004893,Male,Yes,0,Not Graduate,No,8714,0.0,32,300,1.0,Semiurban,Y
LP004894,Male,No,2,Graduate,No,9785,0.0,20,300,0.0,Rural,N
LP004895,Male,Yes,0,Graduate,No,4903,1212.57,13,60,0.0,Semiurban,N
LP004896,Male,No,2,Not Graduate,No,6007,0.0,12,360,1.0,Urban,N
LP004897,Male,No,0,Graduate,Yes,5919,0.0,24,360,1.0,Semiurban,Y
LP004898,Male,No,0,Graduate,No,5230,0.0,22,360,0.0,Rural,N
LP004899,Female,No,0,Graduate,No,4874,1388.11,26,360,1.0,Semiurban,Y
LP004900,Female,No,1,Graduate,No,6252,0.0,,360,1.0,Rural,Y
LP004901,Male,Yes,2,Graduate,No,9264,1412.3,18,360,1.0,Semiurban,Y
LP004902,Male,Yes,0,Graduate,Yes,11656,0.0,45,360,0.0,Rural,N
LP004903,Male,No,0,Not Graduate,Yes,9411,0.0,37,84,1.0,Urban,Y
LP004904,Female,Yes,0,Graduate,No,7858,1421.71,20,360,1.0,Urban,Y
LP004905,Male,Yes,0,Graduate,No,7881,0.0,23,84,1.0,Semiurban,Y
LP004906,Male,No,1,Not Graduate,No,4845,0.0,,360,1.0,Urban,Y
LP004907,Female,Yes,1,Graduate,No,6236,0.0,9,360,1.0,Rural,Y
LP004908,Male,No,0,Graduate,No,5377,0.0,13,360,1.0,Urban,Y
LP004909,Male,Yes,0,Not Graduate,No,5100,0.0,21,360,1.0,Urban,Y
LP004910,Male,No,1,Graduate,Yes,8377,0.0,33,180,1.0,Semiurban,Y
LP004911,Male,Yes,0,Graduate,No,15184,2217.46,23,300,1.0,Urban,Y
LP004912,Male,Yes,0,Graduate,No,7292,2442.45,20,240,1.0,Semiurban,Y
LP004913,Male,No,1,Graduate,No,5327,0.0,9,360,1.0,Urban,Y
LP004914,Female,Yes,0,Not Graduate,No,9291,0.0,18,360,0.0,Urban,N
LP004915,Male,Yes,0,Graduate,No,4278,1996.11,,120,1.0,Rural,Y
LP004916,Female,Yes,0,Not Graduate,No,9690,0.0,11,360,,Semiurban,Y
LP004917,Female,Yes,2,Graduate,No,4080,646.55,,84,0.0,Semiurban,Y
LP004918,Male,Yes,0,Not Graduate,Yes,8590,1952.61,41,360,1.0,Urban,Y
LP004919,Female,Yes,2,Graduate,No,5693,0.0,24,360,1.0,Semiurban,Y
LP004920,Male,No,0,Not Graduate,Yes,6758,0.0,24,84,,Semiurban,Y
LP004921,Male,Yes,0,Graduate,Yes,19952,0.0,73,84,1.0,Urban,Y
LP004922,Male,Yes,2,Not Graduate,,4273,0.0,16,360,0.0,Rural,N
LP004923,Male,Yes,0,Not Graduate,No,3996,0.0,13,360,0.0,Semiurban,Y
LP004924,Female,Yes,,Graduate,Yes,7150,1805.82,14,300,1.0,Rural,Y
LP004925,Male,Yes,0,Graduate,No,15073,0.0,24,360,1.0,Rural,Y
LP004926,Male,No,1,Graduate,No,7772,0.0,,84,1.0,Semiurban,Y
LP004927,Male,No,0,Graduate,Yes,7348,1453.69,30,360,1.0,Urban,Y
LP004928,Male,Yes,2,Graduate,No,8239,1634.54,10,360,1.0,Rural,Y
LP004929,Male,No,0,Graduate,Yes,4989,0.0,14,360,1.0,Semiurban,Y
LP004930,Male,Yes,0,Not Graduate,Yes,6772,0.0,27,360,,Rural,N
LP004931,Female,Yes,0,Not Graduate,No,4382,3411.79,11,360,1.0,Semiurban,N
LP004932,Male,No,0,Graduate,No,13166,0.0,27,360,1.0,Urban,Y
LP004933,Female,Yes,2,Graduate,Yes,9933,0.0,44,36,1.0,Rural,Y
LP004934,Male,Yes,0,Graduate,No,5021,2887.79,17,360,1.0,Rural,Y
LP004935,Male,No,3+,Graduate,No,6446,1630.4,9,300,1.0,Urban,Y
LP004936,Male,Yes,0,Not Graduate,No,8046,0.0,27,360,1.0,Semiurban,Y
LP004937,Male,Yes,0,Graduate,No,5527,0.0,24,480,1.0,Semiurban,Y
LP004938,Female,Yes,0,Graduate,No,4571,975.16,10,240,0.0,Semiurban,Y
LP004939,Male,No,2,Graduate,No,6024,0.0,10,360,1.0,Rural,Y
LP004940,Male,No,0,Graduate,No,8343,0.0,20,360,1.0,Urban,Y
LP004941,Female,No,0,Not Graduate,No,9157,0.0,26,360,1.0,Urban,Y
LP004942,Male,Yes,3+,Graduate,No,8449,0.0,,180,1.0,Urban,Y
LP004943,Male,No,1,Graduate,No,23834,2695.52,118,360,1.0,Rural,Y
LP004944,Female,Yes,0,Graduate,Yes,5274,1554.1,26,360,1.0,Urban,Y
LP004945,Male,Yes,2,Graduate,No,10463,0.0,21,360,1.0,Semiurban,Y
LP004946,Female,Yes,0,Graduate,Yes,4526,0.0,16,360,1.0,Rural,N
LP004947,Male,No,0,Graduate,Yes,15220,2551.1,57,360,1.0,Rural,Y
LP004948,Female,Yes,0,Graduate,No,13110,0.0,35,240,1.0,Urban,Y
LP004949,Male,Yes,2,Graduate,No,10331,3862.75,45,84,1.0,Urban,Y
LP004950,Male,Yes,0,Not Graduate,Yes,3034,0.0,9,360,1.0,Rural,Y
LP004951,Male,Yes,2,Not Graduate,No,8790,0.0,28,360,1.0,Semiurban,Y
LP004952,Female,No,1,Graduate,No,4506,1232.02,20,360,0.0,Urban,N
LP004953,Male,No,0,Graduate,No,8752,5443.77,14,360,1.0,Urban,Y
LP004954,Female,Yes,0,Not Graduate,No,2553,1428.79,12,180,1.0,Rural,Y
LP004955,Male,No,1,Graduate,No,8079,2727.52,16,240,0.0,Rural,N
LP004956,Male,Yes,0,Not Graduate,No,5275,0.0,11,360,1.0,Semiurban,Y
LP004957,Female,No,0,Graduate,No,4581,822.04,13,300,1.0,Semiurban,Y
LP004958,Male,Yes,0,Graduate,No,9813,0.0,43,180,1.0,Semiurban,Y
LP004959,,Yes,2,Graduate,No,7565,0.0,16,120,1.0,Urban,Y
LP004960,Male,Yes,0,Not Graduate,Yes,5646,3336.62,34,360,1.0,Rural,Y
LP004961,Male,Yes,0,Graduate,No,10448,3268.36,29,300,1.0,Urban,Y
LP004962,Male,Yes,0,Graduate,No,18203,1173.91,34,360,1.0,Urban,Y
LP004963,Male,Yes,0,Not Graduate,No,7098,0.0,17,360,1.0,Urban,Y
LP004964,Male,No,3+,Not Graduate,No,2463,0.0,9,180,1.0,Urban,Y
LP004965,Male,Yes,0,Graduate,No,4729,3235.65,30,360,1.0,Semiurban,Y
LP004966,Male,Yes,1,Graduate,No,7922,2000.31,27,360,1.0,Rural,Y
LP004967,Male,Yes,2,Graduate,Yes,11898,0.0,40,360,1.0,Semiurban,Y
LP004968,Male,Yes,0,Graduate,No,8128,0.0,30,360,1.0,Semiurban,Y
LP004969,Male,Yes,2,Graduate,No,9480,0.0,23,180,0.0,Urban,N
LP004970,Male,Yes,3+,Graduate,No,7544,6221.29,35,180,1.0,Semiurban,Y
LP004971,Male,No,2,Not Graduate,No,9553,3479.66,24,360,0.0,Semiurban,N
LP004972,Male,Yes,1,Not Graduate,No,8415,0.0,29,360,,Semiurban,N
LP004973,Male,No,0,Not Graduate,,3465,0.0,13,360,1.0,Urban,Y
LP004974,Female,Yes,2,Graduate,No,8429,2540.06,33,360,1.0,Rural,Y
LP004975,Male,Yes,0,Graduate,No,4747,2732.47,9,360,0.0,Urban,N
LP004976,Male,Yes,2,Graduate,No,9230,0.0,32,360,,Urban,Y
LP004977,Male,No,0,Graduate,No,6448,7204.58,45,360,1.0,Urban,Y
LP004978,Male,No,0,Graduate,Yes,7712,0.0,16,120,,Semiurban,Y
LP004979,Female,Yes,2,Graduate,No,7969,0.0,19,300,1.0,Urban,Y
LP004980,Female,Yes,1,Graduate,No,7819,0.0,21,360,1.0,Urban,Y
LP004981,Female,Yes,0,Graduate,No,13504,2097.61,58,300,1.0,Semiurban,Y
LP004982,Male,Yes,1,Graduate,No,7816,0.0,26,360,1.0,Semiurban,Y
LP004983,Male,No,3+,Graduate,No,7804,2767.76,29,360,1.0,Urban,Y
LP004984,Male,Yes,1,Graduate,No,13714,0.0,52,240,1.0,Semiurban,Y
LP004985,Male,Yes,2,Graduate,,18137,0.0,,360,1.0,Semiurban,Y
LP004986,Male,No,2,Graduate,,7162,0.0,9,360,0.0,Urban,N
LP004987,Male,No,2,Graduate,No,5914,1385.6,9,360,1.0,Urban,Y
LP004988,Male,No,0,Graduate,No,6023,0.0,16,120,1.0,Semiurban,Y
LP004989,Female,Yes,0,Graduate,Yes,8440,0.0,31,360,1.0,Rural,N
LP004990,Male,Yes,2,Graduate,,7150,3635.07,14,480,1.0,Rural,Y
LP004991,Male,Yes,3+,Graduate,No,4520,0.0,18,360,0.0,Semiurban,N
LP004992,Female,Yes,0,Graduate,No,11641,0.0,17,360,1.0,Rural,Y
LP004993,Male,Yes,0,Graduate,No,10816,0.0,37,60,1.0,Semiurban,Y
LP004994,Male,Yes,0,Graduate,,12578,1358.25,53,300,,Semiurban,N
LP004995,Male,Yes,2,Not Graduate,No,12309,0.0,14,360,1.0,Rural,Y
LP004996,Male,Yes,2,Not Graduate,Yes,6810,4142.67,43,360,0.0,Rural,N
LP004997,Male,Yes,1,Graduate,No,8546,0.0,33,360,0.0,Semiurban,N
LP004998,Male,Yes,0,Not Graduate,No,10291,0.0,15,360,1.0,Semiurban,Y
LP004999,Male,Yes,0,Graduate,No,5170,3680.44,15,240,1.0,Rural,Y
LP005000,Male,Yes,2,Graduate,No,6777,0.0,27,300,1.0,Urban,Y
